Administrative,Administrative_Duration,Informational,Informational_Duration,ProductRelated,ProductRelated_Duration,BounceRates,ExitRates,PageValues,SpecialDay,Month,OperatingSystems,Browser,Region,TrafficType,VisitorType,Weekend,Actual_Revenue,Purchase_Probability,Intent_Segment
8,172.2,0,0.0,28,682.2,0.001212121,0.007272727,13.11145455,0.0,May,2,2,5,13,Returning_Visitor,0,0,0.5756097560975609,Medium Intent
0,0.0,0,0.0,14,272.1666667,0.0,0.025,0.0,0.0,Dec,3,2,3,2,Returning_Visitor,0,0,0.016100178890876567,Low Intent
0,0.0,0,0.0,2,20.0,0.0,0.05,0.0,0.0,May,4,5,1,13,Returning_Visitor,0,0,0.0012126111560226355,Low Intent
0,0.0,0,0.0,3,181.5,0.0,0.033333333,0.0,0.0,Dec,4,1,1,6,Returning_Visitor,1,0,0.016100178890876567,Low Intent
4,120.0,0,0.0,13,293.0,0.0,0.014285714,0.0,0.0,Mar,1,2,1,10,Returning_Visitor,0,0,0.02480477721635278,Low Intent
0,0.0,0,0.0,118,3211.344872,0.006779661,0.016468927,3.05990612,0.0,Nov,2,2,9,2,Returning_Visitor,1,1,0.7857142857142857,High Intent
6,99.5,0,0.0,11,143.0,0.0,0.014285714,0.0,0.0,May,2,10,8,2,Returning_Visitor,0,0,0.02480477721635278,Low Intent
9,474.0,0,0.0,19,805.65,0.001242236,0.019397993,0.0,0.0,Nov,1,1,1,2,Returning_Visitor,0,0,0.05405405405405406,Low Intent
10,214.6214286,1,114.0,36,673.6380952,0.019379845,0.032443035,0.0,0.0,Nov,1,1,1,2,Returning_Visitor,0,0,0.05405405405405406,Low Intent
2,10.66666667,0,0.0,34,541.5,0.017142857,0.03352381,0.0,0.0,May,3,2,4,13,Returning_Visitor,0,0,0.02480477721635278,Low Intent
0,0.0,0,0.0,39,902.6527778,0.0,0.008852259,0.0,0.0,Nov,2,2,1,2,New_Visitor,0,0,0.11790393013100436,Low Intent
1,51.4,0,0.0,41,883.1395238,0.017948718,0.033333333,48.7880688,0.0,Jul,2,2,3,3,Returning_Visitor,0,1,0.5756097560975609,Medium Intent
1,108.8,0,0.0,15,387.4,0.0,0.004166667,0.0,0.0,June,2,2,1,2,New_Visitor,0,0,0.02480477721635278,Low Intent
5,269.8,0,0.0,8,312.3333333,0.0,0.01,0.0,0.0,Nov,1,1,9,4,Returning_Visitor,0,0,0.05405405405405406,Low Intent
7,107.75,1,1021.6,33,1454.75,0.004761905,0.00968254,40.18975207,0.0,Oct,3,2,1,4,Returning_Visitor,1,0,0.21727748691099477,Low Intent
3,79.4,0,0.0,11,394.0,0.0,0.005555556,0.0,0.0,Aug,3,2,3,1,Returning_Visitor,1,0,0.02480477721635278,Low Intent
0,0.0,0,0.0,13,323.9166667,0.0,0.008333333,35.8370931,0.0,Mar,1,1,4,10,Returning_Visitor,0,1,0.964,High Intent
0,0.0,0,0.0,5,41.66666667,0.0,0.04,0.0,0.0,Dec,2,2,4,2,New_Visitor,0,0,0.016100178890876567,Low Intent
0,0.0,0,0.0,7,59.0,0.0,0.028571429,0.0,0.0,May,2,2,2,3,Returning_Visitor,0,0,0.0012126111560226355,Low Intent
1,30.5,0,0.0,324,14213.63652,0.002063983,0.010072239,4.485584737,0.0,Nov,2,2,9,1,Returning_Visitor,1,1,0.7857142857142857,High Intent
4,82.25,6,144.0,82,3174.642793,0.004494382,0.012081072,0.0,0.0,Nov,1,1,1,2,Returning_Visitor,1,0,0.2736318407960199,Low Intent
0,0.0,0,0.0,10,194.0,0.02,0.04,0.0,0.0,Mar,2,5,7,1,Returning_Visitor,0,0,0.0012126111560226355,Low Intent
0,0.0,0,0.0,7,169.9866667,0.0125,0.033333333,21.27271783,0.0,Jul,2,2,7,2,New_Visitor,0,1,0.5756097560975609,Medium Intent
0,0.0,0,0.0,3,25.5,0.066666667,0.133333333,0.0,0.0,Nov,1,1,3,2,Returning_Visitor,1,0,0.05405405405405406,Low Intent
0,0.0,0,0.0,12,410.25,0.0,0.016666667,0.0,0.0,Nov,2,2,3,2,Returning_Visitor,0,0,0.05405405405405406,Low Intent
0,0.0,0,0.0,16,641.5,0.0,0.0375,0.0,0.0,May,4,1,7,1,Returning_Visitor,0,0,0.0012126111560226355,Low Intent
8,103.7333333,0,0.0,17,328.3,0.0,0.010526316,0.0,0.0,June,3,2,8,2,New_Visitor,1,0,0.02480477721635278,Low Intent
0,0.0,0,0.0,11,399.6666667,0.054545455,0.072727273,0.0,0.8,May,2,2,1,2,Returning_Visitor,0,0,0.0012126111560226355,Low Intent
0,0.0,0,0.0,7,459.6666667,0.028571429,0.057142857,0.0,0.0,Nov,2,2,1,3,Returning_Visitor,0,0,0.05405405405405406,Low Intent
1,5.0,0,0.0,6,119.6,0.0,0.014285714,0.0,0.0,Jul,2,2,1,2,New_Visitor,0,1,0.128,Low Intent
5,150.0,0,0.0,135,4966.520661,0.003649635,0.011277952,0.0,0.0,Nov,1,1,2,10,Returning_Visitor,1,0,0.2736318407960199,Low Intent
3,227.0,0,0.0,2,62.0,0.0,0.025,0.0,0.0,Mar,3,2,1,10,Returning_Visitor,1,0,0.02480477721635278,Low Intent
0,0.0,0,0.0,20,565.6666667,0.015,0.026666667,0.0,0.0,Nov,2,4,6,1,Returning_Visitor,0,0,0.05405405405405406,Low Intent
8,160.5,2,1467.0,26,721.0,0.0,0.031029186,0.0,0.0,Mar,2,2,1,1,Returning_Visitor,0,0,0.02480477721635278,Low Intent
0,0.0,0,0.0,11,115.25,0.027272727,0.045454545,0.0,0.0,Nov,3,2,9,10,New_Visitor,1,0,0.11790393013100436,Low Intent
1,26.0,2,33.0,6,64.0,0.0,0.022222222,0.0,0.2,May,1,1,3,4,Returning_Visitor,0,0,0.02480477721635278,Low Intent
0,0.0,0,0.0,4,100.25,0.0,0.066666667,0.0,0.0,Dec,3,2,3,20,Returning_Visitor,1,0,0.016100178890876567,Low Intent
0,0.0,0,0.0,2,233.5,0.0,0.033333333,0.0,0.0,May,1,1,1,1,Returning_Visitor,0,0,0.0012126111560226355,Low Intent
1,6.0,0,0.0,14,1626.0,0.051282051,0.092307692,0.0,0.0,Nov,1,1,1,1,Returning_Visitor,0,0,0.05405405405405406,Low Intent
0,0.0,0,0.0,2,299.5,0.0,0.05,0.0,0.0,Nov,2,2,3,2,New_Visitor,0,0,0.11790393013100436,Low Intent
1,27.5,1,376.0,109,2925.677607,0.005504587,0.0156734,0.0,0.0,Nov,1,2,3,10,Returning_Visitor,0,0,0.2736318407960199,Low Intent
4,85.6,0,0.0,1,5.0,0.0,0.033333333,0.0,0.0,Sep,2,4,1,5,New_Visitor,0,1,0.47058823529411764,Medium Intent
0,0.0,0,0.0,14,390.9,0.013333333,0.066666667,0.0,0.0,Aug,2,2,6,3,Returning_Visitor,0,0,0.0012126111560226355,Low Intent
4,15.0,1,0.0,38,1155.0,0.004545455,0.020454545,5.903181818,0.0,May,2,2,5,2,Returning_Visitor,0,1,0.3225806451612903,Medium Intent
6,169.5666667,0,0.0,21,1853.535714,0.0,0.021727273,0.0,0.0,May,3,2,4,4,Returning_Visitor,1,0,0.02480477721635278,Low Intent
3,35.4,0,0.0,38,937.8075758,0.01025641,0.039316239,0.0,0.0,Jul,3,2,1,1,Returning_Visitor,0,0,0.128,Low Intent
2,70.66666667,1,101.0,56,1086.074242,0.010526316,0.022368421,14.84053801,0.0,May,2,2,3,2,Returning_Visitor,0,0,0.5756097560975609,Medium Intent
0,0.0,0,0.0,20,526.5,0.02,0.035,0.0,0.0,Nov,3,2,2,13,Returning_Visitor,0,0,0.05405405405405406,Low Intent
3,30.5,0,0.0,20,1839.833333,0.0,0.007539683,0.0,0.0,May,2,2,7,3,Returning_Visitor,0,0,0.02480477721635278,Low Intent
4,14.0,0,0.0,28,341.35,0.007142857,0.028571429,0.0,0.0,May,4,1,2,4,Returning_Visitor,0,0,0.02480477721635278,Low Intent
2,93.0,3,808.5,33,1310.472222,0.018518519,0.044312169,0.0,0.4,May,2,2,6,4,Returning_Visitor,0,0,0.02480477721635278,Low Intent
3,47.0,0,0.0,89,3436.975,0.0,0.004387373,0.0,0.0,Nov,2,2,3,2,New_Visitor,0,1,0.2736318407960199,Low Intent
0,0.0,0,0.0,28,683.3,0.028571429,0.089285714,0.0,0.0,June,2,2,3,1,Returning_Visitor,0,0,0.0012126111560226355,Low Intent
5,66.6,0,0.0,13,523.6,0.0,0.013333333,0.0,0.0,Oct,2,2,6,3,Returning_Visitor,0,0,0.02480477721635278,Low Intent
0,0.0,0,0.0,1,0.0,0.2,0.2,0.0,0.0,May,6,7,3,15,Returning_Visitor,0,0,0.0012126111560226355,Low Intent
12,184.4173601,1,13.0,159,6137.14491,0.011276738,0.031489963,18.23386055,0.0,June,2,4,3,2,Returning_Visitor,0,0,0.21727748691099477,Low Intent
3,89.0,0,0.0,26,655.5357143,0.0,0.0375,0.0,0.0,Nov,2,2,4,1,Returning_Visitor,0,0,0.05405405405405406,Low Intent
2,74.0,0,0.0,30,1708.083333,0.006666667,0.013333333,16.1892,0.0,May,2,2,7,1,Returning_Visitor,1,1,0.21727748691099477,Low Intent
1,28.2,0,0.0,2,0.0,0.066666667,0.133333333,0.0,0.0,June,1,8,2,3,New_Visitor,1,0,0.02480477721635278,Low Intent
5,129.5,0,0.0,33,982.0,0.0,0.005882353,0.0,0.0,May,2,5,2,4,Returning_Visitor,1,0,0.02480477721635278,Low Intent
1,7.0,1,97.0,53,2247.608298,0.004848485,0.016751935,32.68969091,0.0,May,1,1,3,4,Returning_Visitor,0,0,0.21727748691099477,Low Intent
0,0.0,0,0.0,1,0.0,0.2,0.2,0.0,0.8,May,2,2,1,1,Returning_Visitor,0,0,0.0012126111560226355,Low Intent
1,0.0,0,0.0,0,0.0,0.2,0.2,0.0,0.0,Feb,1,2,1,5,Returning_Visitor,1,0,0.0012126111560226355,Low Intent
0,0.0,0,0.0,12,592.5,0.0,0.022222222,0.0,0.0,Dec,2,2,1,2,Returning_Visitor,0,0,0.016100178890876567,Low Intent
0,0.0,0,0.0,1,0.0,0.2,0.2,0.0,0.0,Dec,1,1,1,3,Returning_Visitor,0,0,0.016100178890876567,Low Intent
0,0.0,0,0.0,19,421.6,0.068421053,0.077192982,6.624947368,0.6,May,3,2,2,13,Returning_Visitor,0,1,0.3225806451612903,Medium Intent
0,0.0,0,0.0,1,0.0,0.2,0.2,0.0,0.0,May,3,2,8,4,Returning_Visitor,0,0,0.0012126111560226355,Low Intent
7,251.75,0,0.0,5,50.0,0.0,0.05,0.0,0.0,Dec,1,1,3,2,Returning_Visitor,0,0,0.02480477721635278,Low Intent
3,284.2,0,0.0,22,2366.6,0.036,0.064,0.0,0.0,Oct,1,1,8,1,Returning_Visitor,1,0,0.02480477721635278,Low Intent
5,134.5,0,0.0,11,237.6666667,0.0,0.018181818,0.0,0.0,Dec,3,2,2,2,Returning_Visitor,0,0,0.02480477721635278,Low Intent
0,0.0,0,0.0,1,0.0,0.2,0.2,0.0,0.0,Nov,3,2,3,3,Returning_Visitor,0,0,0.05405405405405406,Low Intent
7,51.70833333,2,280.5,149,7569.182143,8.01e-05,0.016297591,11.37726052,0.0,Nov,2,2,2,2,Returning_Visitor,0,1,0.5428571428571428,Medium Intent
0,0.0,0,0.0,15,907.5,0.006666667,0.031111111,0.0,0.6,May,2,2,7,2,Returning_Visitor,0,0,0.0012126111560226355,Low Intent
0,0.0,0,0.0,16,865.5833333,0.0,0.002083333,93.77761706,0.0,Dec,1,1,1,2,New_Visitor,1,1,0.964,High Intent
1,21.0,0,0.0,11,385.0,0.0,0.02,0.0,0.6,May,2,2,3,2,Returning_Visitor,0,0,0.02480477721635278,Low Intent
1,10.0,0,0.0,16,120.0,0.053333333,0.08,0.0,0.0,May,2,2,6,4,Returning_Visitor,0,0,0.02480477721635278,Low Intent
0,0.0,0,0.0,2,0.0,0.2,0.2,0.0,0.0,May,2,2,1,4,Returning_Visitor,0,0,0.0012126111560226355,Low Intent
3,78.0,0,0.0,27,672.5833333,0.0125,0.039583333,8.07853125,0.0,May,2,2,4,4,Returning_Visitor,0,1,0.3225806451612903,Medium Intent
16,381.6731217,3,199.4,86,1618.40328,0.015067698,0.022043153,3.885233567,0.0,Jul,3,2,8,4,Returning_Visitor,0,1,0.21727748691099477,Low Intent
0,0.0,0,0.0,27,187.0,0.0,0.022222222,0.0,0.0,May,4,2,7,4,Returning_Visitor,0,0,0.0012126111560226355,Low Intent
5,200.0,1,0.0,33,1606.831818,0.0,0.026619133,0.0,0.0,May,3,2,5,2,Returning_Visitor,0,0,0.02480477721635278,Low Intent
4,138.3333333,0,0.0,3,277.5,0.0,0.011111111,0.0,0.0,May,3,3,3,2,New_Visitor,0,0,0.02480477721635278,Low Intent
7,288.5208333,0,0.0,12,402.3958333,0.0,0.002857143,0.0,0.0,Dec,1,1,8,2,New_Visitor,1,0,0.02480477721635278,Low Intent
5,825.0,0,0.0,33,808.1666667,0.0,0.005405405,20.85956757,0.0,Mar,2,4,9,10,New_Visitor,0,1,0.7888446215139442,High Intent
0,0.0,0,0.0,6,111.75,0.0,0.066666667,0.0,0.0,Dec,2,2,1,2,Returning_Visitor,0,0,0.016100178890876567,Low Intent
9,128.5714286,1,10.66666667,75,2755.336111,0.0028125,0.012821256,8.569134167,0.0,May,4,2,6,13,Returning_Visitor,1,0,0.21727748691099477,Low Intent
1,4.0,0,0.0,18,143.85,0.0,0.034117647,0.0,0.0,May,2,2,3,3,Returning_Visitor,0,0,0.02480477721635278,Low Intent
5,266.0,0,0.0,29,730.35,0.006060606,0.026262626,32.91300914,0.0,Nov,4,1,8,1,Returning_Visitor,0,1,0.39849624060150374,Medium Intent
4,143.0666667,1,6.5,74,1294.405,0.002666667,0.010666667,0.0,0.0,Aug,2,2,3,1,Returning_Visitor,1,0,0.02480477721635278,Low Intent
4,202.0,0,0.0,28,714.9666667,0.014666667,0.016973138,0.0,0.0,May,1,1,1,4,Returning_Visitor,1,0,0.02480477721635278,Low Intent
1,63.5,0,0.0,10,552.3333333,0.0,0.016363636,0.0,0.0,Dec,1,1,4,10,Returning_Visitor,0,0,0.02480477721635278,Low Intent
4,38.30555556,0,0.0,52,1630.972222,0.012,0.026,0.0,1.0,May,6,5,3,2,Returning_Visitor,1,0,0.02480477721635278,Low Intent
3,76.75,1,0.0,36,1100.916667,0.007692308,0.015262515,18.99269231,0.0,May,2,2,1,2,Returning_Visitor,0,0,0.5756097560975609,Medium Intent
2,227.6,0,0.0,115,5284.816825,0.0,0.002849003,0.0,0.0,Oct,2,2,4,4,Returning_Visitor,0,0,0.02480477721635278,Low Intent
1,78.0,1,14.0,37,935.5571429,0.0,0.027027027,67.73686486,0.0,May,2,2,1,3,Returning_Visitor,0,0,0.964,High Intent
0,0.0,0,0.0,3,578.0,0.0,0.066666667,0.0,0.0,Nov,1,1,1,1,Returning_Visitor,0,0,0.05405405405405406,Low Intent
0,0.0,0,0.0,6,185.5,0.016666667,0.05,0.0,0.0,Dec,2,2,3,8,New_Visitor,0,0,0.016100178890876567,Low Intent
0,0.0,0,0.0,1,0.0,0.2,0.2,0.0,0.0,May,1,1,9,4,Returning_Visitor,1,0,0.0012126111560226355,Low Intent
9,255.4166667,2,94.16666667,22,612.8194444,0.015018315,0.025760906,22.31126324,0.0,Nov,3,2,4,2,Returning_Visitor,1,1,0.39849624060150374,Medium Intent
3,49.5,0,0.0,22,458.25,0.02,0.056666667,0.0,0.0,Nov,1,1,1,3,Returning_Visitor,0,0,0.05405405405405406,Low Intent
0,0.0,0,0.0,2,0.0,0.2,0.2,0.0,0.0,Mar,3,2,1,10,Returning_Visitor,0,0,0.0012126111560226355,Low Intent
0,0.0,0,0.0,6,82.5,0.0,0.033333333,0.0,0.0,Dec,2,2,1,2,Returning_Visitor,0,0,0.016100178890876567,Low Intent
4,50.33333333,0,0.0,3,28.33333333,0.0,0.016666667,0.0,0.0,Dec,2,2,9,10,Returning_Visitor,0,0,0.02480477721635278,Low Intent
2,70.6,0,0.0,30,515.2333333,0.0,0.02,0.0,0.0,Aug,1,1,3,1,Returning_Visitor,0,0,0.02480477721635278,Low Intent
8,246.5333333,0,0.0,79,2150.433333,0.007228916,0.020883534,17.35448787,0.0,Nov,1,1,1,3,Returning_Visitor,0,0,0.39849624060150374,Medium Intent
3,105.0,0,0.0,34,603.7071429,0.0,0.003714286,14.75710476,0.0,May,1,1,1,3,Returning_Visitor,0,1,0.5813953488372093,Medium Intent
3,69.16666667,0,0.0,35,869.0611111,0.0,0.00617284,0.0,0.8,May,2,2,1,2,Returning_Visitor,0,0,0.02480477721635278,Low Intent
0,0.0,0,0.0,25,629.5,0.0,0.01447619,0.0,0.0,May,2,2,1,13,Returning_Visitor,0,0,0.0012126111560226355,Low Intent
1,58.0,0,0.0,33,647.625,0.0,0.00625,0.0,0.0,Dec,3,2,3,2,New_Visitor,0,0,0.02480477721635278,Low Intent
1,8.0,0,0.0,11,701.0,0.0,0.016666667,0.0,0.0,Aug,2,2,1,2,Returning_Visitor,0,0,0.02480477721635278,Low Intent
3,60.0,0,0.0,29,1846.63547,0.006896552,0.040147783,0.0,0.0,May,3,2,8,6,Returning_Visitor,0,0,0.02480477721635278,Low Intent
0,0.0,0,0.0,53,2052.125,0.0,0.003921569,52.49862029,0.0,Nov,2,4,2,2,New_Visitor,1,1,0.964,High Intent
0,0.0,0,0.0,8,731.0,0.0,0.04375,0.0,0.0,Mar,2,4,1,3,Returning_Visitor,0,0,0.0012126111560226355,Low Intent
1,12.6,0,0.0,6,140.7,0.0,0.00952381,15.89480154,0.0,Jul,2,10,3,2,Returning_Visitor,1,1,0.7916666666666666,High Intent
2,67.5,0,0.0,11,294.0,0.0,0.009090909,0.0,0.0,Dec,1,1,3,8,Returning_Visitor,1,0,0.02480477721635278,Low Intent
2,9.166666667,2,24.0,80,5426.022078,0.01287478,0.033915963,0.0,0.0,May,2,2,6,13,Returning_Visitor,0,0,0.02480477721635278,Low Intent
4,98.5,0,0.0,9,281.75,0.0,0.030909091,0.0,0.0,Dec,1,1,3,2,Returning_Visitor,0,0,0.02480477721635278,Low Intent
2,75.05,0,0.0,106,4143.175238,0.019711538,0.03900641,4.484328486,0.0,Aug,3,2,1,1,Returning_Visitor,0,0,0.21727748691099477,Low Intent
1,45.0,0,0.0,13,1610.916667,0.0,0.007142857,0.0,0.0,Mar,1,1,1,3,New_Visitor,1,0,0.02480477721635278,Low Intent
0,0.0,0,0.0,10,316.5,0.0,0.025,17.538,0.0,Mar,2,4,1,8,New_Visitor,1,1,0.7916666666666666,High Intent
0,0.0,0,0.0,5,0.0,0.2,0.2,0.0,0.4,May,3,2,4,13,Returning_Visitor,0,0,0.0012126111560226355,Low Intent
1,43.0,0,0.0,38,1348.7,0.0,0.028376068,2.561538462,0.0,May,2,6,1,1,Returning_Visitor,0,0,0.5813953488372093,Medium Intent
2,34.5,0,0.0,17,491.8333333,0.0,0.014705882,0.0,0.0,Dec,1,1,3,2,New_Visitor,0,0,0.02480477721635278,Low Intent
2,26.2,0,0.0,4,487.6,0.0,0.025,0.0,0.0,Sep,2,2,1,4,Returning_Visitor,0,0,0.09202453987730061,Low Intent
0,0.0,0,0.0,8,133.0,0.0,0.025,0.0,0.0,May,1,1,1,3,Returning_Visitor,1,0,0.0012126111560226355,Low Intent
0,0.0,0,0.0,23,1375.916667,0.039130435,0.093478261,0.0,0.0,Nov,3,2,8,13,Returning_Visitor,0,0,0.05405405405405406,Low Intent
2,23.0,0,0.0,18,657.25,0.0,0.0125,0.0,0.0,Dec,2,2,9,2,New_Visitor,0,0,0.02480477721635278,Low Intent
8,72.25,1,21.5,51,1124.693074,0.022807018,0.036550087,0.0,0.0,Mar,2,2,2,2,Returning_Visitor,0,0,0.02480477721635278,Low Intent
0,0.0,0,0.0,4,2.333333333,0.15,0.1625,0.0,0.0,May,2,2,4,13,Returning_Visitor,0,0,0.0012126111560226355,Low Intent
2,51.0,3,68.75,227,12460.67006,0.007569141,0.014819782,0.0,0.0,Nov,2,2,1,2,Returning_Visitor,0,0,0.2736318407960199,Low Intent
0,0.0,0,0.0,9,218.0,0.0,0.033333333,0.0,0.0,Mar,2,2,6,3,Returning_Visitor,1,0,0.0012126111560226355,Low Intent
4,47.0,0,0.0,6,173.0,0.0125,0.0375,0.0,0.0,May,1,2,2,2,Returning_Visitor,0,0,0.02480477721635278,Low Intent
0,0.0,0,0.0,2,0.0,0.2,0.2,0.0,0.0,Mar,3,2,3,1,Returning_Visitor,0,0,0.0012126111560226355,Low Intent
0,0.0,0,0.0,1,8.0,0.0,0.0,0.0,0.0,Sep,2,2,2,1,Returning_Visitor,0,0,0.0012126111560226355,Low Intent
0,0.0,2,31.0,3,47.0,0.04,0.08,0.0,0.0,Mar,1,1,6,1,Returning_Visitor,1,0,0.0012126111560226355,Low Intent
0,0.0,0,0.0,6,330.0,0.066666667,0.1,0.0,0.0,Mar,3,2,8,10,Returning_Visitor,0,0,0.0012126111560226355,Low Intent
2,115.2,0,0.0,7,211.1,0.0,0.0,0.0,0.0,Jul,2,2,2,2,New_Visitor,1,0,0.128,Low Intent
0,0.0,0,0.0,4,49.5,0.0,0.016666667,0.0,0.0,Mar,2,2,9,2,Returning_Visitor,0,0,0.0012126111560226355,Low Intent
5,59.0,0,0.0,152,7114.798341,0.002597403,0.010709751,0.0,0.0,Nov,2,2,1,1,Returning_Visitor,0,0,0.2736318407960199,Low Intent
9,433.8,2,6.0,28,728.7,0.0,0.009803922,0.0,0.0,Oct,2,10,1,3,Returning_Visitor,0,0,0.02480477721635278,Low Intent
0,0.0,0,0.0,5,125.0,0.086666667,0.166666667,0.0,0.0,Feb,2,2,1,3,Returning_Visitor,0,0,0.0012126111560226355,Low Intent
9,247.05,4,72.0,10,159.3,0.0125,0.058333333,0.0,0.0,Nov,1,1,1,10,Returning_Visitor,0,0,0.16853932584269662,Low Intent
0,0.0,0,0.0,6,268.4,0.0,0.04,0.0,0.0,Jul,2,4,9,6,Returning_Visitor,0,0,0.0012126111560226355,Low Intent
4,97.0,0,0.0,22,739.5833333,0.009090909,0.006060606,0.0,0.0,May,1,1,6,4,New_Visitor,1,0,0.02480477721635278,Low Intent
0,0.0,1,24.5,46,1031.133333,0.004680851,0.034267293,0.0,0.0,Nov,2,2,3,2,Returning_Visitor,1,0,0.05405405405405406,Low Intent
6,253.75,3,33.0,19,569.5138889,0.023076923,0.03034188,0.0,0.2,May,3,2,2,3,Returning_Visitor,0,0,0.02480477721635278,Low Intent
0,0.0,0,0.0,6,313.0,0.0,0.05,0.0,0.0,May,2,4,3,1,Returning_Visitor,0,0,0.0012126111560226355,Low Intent
0,0.0,0,0.0,2,11.0,0.0,0.1,0.0,0.0,Jul,2,2,1,1,Returning_Visitor,1,0,0.0012126111560226355,Low Intent
5,44.0,0,0.0,131,3865.838889,0.006458094,0.023900203,0.818306551,0.0,Nov,2,2,3,2,Returning_Visitor,1,1,0.2736318407960199,Low Intent
0,0.0,0,0.0,1,13.0,0.0,0.05,0.0,0.0,May,3,2,1,3,New_Visitor,0,0,0.0012126111560226355,Low Intent
3,206.6666667,0,0.0,15,936.1666667,0.01875,0.09375,0.0,0.0,Mar,2,4,3,1,Returning_Visitor,0,0,0.02480477721635278,Low Intent
0,0.0,0,0.0,77,4346.541667,0.003070175,0.023099415,0.0,0.0,Mar,4,1,1,2,Returning_Visitor,0,0,0.0012126111560226355,Low Intent
0,0.0,0,0.0,46,1014.375,0.008695652,0.026449275,0.0,0.0,Dec,2,2,3,2,Returning_Visitor,1,0,0.016100178890876567,Low Intent
2,137.0,0,0.0,6,185.4,0.0,0.028571429,44.89345937,0.0,Oct,2,2,7,4,Returning_Visitor,0,1,0.7888446215139442,High Intent
3,36.2,0,0.0,16,166.7062706,0.0,0.014705882,0.0,0.0,Aug,2,2,6,5,New_Visitor,0,0,0.02480477721635278,Low Intent
6,615.25,0,0.0,68,2524.719048,0.0,0.000175593,0.0,0.0,Mar,1,2,6,1,Returning_Visitor,0,0,0.02480477721635278,Low Intent
2,47.0,1,0.0,20,738.9107143,0.017391304,0.023671498,0.0,0.0,Nov,3,2,1,2,Returning_Visitor,0,0,0.05405405405405406,Low Intent
1,10.0,1,0.0,69,2124.726768,0.002898551,0.009090177,0.0,0.0,Mar,2,2,2,1,Returning_Visitor,0,0,0.02480477721635278,Low Intent
0,0.0,0,0.0,8,32.2,0.125,0.15,0.0,0.0,June,1,1,1,3,Returning_Visitor,0,0,0.0012126111560226355,Low Intent
8,839.0,0,0.0,72,1248.242262,0.0,0.002597403,13.36332468,0.0,May,3,2,6,3,Returning_Visitor,1,0,0.2839506172839506,Low Intent
0,0.0,0,0.0,69,1002.104167,0.0,0.013140097,0.0,0.0,Nov,2,2,4,2,Returning_Visitor,0,0,0.05405405405405406,Low Intent
0,0.0,0,0.0,17,639.7566667,0.0,0.011764706,63.45892077,0.0,Oct,2,2,3,4,New_Visitor,0,1,0.964,High Intent
1,0.0,0,0.0,9,219.0,0.03030303,0.066666667,22.89636364,0.0,May,2,2,1,1,Returning_Visitor,0,1,0.5756097560975609,Medium Intent
0,0.0,0,0.0,10,444.5,0.0,0.02,13.9394091,0.0,Nov,2,2,1,1,Returning_Visitor,0,1,0.5813953488372093,Medium Intent
6,49.18333333,0,0.0,44,1065.501515,0.006333333,0.036774359,53.22268667,0.4,May,2,2,2,2,Returning_Visitor,0,0,0.5756097560975609,Medium Intent
3,18.0,0,0.0,14,411.5,0.0,0.023529412,0.0,0.0,Mar,2,2,8,2,Returning_Visitor,0,0,0.02480477721635278,Low Intent
15,584.2,0,0.0,73,2693.963452,0.0,0.001298701,0.0,0.0,Nov,3,2,4,13,Returning_Visitor,0,0,0.16939890710382513,Low Intent
0,0.0,0,0.0,3,29.0,0.0,0.066666667,0.0,0.0,May,2,2,1,4,Returning_Visitor,1,0,0.0012126111560226355,Low Intent
0,0.0,0,0.0,23,1215.666667,0.0,0.004761905,0.0,0.0,Dec,2,2,5,2,New_Visitor,0,0,0.016100178890876567,Low Intent
0,0.0,0,0.0,1,0.0,0.2,0.2,0.0,0.0,Feb,2,2,2,3,Returning_Visitor,0,0,0.0012126111560226355,Low Intent
0,0.0,0,0.0,2,19.0,0.0,0.1,0.0,1.0,May,1,2,3,2,Returning_Visitor,1,0,0.0012126111560226355,Low Intent
7,397.8333333,0,0.0,28,1249.628205,0.0,0.015053763,0.0,0.0,May,3,2,7,6,Returning_Visitor,0,0,0.02480477721635278,Low Intent
3,223.3333333,2,19.75,37,1118.987027,0.003252033,0.018958927,0.0,0.0,Nov,2,2,1,2,Returning_Visitor,1,0,0.16853932584269662,Low Intent
0,0.0,0,0.0,25,952.6777778,0.0,0.023541667,23.57537117,0.0,Nov,2,2,3,11,Returning_Visitor,0,1,0.964,High Intent
1,19.0,0,0.0,29,605.6722222,0.003448276,0.025517241,0.0,0.8,May,3,2,3,6,Returning_Visitor,0,0,0.02480477721635278,Low Intent
9,146.0,0,0.0,49,1592.133333,0.003636364,0.02,3.490036364,0.0,May,2,2,3,4,Returning_Visitor,1,0,0.21727748691099477,Low Intent
0,0.0,0,0.0,7,43.0,0.085714286,0.121428571,0.0,0.0,Dec,3,2,1,1,Returning_Visitor,0,0,0.016100178890876567,Low Intent
1,113.0,0,0.0,13,935.0,0.0,0.027272727,0.0,0.6,May,1,1,1,2,New_Visitor,0,0,0.02480477721635278,Low Intent
7,98.0,3,61.0,83,2355.682738,0.002873563,0.022487296,0.0,0.0,Dec,1,1,1,2,Returning_Visitor,0,0,0.02480477721635278,Low Intent
0,0.0,0,0.0,21,1129.0,0.00952381,0.038095238,0.0,0.0,Mar,2,5,5,1,Returning_Visitor,0,0,0.0012126111560226355,Low Intent
4,93.5,0,0.0,293,12268.24477,0.002837838,0.01542982,2.164809711,0.0,Nov,2,2,1,2,Returning_Visitor,0,1,0.7857142857142857,High Intent
0,0.0,0,0.0,3,0.0,0.2,0.2,0.0,0.0,Nov,2,2,5,1,Returning_Visitor,0,0,0.05405405405405406,Low Intent
1,16.0,3,585.625,40,765.0416667,0.010731707,0.023436807,0.0,0.0,Dec,3,2,4,2,Returning_Visitor,0,0,0.02480477721635278,Low Intent
7,134.0,2,196.0,11,438.5833333,0.0125,0.032291667,0.0,0.0,May,2,5,1,2,Returning_Visitor,0,0,0.02480477721635278,Low Intent
0,0.0,0,0.0,4,123.0,0.0,0.066666667,0.0,0.0,May,3,2,4,3,Returning_Visitor,0,0,0.0012126111560226355,Low Intent
3,120.6666667,0,0.0,8,261.6,0.0,0.01,0.0,0.0,May,2,7,1,2,New_Visitor,0,0,0.02480477721635278,Low Intent
0,0.0,0,0.0,20,1066.166667,0.005,0.006428571,0.0,0.8,May,2,4,4,2,Returning_Visitor,0,0,0.0012126111560226355,Low Intent
0,0.0,0,0.0,22,266.1666667,0.009090909,0.018181818,0.0,0.0,Nov,2,4,1,2,Returning_Visitor,0,0,0.05405405405405406,Low Intent
0,0.0,0,0.0,50,2617.233333,0.0,0.001360544,53.22881633,0.0,May,4,1,3,2,New_Visitor,1,1,0.964,High Intent
0,0.0,0,0.0,2,12.0,0.0,0.1,0.0,0.0,Aug,1,1,1,4,Returning_Visitor,1,0,0.0012126111560226355,Low Intent
0,0.0,1,12.0,22,1668.95,0.0,0.00952381,12.18867006,0.0,Dec,2,2,1,2,New_Visitor,1,1,0.9565217391304348,High Intent
0,0.0,0,0.0,5,1377.25,0.18,0.186666667,0.0,0.0,Nov,3,2,6,1,Returning_Visitor,0,0,0.05405405405405406,Low Intent
1,47.5,0,0.0,123,3944.384921,0.00516129,0.017112135,3.303059969,0.0,Nov,2,2,1,2,Returning_Visitor,0,0,0.7857142857142857,High Intent
2,255.0,0,0.0,10,173.4333333,0.03,0.025714286,0.0,0.0,Dec,3,2,1,1,Returning_Visitor,1,0,0.02480477721635278,Low Intent
0,0.0,0,0.0,4,157.5,0.0,0.05,0.0,0.0,Nov,2,4,9,2,Returning_Visitor,0,0,0.05405405405405406,Low Intent
0,0.0,0,0.0,22,1368.0,0.004545455,0.013636364,0.0,0.0,Nov,2,5,7,3,Returning_Visitor,0,0,0.05405405405405406,Low Intent
1,4.0,0,0.0,33,947.4166667,0.012121212,0.045165945,0.0,0.0,Nov,2,2,1,2,Returning_Visitor,1,0,0.05405405405405406,Low Intent
1,6.0,0,0.0,7,212.0,0.0,0.025,0.0,0.0,Nov,1,1,1,3,Returning_Visitor,0,0,0.05405405405405406,Low Intent
0,0.0,0,0.0,6,196.5,0.0,0.016666667,0.0,0.0,Nov,1,1,7,2,Returning_Visitor,0,0,0.05405405405405406,Low Intent
0,0.0,0,0.0,15,378.5,0.004444444,0.037777778,0.0,0.0,Nov,2,2,1,2,Returning_Visitor,0,0,0.05405405405405406,Low Intent
0,0.0,0,0.0,6,143.5,0.0,0.016666667,0.0,0.0,Dec,1,1,8,10,Returning_Visitor,0,0,0.016100178890876567,Low Intent
3,105.0,0,0.0,37,1384.383333,0.006766917,0.033646617,0.0,0.0,May,2,2,7,13,Returning_Visitor,0,0,0.02480477721635278,Low Intent
2,11.0,0,0.0,36,474.3066667,0.0,0.015714286,47.65907425,0.0,June,4,1,2,4,Returning_Visitor,0,0,0.7888446215139442,High Intent
5,209.625,2,118.75,21,398.0,0.006896552,0.02183908,0.0,0.0,Dec,2,2,4,2,New_Visitor,0,0,0.02480477721635278,Low Intent
0,0.0,0,0.0,16,283.75,0.0125,0.025,0.0,0.0,Nov,2,2,1,11,Returning_Visitor,0,0,0.05405405405405406,Low Intent
0,0.0,1,22.0,40,1284.569048,0.00625,0.019791667,0.0,0.0,Nov,1,1,9,2,Returning_Visitor,1,1,0.05405405405405406,Low Intent
0,0.0,0,0.0,1,0.0,0.2,0.2,0.0,0.0,Mar,1,2,9,2,Returning_Visitor,0,0,0.0012126111560226355,Low Intent
0,0.0,0,0.0,24,583.0,0.0,0.025,0.0,0.0,Jul,2,2,1,4,Returning_Visitor,0,0,0.0012126111560226355,Low Intent
4,104.0,1,93.0,15,292.5,0.0,0.02125,0.0,0.0,May,2,4,3,4,Returning_Visitor,1,0,0.02480477721635278,Low Intent
0,0.0,0,0.0,8,349.5,0.0,0.028571429,25.188,0.0,Mar,1,2,1,8,New_Visitor,0,1,0.964,High Intent
2,51.66666667,0,0.0,35,1977.05,0.005263158,0.014912281,38.20357895,0.0,May,2,2,1,2,Returning_Visitor,0,0,0.21727748691099477,Low Intent
2,15.0,0,0.0,35,1776.083333,0.0,0.011428571,0.0,0.0,Dec,2,2,4,1,Returning_Visitor,0,0,0.02480477721635278,Low Intent
3,45.8,0,0.0,63,2435.697531,0.00952381,0.017460317,0.0,0.0,Jul,3,2,4,3,Returning_Visitor,0,0,0.128,Low Intent
0,0.0,0,0.0,1,0.0,0.2,0.2,0.0,0.0,Nov,1,1,3,2,Returning_Visitor,0,0,0.05405405405405406,Low Intent
8,440.1041667,7,315.0,63,2162.224767,0.009230769,0.022481685,12.08192262,0.2,May,1,1,1,2,Returning_Visitor,0,0,0.21727748691099477,Low Intent
0,0.0,0,0.0,7,140.4583333,0.028571429,0.034285714,0.0,0.0,Nov,3,3,9,2,Returning_Visitor,0,0,0.05405405405405406,Low Intent
0,0.0,0,0.0,40,952.9666667,0.001666667,0.016666667,0.0,0.0,Mar,1,1,2,2,Returning_Visitor,0,0,0.0012126111560226355,Low Intent
1,54.5,0,0.0,26,449.25,0.0,0.022222222,0.0,0.0,Dec,4,2,3,2,Returning_Visitor,0,0,0.02480477721635278,Low Intent
0,0.0,2,52.5,18,502.0,0.0,0.01,0.0,0.0,Dec,8,2,9,2,New_Visitor,1,0,0.016100178890876567,Low Intent
0,0.0,0,0.0,8,710.0,0.0,0.025,45.4895,0.8,May,1,1,6,4,Returning_Visitor,0,1,0.964,High Intent
0,0.0,0,0.0,37,1489.590909,0.009459459,0.03816999,0.0,0.0,Sep,3,2,2,4,Returning_Visitor,0,0,0.0012126111560226355,Low Intent
0,0.0,0,0.0,9,125.5,0.007407407,0.022222222,0.0,0.0,Nov,3,2,4,2,Returning_Visitor,0,0,0.05405405405405406,Low Intent
0,0.0,0,0.0,5,96.5,0.0,0.04,0.0,0.0,Mar,2,2,1,3,Returning_Visitor,0,0,0.0012126111560226355,Low Intent
0,0.0,0,0.0,24,452.4166667,0.0,0.020833333,0.0,0.0,Nov,2,2,3,2,Returning_Visitor,1,1,0.05405405405405406,Low Intent
0,0.0,1,22.0,81,2253.799603,0.011463415,0.015875182,0.0,0.0,Nov,3,2,1,2,Returning_Visitor,1,1,0.2736318407960199,Low Intent
0,0.0,0,0.0,2,0.0,0.2,0.2,0.0,0.0,Nov,1,8,3,1,Returning_Visitor,1,0,0.05405405405405406,Low Intent
1,0.0,0,0.0,45,1296.0,0.0,0.013333333,0.0,0.0,Nov,2,5,2,3,Returning_Visitor,0,0,0.05405405405405406,Low Intent
5,197.0,4,246.0,17,427.0833333,0.0,0.008695652,0.0,0.0,Mar,1,1,3,2,New_Visitor,0,0,0.02480477721635278,Low Intent
3,96.0,0,0.0,6,384.0,0.0,0.025,0.0,0.0,Mar,3,2,1,2,New_Visitor,0,0,0.02480477721635278,Low Intent
5,110.75,0,0.0,11,146.75,0.0,0.02,0.0,0.0,Nov,1,1,1,15,Returning_Visitor,0,0,0.05405405405405406,Low Intent
1,2.0,6,657.8333333,140,3252.200476,0.005479452,0.024292237,0.0,0.0,Jul,2,2,4,1,Returning_Visitor,0,0,0.128,Low Intent
2,141.6,0,0.0,10,728.18,0.018181818,0.065367965,14.28629744,0.0,Sep,3,2,1,1,Returning_Visitor,1,0,0.5756097560975609,Medium Intent
1,0.0,0,0.0,19,2236.9,0.0,0.027777778,19.59533333,0.0,May,4,1,2,4,Returning_Visitor,1,1,0.7916666666666666,High Intent
4,57.0,1,0.0,19,479.8666667,0.0,0.018181818,0.0,0.0,Mar,4,2,1,2,Returning_Visitor,0,0,0.02480477721635278,Low Intent
2,71.1,0,0.0,11,529.8,0.0,0.004545455,0.0,0.0,Oct,2,2,2,2,Returning_Visitor,0,0,0.02480477721635278,Low Intent
0,0.0,0,0.0,7,322.75,0.047619048,0.071428571,0.0,0.0,Nov,3,2,2,13,Returning_Visitor,0,0,0.05405405405405406,Low Intent
0,0.0,0,0.0,2,5.0,0.0,0.1,0.0,0.0,Mar,2,2,1,1,Returning_Visitor,1,0,0.0012126111560226355,Low Intent
0,0.0,0,0.0,10,158.3666667,0.0,0.0,54.9950922,0.0,Jul,2,2,1,1,Returning_Visitor,0,1,0.964,High Intent
0,0.0,0,0.0,3,36.0,0.066666667,0.1,0.0,0.0,Nov,2,2,3,2,Returning_Visitor,0,0,0.05405405405405406,Low Intent
0,0.0,0,0.0,1,0.0,0.2,0.2,0.0,0.0,Dec,3,2,1,1,Other,0,0,0.016100178890876567,Low Intent
0,0.0,0,0.0,17,287.5,0.066666667,0.087037037,0.0,0.8,May,3,2,4,13,Returning_Visitor,0,0,0.0012126111560226355,Low Intent
0,0.0,0,0.0,11,304.0,0.0,0.018181818,0.0,0.0,May,2,2,3,4,Returning_Visitor,0,0,0.0012126111560226355,Low Intent
6,240.9,2,201.4,237,9437.769068,0.010204082,0.030380952,1.453831135,0.0,June,2,4,3,1,Returning_Visitor,0,1,0.21727748691099477,Low Intent
0,0.0,0,0.0,4,44.0,0.0,0.05,0.0,0.0,May,2,4,3,2,New_Visitor,1,0,0.0012126111560226355,Low Intent
2,75.0,0,0.0,29,1279.089286,0.003333333,0.014166667,35.60912359,0.0,Nov,2,2,3,11,Returning_Visitor,0,1,0.7857142857142857,High Intent
0,0.0,0,0.0,27,420.0,0.0,0.007692308,0.0,0.0,May,2,2,9,1,Returning_Visitor,1,0,0.0012126111560226355,Low Intent
0,0.0,0,0.0,2,0.0,0.2,0.2,0.0,0.0,Dec,3,2,3,6,Returning_Visitor,1,0,0.016100178890876567,Low Intent
5,35.75,0,0.0,22,679.5,0.0,0.014666667,10.07328,0.0,May,2,2,8,3,Returning_Visitor,0,0,0.2839506172839506,Low Intent
0,0.0,0,0.0,7,42.0,0.057142857,0.085714286,0.0,0.0,Dec,2,4,6,1,Returning_Visitor,1,0,0.016100178890876567,Low Intent
1,38.5,0,0.0,6,197.75,0.0,0.04,0.0,0.0,Dec,1,1,2,8,New_Visitor,1,0,0.02480477721635278,Low Intent
5,398.0666667,1,19.2,17,452.0,0.059064327,0.070737742,0.0,0.0,Aug,2,2,3,4,Returning_Visitor,0,0,0.02480477721635278,Low Intent
6,32.06666667,0,0.0,41,1921.10307,0.014074074,0.032987654,5.290262526,0.0,Jul,2,2,3,1,Returning_Visitor,0,0,0.21727748691099477,Low Intent
0,0.0,0,0.0,2,442.5,0.0,0.1,0.0,0.0,Dec,4,2,4,3,Returning_Visitor,0,0,0.016100178890876567,Low Intent
1,1.333333333,0,0.0,32,395.2222222,0.006060606,0.011111111,0.0,0.0,Mar,2,4,1,2,Returning_Visitor,1,0,0.02480477721635278,Low Intent
5,121.2666667,0,0.0,8,114.6,0.0,0.01,0.0,0.0,Nov,1,1,1,2,New_Visitor,1,0,0.11790393013100436,Low Intent
4,13.61904762,0,0.0,27,520.3333333,0.0,0.020322581,8.497935484,0.0,Mar,3,2,4,2,Returning_Visitor,1,0,0.5813953488372093,Medium Intent
2,42.0,0,0.0,16,602.0,0.014705882,0.044117647,0.0,0.0,May,2,2,1,3,Returning_Visitor,0,0,0.02480477721635278,Low Intent
0,0.0,0,0.0,23,1134.5,0.066459627,0.102717391,0.0,0.8,May,2,5,1,11,Returning_Visitor,0,0,0.0012126111560226355,Low Intent
1,23.2,0,0.0,4,44.8,0.0,0.05,0.0,0.0,June,2,10,7,4,Returning_Visitor,1,0,0.02480477721635278,Low Intent
0,0.0,0,0.0,2,0.0,0.2,0.2,0.0,0.0,June,2,2,2,3,Returning_Visitor,0,0,0.0012126111560226355,Low Intent
0,0.0,0,0.0,25,1157.452381,0.012,0.027111111,15.3956,0.0,May,1,1,3,2,Returning_Visitor,0,0,0.5756097560975609,Medium Intent
0,0.0,0,0.0,36,2107.583333,0.014814815,0.03287037,0.0,0.0,Dec,3,2,1,2,Returning_Visitor,0,0,0.016100178890876567,Low Intent
0,0.0,0,0.0,12,146.1333333,0.05,0.066666667,0.0,0.0,Jul,2,2,1,1,Returning_Visitor,0,0,0.0012126111560226355,Low Intent
3,103.6,0,0.0,30,440.5333333,0.006451613,0.021505376,0.0,0.0,Aug,2,2,2,1,Returning_Visitor,1,0,0.02480477721635278,Low Intent
9,551.7944444,4,124.2,94,5579.315873,0.0,0.007335491,0.0,0.0,June,2,2,5,2,New_Visitor,0,0,0.02480477721635278,Low Intent
5,140.8,4,254.75,61,1740.052778,0.007179487,0.023796204,14.62413644,0.0,Nov,2,2,2,2,Returning_Visitor,1,0,0.39849624060150374,Medium Intent
7,89.5,0,0.0,26,1163.333333,0.0,0.009375,26.983125,0.0,May,3,2,3,4,New_Visitor,0,1,0.5842696629213483,Medium Intent
3,397.7,4,1093.3,66,4152.7631,0.014979592,0.017561939,6.282904602,0.0,Sep,3,2,8,4,Returning_Visitor,1,0,0.21727748691099477,Low Intent
0,0.0,0,0.0,25,701.8833333,0.0,0.023333333,0.0,0.0,Sep,2,2,1,2,Returning_Visitor,0,0,0.0012126111560226355,Low Intent
3,42.0,0,0.0,10,706.0,0.0,0.011111111,0.0,0.0,May,2,2,8,1,Returning_Visitor,1,0,0.02480477721635278,Low Intent
0,0.0,0,0.0,4,85.0,0.0,0.075,0.0,0.6,May,2,2,3,4,Returning_Visitor,0,0,0.0012126111560226355,Low Intent
0,0.0,0,0.0,116,3184.815705,0.00015674,0.022635468,0.0,0.0,Nov,2,2,1,10,Returning_Visitor,1,0,0.2736318407960199,Low Intent
0,0.0,0,0.0,12,1077.0,0.018181818,0.054545455,0.0,0.0,May,2,2,2,1,Returning_Visitor,0,0,0.0012126111560226355,Low Intent
0,0.0,0,0.0,12,599.6133333,0.0,0.020833333,0.0,0.0,Nov,2,2,4,20,Returning_Visitor,1,0,0.05405405405405406,Low Intent
0,0.0,0,0.0,4,206.5,0.0,0.016666667,0.0,0.0,May,3,2,1,4,Returning_Visitor,0,0,0.0012126111560226355,Low Intent
11,334.75,0,0.0,20,598.7785714,0.0,0.007692308,26.59353846,0.2,May,2,10,1,5,New_Visitor,0,1,0.5842696629213483,Medium Intent
2,27.0,0,0.0,6,558.0,0.0,0.0125,0.0,0.0,Mar,2,2,3,8,New_Visitor,0,0,0.02480477721635278,Low Intent
8,130.7,0,0.0,3,87.5,0.0,0.022222222,0.0,0.0,Nov,2,2,1,3,New_Visitor,1,0,0.11790393013100436,Low Intent
2,28.0,0,0.0,7,115.6666667,0.0,0.02,0.0,1.0,May,1,1,1,5,New_Visitor,1,0,0.02480477721635278,Low Intent
3,40.2,0,0.0,11,201.1333333,0.0,0.02,0.0,0.0,June,2,2,2,1,New_Visitor,0,0,0.02480477721635278,Low Intent
4,31.0,4,106.0,27,825.1401515,0.006896552,0.025517241,0.0,0.0,Nov,2,2,3,2,Returning_Visitor,1,0,0.16853932584269662,Low Intent
4,224.0,1,32.0,20,789.35,0.0,0.002721088,0.0,0.0,Mar,1,2,4,2,Returning_Visitor,0,0,0.02480477721635278,Low Intent
0,0.0,0,0.0,21,1461.833333,0.021052632,0.036842105,23.82324931,0.0,Nov,2,2,1,1,Returning_Visitor,1,1,0.39849624060150374,Medium Intent
8,305.6666667,1,0.0,35,796.25,0.005555556,0.011574074,0.0,0.0,Dec,1,1,3,10,Returning_Visitor,0,0,0.02480477721635278,Low Intent
0,0.0,0,0.0,1,0.0,0.2,0.2,0.0,0.0,Mar,1,1,7,2,Returning_Visitor,1,0,0.0012126111560226355,Low Intent
0,0.0,0,0.0,3,0.0,0.2,0.2,0.0,0.0,Aug,1,1,3,4,Returning_Visitor,0,0,0.0012126111560226355,Low Intent
0,0.0,0,0.0,22,493.0,0.0,0.00952381,55.5696756,0.0,Nov,4,1,9,8,Returning_Visitor,1,1,0.964,High Intent
0,0.0,0,0.0,1,0.0,0.2,0.2,0.0,0.0,Mar,2,5,5,1,Returning_Visitor,0,0,0.0012126111560226355,Low Intent
1,162.2,0,0.0,6,156.2,0.014285714,0.1,0.0,0.0,Jul,3,2,3,1,Returning_Visitor,0,0,0.128,Low Intent
11,194.575,0,0.0,81,2126.077501,0.011728395,0.02129074,0.0,0.0,Nov,3,2,1,2,Returning_Visitor,1,0,0.2736318407960199,Low Intent
1,10.0,0,0.0,5,354.9,0.0,0.06,0.0,0.0,Sep,2,2,5,1,Returning_Visitor,0,0,0.09202453987730061,Low Intent
0,0.0,0,0.0,12,1638.5,0.083333333,0.116666667,0.0,0.8,May,2,2,5,13,Returning_Visitor,0,0,0.0012126111560226355,Low Intent
10,471.06,0,0.0,171,5830.91,0.001098901,0.005494505,0.0,0.0,Oct,2,10,4,2,Returning_Visitor,0,1,0.02480477721635278,Low Intent
1,57.4,0,0.0,6,303.1,0.028571429,0.014285714,0.0,0.0,June,1,2,3,2,Returning_Visitor,0,0,0.02480477721635278,Low Intent
0,0.0,0,0.0,9,311.7,0.0,0.055555556,0.0,0.0,June,2,2,4,13,Returning_Visitor,0,0,0.0012126111560226355,Low Intent
0,0.0,0,0.0,13,350.8333333,0.0,0.030769231,0.0,0.6,May,3,2,9,13,Returning_Visitor,0,0,0.0012126111560226355,Low Intent
10,215.244507,2,245.1714286,101,3558.576942,0.008636364,0.012040588,30.87227217,0.0,Sep,3,2,1,2,Returning_Visitor,1,1,0.21727748691099477,Low Intent
0,0.0,0,0.0,17,945.0108696,0.006334842,0.023889556,0.0,0.0,Mar,3,2,3,10,Returning_Visitor,0,0,0.0012126111560226355,Low Intent
0,0.0,0,0.0,4,562.0,0.075,0.1,0.0,0.0,Dec,3,2,3,13,Returning_Visitor,0,0,0.016100178890876567,Low Intent
0,0.0,0,0.0,30,1224.75,0.0,0.007142857,21.04864167,0.0,Mar,2,4,2,2,New_Visitor,0,1,0.7916666666666666,High Intent
0,0.0,0,0.0,20,219.3333333,0.0,0.011666667,0.0,0.0,Mar,1,8,7,2,Returning_Visitor,0,0,0.0012126111560226355,Low Intent
4,101.7,0,0.0,40,708.5547619,0.009302326,0.016434109,0.0,0.0,Aug,2,2,3,13,Returning_Visitor,0,0,0.02480477721635278,Low Intent
0,0.0,0,0.0,1,11.0,0.0,0.1,0.0,0.0,Dec,2,2,1,10,Other,0,0,0.016100178890876567,Low Intent
0,0.0,0,0.0,16,332.1666667,0.0,0.007142857,0.0,0.0,Dec,2,2,3,2,New_Visitor,0,0,0.016100178890876567,Low Intent
6,86.58333333,2,160.0,41,1119.854167,0.004545455,0.012045455,27.03986205,0.0,Nov,2,2,9,8,New_Visitor,1,0,0.7857142857142857,High Intent
10,117.3333333,0,0.0,28,631.9896825,0.017647059,0.022794118,10.16517157,0.0,Mar,3,7,1,2,Returning_Visitor,0,1,0.3225806451612903,Medium Intent
0,0.0,4,82.5,22,1087.986111,0.007692308,0.020244755,0.0,0.0,Nov,3,2,3,2,Returning_Visitor,0,0,0.16853932584269662,Low Intent
0,0.0,1,68.5,25,927.0,0.007692308,0.034615385,0.0,0.0,Nov,2,2,3,2,Returning_Visitor,1,0,0.05405405405405406,Low Intent
0,0.0,0,0.0,3,133.5,0.1,0.155555556,0.0,0.4,May,2,4,1,6,Returning_Visitor,0,0,0.0012126111560226355,Low Intent
1,0.0,1,37.4,23,1146.5,0.015384615,0.023076923,72.52076923,0.0,May,2,4,1,4,Returning_Visitor,1,1,0.5756097560975609,Medium Intent
1,6.0,0,0.0,29,354.8333333,0.0,0.010344828,0.0,0.0,May,1,1,1,1,Returning_Visitor,1,0,0.02480477721635278,Low Intent
1,67.4,0,0.0,14,590.5533333,0.0,0.007142857,38.06520001,0.0,Aug,2,2,1,5,New_Visitor,0,1,0.964,High Intent
7,204.1,0,0.0,5,128.7,0.0,0.0125,0.0,0.0,Sep,2,7,1,2,New_Visitor,0,0,0.09202453987730061,Low Intent
7,230.1666667,3,222.0,140,8961.407671,0.00137931,0.012980564,0.0,0.0,Mar,2,5,2,1,Returning_Visitor,1,0,0.02480477721635278,Low Intent
8,433.1,2,309.0,36,1523.416667,0.011742424,0.016427739,7.9755,0.0,May,2,2,1,2,Returning_Visitor,0,0,0.21727748691099477,Low Intent
1,0.0,0,0.0,4,795.0,0.066666667,0.111111111,0.0,0.0,Nov,3,2,9,6,Returning_Visitor,1,0,0.05405405405405406,Low Intent
0,0.0,0,0.0,1,0.0,0.2,0.2,0.0,0.8,May,2,2,1,11,Returning_Visitor,0,0,0.0012126111560226355,Low Intent
0,0.0,0,0.0,48,2492.166667,0.0,0.014583333,0.0,0.0,Nov,2,4,1,2,Returning_Visitor,0,0,0.16939890710382513,Low Intent
5,47.5,0,0.0,40,787.2,0.0,0.012121212,2.782886364,0.4,May,2,2,4,4,Returning_Visitor,0,0,0.2839506172839506,Low Intent
0,0.0,0,0.0,3,96.0,0.0,0.066666667,0.0,0.0,May,1,8,6,11,Returning_Visitor,1,0,0.0012126111560226355,Low Intent
1,55.5,0,0.0,8,158.25,0.0,0.022222222,0.0,0.0,Nov,2,2,3,10,Returning_Visitor,0,0,0.05405405405405406,Low Intent
5,145.8833333,0,0.0,9,112.0833333,0.023529412,0.043137255,2.001640344,0.0,Jul,3,2,4,1,Returning_Visitor,0,0,0.3225806451612903,Medium Intent
1,73.0,0,0.0,12,2156.5,0.018181818,0.027272727,68.88769355,0.0,Nov,3,2,1,2,New_Visitor,0,1,0.39849624060150374,Medium Intent
0,0.0,0,0.0,8,704.1666667,0.0125,0.035416667,0.0,0.0,Nov,3,2,1,3,Returning_Visitor,0,0,0.05405405405405406,Low Intent
5,44.5,1,4.0,37,836.3333333,0.005,0.045416667,0.0,0.0,Mar,2,2,4,1,Returning_Visitor,0,0,0.02480477721635278,Low Intent
0,0.0,1,0.0,26,668.5,0.0,0.007407407,0.0,0.0,Nov,2,2,3,1,Returning_Visitor,0,0,0.05405405405405406,Low Intent
0,0.0,0,0.0,10,351.75,0.033333333,0.05,0.0,0.0,Dec,2,2,4,1,Returning_Visitor,1,0,0.016100178890876567,Low Intent
0,0.0,0,0.0,19,866.3333333,0.0,0.025,14.58941181,0.0,Dec,2,4,3,2,Returning_Visitor,1,0,0.5813953488372093,Medium Intent
4,76.4,0,0.0,2,49.4,0.0,0.033333333,16.77416803,0.0,Oct,2,2,6,2,Returning_Visitor,0,1,0.7888446215139442,High Intent
0,0.0,0,0.0,6,529.5,0.0,0.04,44.443614,0.0,Dec,2,2,2,1,Returning_Visitor,0,1,0.964,High Intent
0,0.0,0,0.0,2,0.0,0.2,0.2,0.0,0.0,Mar,1,1,1,10,Returning_Visitor,0,0,0.0012126111560226355,Low Intent
0,0.0,0,0.0,18,191.0,0.0,0.033333333,0.0,0.0,Nov,4,1,3,1,Returning_Visitor,0,0,0.05405405405405406,Low Intent
0,0.0,0,0.0,21,1280.02,0.0,0.019047619,7.232201859,0.0,Nov,2,2,1,20,Returning_Visitor,0,1,0.5813953488372093,Medium Intent
3,92.83333333,0,0.0,24,463.8166667,0.002666667,0.015333333,17.84230699,0.0,Mar,1,1,1,2,Returning_Visitor,0,1,0.5756097560975609,Medium Intent
0,0.0,0,0.0,6,169.0,0.0,0.016666667,0.0,0.4,Feb,1,1,3,3,Returning_Visitor,0,0,0.0012126111560226355,Low Intent
6,34.4,0,0.0,44,1820.566667,0.029166667,0.055555556,15.184125,0.6,May,2,2,4,6,Returning_Visitor,0,0,0.21727748691099477,Low Intent
3,152.0,1,64.4,9,358.4,0.0,0.015384615,0.0,0.0,Oct,2,2,1,2,New_Visitor,1,0,0.02480477721635278,Low Intent
4,275.1,2,43.4,31,1108.653333,0.006060606,0.012121212,0.0,0.0,Sep,3,2,1,13,Returning_Visitor,1,0,0.09202453987730061,Low Intent
0,0.0,0,0.0,21,517.4238095,0.019047619,0.025,0.0,0.0,Mar,2,5,2,1,Returning_Visitor,0,0,0.0012126111560226355,Low Intent
10,2407.42381,3,434.3,486,23050.10414,0.000323719,0.011248517,0.0,0.0,Jul,2,2,1,3,Returning_Visitor,0,0,0.128,Low Intent
4,63.75,0,0.0,13,774.7288136,0.0,0.012150434,0.0,0.0,Nov,2,2,6,2,Returning_Visitor,0,1,0.05405405405405406,Low Intent
0,0.0,0,0.0,28,447.0,0.0,0.033333333,0.0,0.0,Nov,2,2,7,10,Returning_Visitor,0,0,0.05405405405405406,Low Intent
4,120.5,0,0.0,66,3960.646154,0.002941176,0.013663064,0.0,0.0,Mar,2,4,1,1,Returning_Visitor,0,0,0.02480477721635278,Low Intent
0,0.0,0,0.0,4,58.5,0.0,0.066666667,0.0,0.0,Dec,3,2,8,13,Returning_Visitor,0,0,0.016100178890876567,Low Intent
3,42.5,0,0.0,54,5972.416667,0.003508772,0.010526316,70.33953705,0.0,Nov,2,6,1,3,Returning_Visitor,0,1,0.7857142857142857,High Intent
5,494.1666667,0,0.0,8,204.0,0.0,0.030769231,0.0,0.0,Mar,2,4,4,1,Returning_Visitor,0,0,0.02480477721635278,Low Intent
0,0.0,0,0.0,3,140.0,0.066666667,0.133333333,0.0,0.0,May,3,2,1,3,Returning_Visitor,0,0,0.0012126111560226355,Low Intent
0,0.0,0,0.0,2,11.0,0.0,0.1,0.0,0.0,Mar,4,2,2,10,Returning_Visitor,0,0,0.0012126111560226355,Low Intent
1,0.0,0,0.0,1,74.6,0.1,0.1,0.0,0.0,Oct,3,2,1,4,Returning_Visitor,0,0,0.0012126111560226355,Low Intent
1,5.5,0,0.0,22,339.25,0.0,0.026984127,0.0,0.0,Mar,2,2,2,3,Returning_Visitor,0,0,0.02480477721635278,Low Intent
6,283.0166667,1,235.75,21,1338.933333,0.0,0.008695652,0.0,0.0,Dec,2,2,7,1,Returning_Visitor,0,0,0.02480477721635278,Low Intent
0,0.0,0,0.0,1,0.0,0.2,0.2,0.0,0.0,Nov,2,5,1,1,Returning_Visitor,1,0,0.05405405405405406,Low Intent
4,271.2,0,0.0,4,144.6,0.0,0.014285714,0.0,0.0,Oct,3,2,1,2,Returning_Visitor,0,0,0.02480477721635278,Low Intent
0,0.0,0,0.0,4,149.0,0.0,0.05,0.0,0.0,Mar,2,2,1,2,Returning_Visitor,0,0,0.0012126111560226355,Low Intent
2,26.5,0,0.0,47,716.625,0.0,0.009574468,0.0,0.0,May,2,4,6,5,New_Visitor,0,0,0.02480477721635278,Low Intent
3,84.5,0,0.0,346,12541.77628,0.001709402,0.006473478,5.177106841,0.0,Aug,2,2,3,1,Returning_Visitor,1,1,0.21727748691099477,Low Intent
0,0.0,0,0.0,14,158.5,0.0,0.028571429,0.0,0.0,May,2,2,6,6,Returning_Visitor,1,0,0.0012126111560226355,Low Intent
0,0.0,1,65.5,49,574.8333333,0.0,0.012,0.0,0.0,Mar,2,2,2,10,Returning_Visitor,0,0,0.0012126111560226355,Low Intent
1,14.0,0,0.0,10,90.0,0.0,0.018181818,0.0,0.0,Mar,2,2,2,10,New_Visitor,0,0,0.02480477721635278,Low Intent
0,0.0,0,0.0,1,0.0,0.2,0.2,0.0,0.0,Dec,1,1,1,3,New_Visitor,0,0,0.016100178890876567,Low Intent
0,0.0,0,0.0,10,1678.333333,0.0,0.02,0.0,0.0,Nov,2,2,1,2,Returning_Visitor,0,0,0.05405405405405406,Low Intent
2,29.0,0,0.0,2,15.0,0.0,0.066666667,0.0,0.0,May,2,2,3,6,Returning_Visitor,1,0,0.02480477721635278,Low Intent
1,0.0,0,0.0,3,321.5,0.05,0.1,0.0,0.0,Mar,3,2,2,1,Returning_Visitor,0,0,0.0012126111560226355,Low Intent
4,120.0,4,64.0,52,1859.083333,0.010344828,0.018390805,17.24870115,0.0,May,2,2,2,13,Returning_Visitor,0,1,0.21727748691099477,Low Intent
6,86.0,0,0.0,12,905.5,0.0,0.026666667,23.6393946,0.0,Dec,4,5,1,1,Returning_Visitor,0,1,0.7888446215139442,High Intent
0,0.0,0,0.0,33,2193.541667,0.0,0.008602151,0.0,0.0,Nov,2,2,2,6,Returning_Visitor,0,0,0.16939890710382513,Low Intent
4,55.0,0,0.0,16,284.9,0.003333333,0.033333333,18.8649,0.0,Mar,1,1,2,10,Returning_Visitor,0,0,0.5756097560975609,Medium Intent
0,0.0,2,84.5,42,2762.408333,0.004545455,0.025151515,0.0,0.0,Nov,2,2,1,2,New_Visitor,0,0,0.16939890710382513,Low Intent
8,137.075,0,0.0,59,2088.443506,0.006343284,0.023522862,54.07524113,0.0,May,4,2,3,3,Returning_Visitor,0,1,0.21727748691099477,Low Intent
9,307.360119,4,77.91666667,95,2989.780952,0.005882353,0.014513583,12.74039337,0.0,Nov,3,2,4,1,Returning_Visitor,1,0,0.7857142857142857,High Intent
8,178.1666667,1,17.0,52,3095.975,0.012280702,0.02251462,12.13161988,0.0,May,4,1,6,6,Returning_Visitor,0,0,0.21727748691099477,Low Intent
0,0.0,0,0.0,40,1161.9,0.055,0.08,0.0,0.0,Sep,1,8,6,1,Returning_Visitor,0,0,0.0012126111560226355,Low Intent
2,95.0,0,0.0,15,449.5,0.0125,0.04375,0.0,0.0,Mar,2,2,4,1,Returning_Visitor,0,0,0.02480477721635278,Low Intent
2,1687.5,0,0.0,29,3098.033333,0.0,0.025806452,0.0,0.0,May,2,4,5,3,Returning_Visitor,0,0,0.02480477721635278,Low Intent
0,0.0,0,0.0,7,58.0,0.028571429,0.057142857,0.0,0.0,May,2,2,1,4,Returning_Visitor,0,0,0.0012126111560226355,Low Intent
0,0.0,0,0.0,10,111.0,0.0,0.02,0.0,0.0,Mar,2,4,7,3,Returning_Visitor,0,0,0.0012126111560226355,Low Intent
0,0.0,0,0.0,1,0.0,0.2,0.2,0.0,0.0,Sep,1,8,1,1,Returning_Visitor,0,0,0.0012126111560226355,Low Intent
0,0.0,2,485.8333333,89,3747.814286,0.013636364,0.030211039,0.0,0.0,Nov,1,1,1,2,Returning_Visitor,1,1,0.2736318407960199,Low Intent
0,0.0,0,0.0,1,0.0,0.2,0.2,0.0,0.0,Mar,2,4,1,3,Returning_Visitor,0,0,0.0012126111560226355,Low Intent
8,375.12,0,0.0,13,288.7133333,0.0,0.003588517,0.0,0.0,Sep,3,2,4,3,New_Visitor,0,0,0.09202453987730061,Low Intent
0,0.0,0,0.0,9,319.6666667,0.033333333,0.055555556,0.0,0.0,May,1,1,1,1,Returning_Visitor,0,0,0.0012126111560226355,Low Intent
2,26.0,1,6.0,103,3400.248897,0.014692557,0.025598706,0.0,0.0,Nov,3,2,9,13,Returning_Visitor,1,0,0.2736318407960199,Low Intent
9,132.05,4,137.0,56,1775.89,0.0,0.025520833,4.365181293,0.0,June,4,2,1,1,Returning_Visitor,0,0,0.2839506172839506,Low Intent
0,0.0,0,0.0,7,139.5,0.0,0.028571429,0.0,0.0,May,3,2,3,2,Returning_Visitor,0,0,0.0012126111560226355,Low Intent
0,0.0,2,4.0,45,2984.130952,0.004255319,0.02141844,0.0,0.0,Nov,2,2,1,1,Returning_Visitor,0,0,0.16939890710382513,Low Intent
2,35.5,0,0.0,29,3296.65,0.009677419,0.021935484,18.25059634,0.0,Dec,4,2,9,8,Returning_Visitor,0,0,0.21727748691099477,Low Intent
4,292.1904762,1,194.5,56,1948.713745,0.001724138,0.021055381,14.69293103,0.0,May,1,2,3,2,Returning_Visitor,0,1,0.21727748691099477,Low Intent
0,0.0,0,0.0,12,459.0833333,0.004545455,0.084545455,0.0,0.0,Dec,2,2,1,2,Returning_Visitor,0,0,0.016100178890876567,Low Intent
2,190.4,1,274.0,39,1321.853333,0.00952381,0.018253968,0.0,0.0,Aug,2,2,8,4,Returning_Visitor,0,0,0.02480477721635278,Low Intent
0,0.0,0,0.0,1,0.0,0.2,0.2,0.0,0.0,Mar,2,2,1,3,Returning_Visitor,0,0,0.0012126111560226355,Low Intent
5,58.0,0,0.0,10,657.2619048,0.0,0.004166667,0.0,0.0,Mar,1,1,2,2,New_Visitor,0,0,0.02480477721635278,Low Intent
0,0.0,0,0.0,4,44.4,0.0,0.05,0.0,0.0,June,2,10,1,3,Returning_Visitor,0,0,0.0012126111560226355,Low Intent
1,77.0,0,0.0,22,710.6666667,0.0,0.002173913,0.0,0.0,May,2,4,3,4,Returning_Visitor,0,0,0.02480477721635278,Low Intent
0,0.0,1,18.0,36,833.0833333,0.032432432,0.055225225,0.0,1.0,May,1,1,7,3,Returning_Visitor,1,0,0.0012126111560226355,Low Intent
0,0.0,0,0.0,13,449.3333333,0.006153846,0.044615385,0.0,0.0,Mar,2,5,1,3,Returning_Visitor,0,0,0.0012126111560226355,Low Intent
2,13.0,0,0.0,23,441.0,0.066666667,0.101449275,0.0,0.0,Nov,2,2,1,1,Returning_Visitor,0,0,0.05405405405405406,Low Intent
1,0.0,0,0.0,7,82.2,0.057142857,0.114285714,0.0,0.0,June,3,2,2,4,Returning_Visitor,0,0,0.0012126111560226355,Low Intent
3,19.0,0,0.0,120,3013.116917,0.001680672,0.007407748,14.18391563,0.0,Nov,2,5,1,2,Returning_Visitor,0,1,0.7857142857142857,High Intent
12,651.875,3,20.0,59,3066.695513,0.0,0.010460069,0.0,0.0,Nov,2,2,3,1,Returning_Visitor,0,0,0.16939890710382513,Low Intent
6,99.60588235,0,0.0,83,2585.61835,0.0,0.00761877,6.871308983,0.0,Mar,2,2,2,2,Returning_Visitor,0,1,0.2839506172839506,Low Intent
5,142.5,1,56.0,29,1073.5,0.0,0.016129032,0.0,0.0,May,1,1,5,4,Returning_Visitor,0,0,0.02480477721635278,Low Intent
4,81.0,0,0.0,8,112.7285714,0.0,0.02,0.0,0.0,Mar,2,2,2,1,Returning_Visitor,0,0,0.02480477721635278,Low Intent
1,15.2,0,0.0,11,201.6333333,0.005555556,0.05,31.49043616,0.0,June,2,2,5,2,Returning_Visitor,0,1,0.5756097560975609,Medium Intent
1,0.0,0,0.0,20,816.5,0.05,0.093333333,0.0,0.8,May,3,2,3,13,Returning_Visitor,0,0,0.0012126111560226355,Low Intent
0,0.0,0,0.0,14,204.5,0.046153846,0.084615385,0.0,0.6,May,1,1,4,3,Returning_Visitor,0,0,0.0012126111560226355,Low Intent
8,574.55,0,0.0,15,571.4238596,0.031578947,0.029645043,0.0,0.0,Oct,3,2,4,2,Returning_Visitor,0,0,0.02480477721635278,Low Intent
0,0.0,0,0.0,4,132.5,0.175,0.183333333,0.0,0.0,Nov,3,2,4,13,Returning_Visitor,1,0,0.05405405405405406,Low Intent
0,0.0,0,0.0,20,436.1,0.04,0.07,0.0,0.0,June,1,1,4,3,Returning_Visitor,0,0,0.0012126111560226355,Low Intent
4,200.8333333,0,0.0,18,381.3333333,0.0,0.009090909,0.0,0.0,Mar,2,4,7,2,New_Visitor,1,0,0.02480477721635278,Low Intent
0,0.0,0,0.0,24,832.0,0.0,0.020289855,21.92521348,0.0,Mar,2,6,6,1,Returning_Visitor,0,0,0.7916666666666666,High Intent
0,0.0,0,0.0,14,116.8333333,0.064285714,0.085714286,0.0,0.6,May,2,2,2,3,Returning_Visitor,0,0,0.0012126111560226355,Low Intent
0,0.0,0,0.0,53,952.1598198,0.015839126,0.037802052,0.0,0.0,Jul,3,2,8,1,Returning_Visitor,1,0,0.0012126111560226355,Low Intent
0,0.0,0,0.0,7,110.0,0.057142857,0.142857143,0.0,0.0,Mar,3,2,8,1,Returning_Visitor,0,0,0.0012126111560226355,Low Intent
4,101.75,2,65.5,37,1307.472222,0.011149826,0.027235772,0.0,0.0,Nov,3,2,3,2,Returning_Visitor,0,0,0.16853932584269662,Low Intent
0,0.0,0,0.0,12,86.5,0.076923077,0.087179487,0.0,0.8,May,3,2,6,13,Returning_Visitor,0,0,0.0012126111560226355,Low Intent
0,0.0,0,0.0,4,40.5,0.0,0.05,0.0,0.0,May,4,1,1,3,Returning_Visitor,0,0,0.0012126111560226355,Low Intent
0,0.0,1,27.0,20,566.5,0.004761905,0.023809524,0.0,0.6,May,3,2,1,3,Returning_Visitor,0,0,0.0012126111560226355,Low Intent
0,0.0,0,0.0,32,875.9333333,0.031770833,0.072395833,0.0,0.0,Oct,1,1,3,3,Returning_Visitor,0,0,0.0012126111560226355,Low Intent
3,53.5,0,0.0,82,3801.680397,0.010714286,0.03015873,0.906375967,0.0,Sep,2,2,1,4,Returning_Visitor,0,0,0.09202453987730061,Low Intent
0,0.0,0,0.0,4,97.0,0.0,0.05,0.0,0.0,Mar,2,2,2,1,Returning_Visitor,0,0,0.0012126111560226355,Low Intent
6,192.5,0,0.0,14,327.0,0.0,0.00625,0.0,0.0,Mar,1,1,1,9,Returning_Visitor,1,0,0.02480477721635278,Low Intent
6,40.66666667,0,0.0,49,783.45,0.0,0.007692308,4.272807692,0.0,May,2,2,1,2,Returning_Visitor,1,0,0.2839506172839506,Low Intent
7,218.6666667,0,0.0,5,145.6666667,0.0,0.014285714,0.0,0.0,Nov,2,2,1,3,Returning_Visitor,0,0,0.05405405405405406,Low Intent
2,23.2,0,0.0,11,119.2,0.0,0.015384615,0.0,0.0,Sep,2,2,2,2,New_Visitor,1,0,0.09202453987730061,Low Intent
0,0.0,0,0.0,3,79.0,0.066666667,0.166666667,0.0,0.0,Mar,1,1,3,3,Returning_Visitor,0,0,0.0012126111560226355,Low Intent
6,82.01111111,2,211.6,162,6117.814359,0.0,0.003964551,22.36033441,0.0,Sep,2,2,1,6,Returning_Visitor,0,0,0.7888446215139442,High Intent
1,249.8,2,722.9,8,2219.583333,0.0,0.0,0.0,0.0,Nov,2,4,4,2,New_Visitor,0,0,0.16939890710382513,Low Intent
0,0.0,0,0.0,19,686.5833333,0.0,0.010526316,0.0,0.0,Dec,1,1,5,2,Returning_Visitor,1,0,0.016100178890876567,Low Intent
0,0.0,0,0.0,7,152.75,0.014285714,0.047619048,0.0,0.0,Dec,3,2,3,2,New_Visitor,0,0,0.016100178890876567,Low Intent
8,195.0,2,86.0,56,3408.266667,0.014516129,0.027557013,9.594846798,0.0,Nov,1,2,1,2,Returning_Visitor,0,1,0.39849624060150374,Medium Intent
9,160.0,0,0.0,48,3946.008333,0.007272727,0.011515152,20.32388105,0.0,Mar,2,6,1,8,Returning_Visitor,1,1,0.47761194029850745,Medium Intent
0,0.0,0,0.0,15,1251.316667,0.0,0.03452381,0.0,0.0,Nov,3,2,1,2,Returning_Visitor,1,1,0.05405405405405406,Low Intent
6,60.0,2,61.0,23,1031.704762,0.0,0.007111111,33.14784917,0.0,Mar,4,2,9,10,Returning_Visitor,1,1,0.7888446215139442,High Intent
0,0.0,1,104.0,9,244.6666667,0.05,0.096,0.0,1.0,May,3,2,3,4,Returning_Visitor,1,0,0.0012126111560226355,Low Intent
0,0.0,1,16.0,8,308.0,0.0,0.025,35.091,0.0,May,2,4,1,2,Returning_Visitor,0,1,0.964,High Intent
3,38.0,0,0.0,12,279.0833333,0.0,0.038461538,0.0,0.0,Nov,1,1,8,2,Returning_Visitor,0,0,0.05405405405405406,Low Intent
3,94.0,2,125.0,55,1970.844805,0.0,0.001724138,96.25511582,0.0,Mar,2,4,1,2,New_Visitor,1,1,0.7888446215139442,High Intent
1,23.2,1,73.6,17,566.5666667,0.0,0.0,0.0,0.0,Jul,1,1,1,2,Returning_Visitor,0,0,0.128,Low Intent
0,0.0,0,0.0,12,482.5,0.02,0.04,0.0,0.0,Nov,1,2,1,10,Returning_Visitor,0,0,0.05405405405405406,Low Intent
0,0.0,0,0.0,3,0.0,0.2,0.2,0.0,0.0,Nov,3,2,1,11,Returning_Visitor,0,1,0.05405405405405406,Low Intent
0,0.0,0,0.0,1,0.0,0.2,0.2,0.0,0.0,May,3,6,2,2,Returning_Visitor,0,0,0.0012126111560226355,Low Intent
4,70.4,1,645.5,82,11257.1083,0.005574913,0.019401736,0.0,0.0,Nov,2,5,1,2,Returning_Visitor,1,0,0.2736318407960199,Low Intent
5,69.9,0,0.0,62,1846.666667,0.006060606,0.018939394,0.0,0.0,Aug,2,2,1,3,Returning_Visitor,0,0,0.02480477721635278,Low Intent
1,58.4,1,24.2,11,503.2666667,0.018181818,0.036363636,24.72209216,0.0,Oct,3,2,1,1,Returning_Visitor,0,1,0.5756097560975609,Medium Intent
3,60.0,0,0.0,66,2339.805556,0.012121212,0.034848485,0.0,0.0,Nov,2,2,1,2,Returning_Visitor,0,0,0.16939890710382513,Low Intent
0,0.0,0,0.0,13,893.2166667,0.0,0.008333333,23.988,0.0,May,2,2,6,2,New_Visitor,1,1,0.964,High Intent
2,21.33333333,0,0.0,3,45.33333333,0.0,0.0125,0.0,0.0,May,3,2,4,4,Returning_Visitor,1,0,0.02480477721635278,Low Intent
4,68.5,0,0.0,152,5426.823764,0.005228758,0.018756793,0.0,0.0,Nov,2,2,4,10,Returning_Visitor,0,0,0.2736318407960199,Low Intent
5,129.5,0,0.0,13,1507.333333,0.016666667,0.028125,0.0,0.0,Mar,2,2,3,2,Returning_Visitor,0,0,0.02480477721635278,Low Intent
0,0.0,0,0.0,39,2558.5,0.0,0.010810811,0.0,0.0,Nov,4,2,2,10,Returning_Visitor,0,0,0.16939890710382513,Low Intent
2,60.0,6,459.0,17,1370.067857,0.02173913,0.035072464,0.0,0.0,May,1,1,6,1,Returning_Visitor,0,0,0.02480477721635278,Low Intent
8,355.0,0,0.0,50,1039.599344,0.000925926,0.010164456,0.0,0.0,Nov,1,2,3,10,Returning_Visitor,0,0,0.05405405405405406,Low Intent
0,0.0,0,0.0,16,511.2,0.0125,0.01875,0.0,0.0,Jul,2,2,3,3,Returning_Visitor,0,0,0.0012126111560226355,Low Intent
0,0.0,0,0.0,13,574.6666667,0.0,0.061538462,0.0,0.0,Mar,2,2,8,1,Returning_Visitor,0,0,0.0012126111560226355,Low Intent
1,11.16666667,3,63.5,28,2245.333333,0.002580645,0.028494624,36.2003121,0.0,Nov,4,2,1,11,Returning_Visitor,0,1,0.39849624060150374,Medium Intent
1,28.2,0,0.0,18,536.0857143,0.0,0.011111111,75.62994948,0.0,Aug,2,2,4,4,New_Visitor,0,1,0.964,High Intent
2,36.5,0,0.0,80,2762.770833,0.0,0.006410256,10.0986778,0.0,Nov,4,2,3,2,Returning_Visitor,0,1,0.5813953488372093,Medium Intent
8,822.6666667,3,225.3333333,45,1896.966667,0.011764706,0.02745098,7.521155028,0.0,Dec,1,1,3,1,Returning_Visitor,0,0,0.21727748691099477,Low Intent
1,11.5,0,0.0,10,234.475,0.0,0.011111111,0.0,0.0,Mar,1,1,1,2,Returning_Visitor,1,0,0.02480477721635278,Low Intent
0,0.0,0,0.0,18,346.5666667,0.02962963,0.062962963,0.0,0.0,Nov,2,2,3,2,Returning_Visitor,0,0,0.05405405405405406,Low Intent
2,17.13333333,0,0.0,20,1078.2,0.02,0.051166667,0.0,0.0,Oct,1,1,1,3,Returning_Visitor,0,0,0.02480477721635278,Low Intent
1,0.0,0,0.0,28,219.8,0.0,0.037931034,0.0,0.0,Nov,2,2,1,1,Returning_Visitor,1,0,0.05405405405405406,Low Intent
1,5.0,1,25.0,81,1421.668627,0.0,0.000833333,0.0,0.6,May,2,4,3,4,Returning_Visitor,0,0,0.02480477721635278,Low Intent
0,0.0,0,0.0,15,153.0,0.0,0.04,0.0,0.6,May,2,10,1,3,Returning_Visitor,0,0,0.0012126111560226355,Low Intent
2,135.0,0,0.0,53,1511.195238,0.005454545,0.025787879,0.0,0.0,May,2,2,1,6,Returning_Visitor,1,0,0.02480477721635278,Low Intent
0,0.0,0,0.0,11,326.5,0.036363636,0.077272727,0.0,0.0,Nov,1,1,4,3,Returning_Visitor,0,0,0.05405405405405406,Low Intent
5,46.0,0,0.0,35,539.0,0.005555556,0.011111111,39.15,0.0,May,2,2,3,6,Returning_Visitor,1,1,0.5756097560975609,Medium Intent
0,0.0,0,0.0,33,1132.791667,0.009090909,0.047474747,0.0,0.0,Dec,4,1,3,1,Returning_Visitor,0,0,0.016100178890876567,Low Intent
0,0.0,0,0.0,1,0.0,0.2,0.2,0.0,0.0,Nov,4,2,1,1,Returning_Visitor,1,0,0.05405405405405406,Low Intent
0,0.0,0,0.0,1,0.5,0.0,0.066666667,0.0,0.0,Dec,2,2,4,13,Returning_Visitor,0,0,0.016100178890876567,Low Intent
0,0.0,0,0.0,1,0.0,0.2,0.2,0.0,0.0,Oct,1,1,8,1,Returning_Visitor,1,0,0.0012126111560226355,Low Intent
3,19.33333333,0,0.0,28,710.9083333,0.006451613,0.012903226,0.0,0.0,May,2,2,8,3,New_Visitor,0,0,0.02480477721635278,Low Intent
6,148.2083333,2,139.5,98,3714.352664,0.005,0.013429932,0.0,0.0,Nov,2,2,1,2,Returning_Visitor,0,0,0.2736318407960199,Low Intent
0,0.0,0,0.0,5,17.0,0.0,0.04,0.0,0.0,May,4,2,3,1,Returning_Visitor,0,0,0.0012126111560226355,Low Intent
5,85.25,0,0.0,3,36.25,0.0,0.00952381,0.0,0.0,Nov,2,4,4,2,Returning_Visitor,0,0,0.05405405405405406,Low Intent
5,226.09,0,0.0,37,692.87,0.0,0.001666667,0.0,0.0,Oct,1,1,4,4,Returning_Visitor,0,0,0.02480477721635278,Low Intent
0,0.0,0,0.0,14,180.5,0.085714286,0.092142857,0.0,0.0,May,3,2,1,13,Returning_Visitor,0,0,0.0012126111560226355,Low Intent
5,178.92,1,6.0,33,1017.576667,0.013157895,0.011842105,0.0,0.0,Nov,3,2,1,3,Returning_Visitor,0,0,0.05405405405405406,Low Intent
0,0.0,0,0.0,15,803.3333333,0.0,0.038888889,0.0,0.0,Dec,4,1,1,2,Returning_Visitor,0,0,0.016100178890876567,Low Intent
0,0.0,0,0.0,20,606.0,0.0,0.011111111,0.0,0.0,Mar,2,2,6,1,Returning_Visitor,0,0,0.0012126111560226355,Low Intent
4,160.2,2,21.2,43,1568.320833,0.009183673,0.02292517,28.05716135,0.0,Oct,1,1,3,2,Returning_Visitor,0,0,0.21727748691099477,Low Intent
2,32.5,0,0.0,12,239.75,0.0,0.005128205,0.0,0.4,May,2,4,1,5,New_Visitor,0,0,0.02480477721635278,Low Intent
5,55.5,0,0.0,12,1076.5,0.0,0.011764706,0.0,0.0,Mar,2,2,1,2,New_Visitor,0,0,0.02480477721635278,Low Intent
0,0.0,0,0.0,22,848.8407143,0.0,0.00952381,0.0,0.0,June,2,4,3,2,Returning_Visitor,0,0,0.0012126111560226355,Low Intent
0,0.0,0,0.0,7,182.5,0.085714286,0.076190476,0.0,0.0,Nov,3,2,3,13,Returning_Visitor,0,0,0.05405405405405406,Low Intent
0,0.0,0,0.0,9,237.3333333,0.0,0.031666667,0.0,0.0,May,1,1,1,3,Returning_Visitor,0,0,0.0012126111560226355,Low Intent
1,69.0,0,0.0,8,423.0,0.0,0.025,28.05094335,0.0,Mar,2,4,1,8,New_Visitor,0,1,0.964,High Intent
0,0.0,0,0.0,2,64.5,0.0,0.05,0.0,0.0,Nov,3,2,8,2,Returning_Visitor,0,0,0.05405405405405406,Low Intent
0,0.0,0,0.0,10,349.1111111,0.02,0.02,88.39170518,0.0,Oct,3,2,1,20,Returning_Visitor,1,1,0.5756097560975609,Medium Intent
0,0.0,0,0.0,21,335.4166667,0.0,0.018170426,0.0,0.0,Nov,1,1,1,10,Returning_Visitor,0,0,0.05405405405405406,Low Intent
0,0.0,0,0.0,40,700.1277778,0.011,0.027788462,0.0,0.0,Nov,1,1,1,10,Returning_Visitor,1,0,0.05405405405405406,Low Intent
0,0.0,1,29.5,7,103.5208333,0.0,0.002777778,0.0,0.0,Nov,3,2,8,1,Returning_Visitor,1,0,0.05405405405405406,Low Intent
0,0.0,0,0.0,38,1517.416739,0.0,0.004122807,0.0,0.0,Nov,4,2,4,2,Returning_Visitor,0,0,0.05405405405405406,Low Intent
5,43.0,0,0.0,36,725.3333333,0.005714286,0.017142857,0.0,0.0,Sep,2,2,3,13,Returning_Visitor,0,0,0.09202453987730061,Low Intent
6,97.88235294,2,9.0,58,2293.59902,0.008357771,0.033973374,6.7485,0.0,May,2,2,7,4,Returning_Visitor,0,1,0.21727748691099477,Low Intent
1,18.2,0,0.0,6,32.2,0.085714286,0.10952381,0.0,0.0,June,1,1,1,3,Returning_Visitor,0,0,0.02480477721635278,Low Intent
5,84.33333333,1,0.0,55,1699.327668,0.0,0.008461558,16.48421053,0.0,May,2,2,6,4,Returning_Visitor,0,0,0.7888446215139442,High Intent
7,105.375,0,0.0,48,1268.116667,0.022902098,0.027788462,0.0,0.0,Nov,1,1,8,1,Returning_Visitor,1,0,0.05405405405405406,Low Intent
0,0.0,0,0.0,2,180.1470588,0.033333333,0.055555556,0.0,0.0,Nov,6,2,3,8,Returning_Visitor,0,0,0.05405405405405406,Low Intent
24,290.8603687,6,529.7,178,4339.534423,0.003939056,0.015263169,6.149343862,0.4,May,2,2,3,4,Returning_Visitor,0,0,0.21727748691099477,Low Intent
0,0.0,0,0.0,89,3480.811706,0.002247191,0.014700375,0.0,0.0,Nov,4,2,1,1,Returning_Visitor,1,1,0.2736318407960199,Low Intent
4,82.0,0,0.0,13,242.0,0.0,0.018181818,31.98,0.0,May,1,2,8,3,Returning_Visitor,0,1,0.7888446215139442,High Intent
0,0.0,0,0.0,5,82.0,0.0,0.04,0.0,0.0,Nov,2,2,9,8,Returning_Visitor,0,0,0.05405405405405406,Low Intent
0,0.0,0,0.0,47,1475.366667,0.010638298,0.02674772,0.0,0.0,Nov,1,1,4,1,Returning_Visitor,1,0,0.05405405405405406,Low Intent
3,65.92857143,0,0.0,17,557.6869048,0.0,0.009803922,25.27760515,0.0,Dec,2,2,2,2,Returning_Visitor,0,1,0.7888446215139442,High Intent
8,245.3333333,4,168.5,14,361.5,0.009090909,0.009090909,0.0,0.0,May,1,1,3,3,Returning_Visitor,0,0,0.02480477721635278,Low Intent
0,0.0,0,0.0,10,371.5,0.0,0.04,0.0,0.0,Nov,2,2,4,10,Returning_Visitor,0,0,0.05405405405405406,Low Intent
0,0.0,0,0.0,23,997.3142857,0.0,0.039130435,0.0,0.0,June,1,1,3,15,Returning_Visitor,1,0,0.0012126111560226355,Low Intent
0,0.0,0,0.0,3,78.33333333,0.0,0.022222222,0.0,0.0,Mar,2,2,7,11,Returning_Visitor,0,0,0.0012126111560226355,Low Intent
0,0.0,0,0.0,37,1048.980263,0.005555556,0.024074074,0.0,0.0,Nov,2,2,7,2,Returning_Visitor,1,0,0.05405405405405406,Low Intent
0,0.0,0,0.0,21,399.8511905,0.0,0.023933659,0.0,0.0,Mar,3,2,1,1,Returning_Visitor,0,0,0.0012126111560226355,Low Intent
0,0.0,0,0.0,2,0.0,0.2,0.2,0.0,0.0,Mar,3,2,6,1,Returning_Visitor,1,0,0.0012126111560226355,Low Intent
0,0.0,0,0.0,2,0.0,0.2,0.2,0.0,0.2,May,2,2,2,13,Returning_Visitor,0,0,0.0012126111560226355,Low Intent
3,7.0,1,25.16666667,21,446.0,0.019047619,0.031746032,32.38852793,0.0,Nov,2,2,1,1,Returning_Visitor,0,0,0.39849624060150374,Medium Intent
0,0.0,0,0.0,19,900.9166667,0.027777778,0.024814815,0.0,0.6,May,1,1,8,1,Returning_Visitor,0,0,0.0012126111560226355,Low Intent
0,0.0,0,0.0,3,20.0,0.0,0.066666667,0.0,0.0,Dec,2,4,3,2,Returning_Visitor,0,0,0.016100178890876567,Low Intent
0,0.0,0,0.0,6,227.3333333,0.0,0.013333333,0.0,0.0,May,3,2,3,2,New_Visitor,1,0,0.0012126111560226355,Low Intent
0,0.0,0,0.0,3,159.5,0.0,0.066666667,0.0,0.0,Nov,2,4,1,3,Returning_Visitor,0,0,0.05405405405405406,Low Intent
2,43.2,1,32.2,202,13842.45833,0.01804878,0.050155633,0.0,0.0,Sep,2,4,7,1,Returning_Visitor,0,0,0.09202453987730061,Low Intent
7,86.27777778,2,21.0,80,2170.286706,0.003571429,0.021527778,25.76598645,0.0,Nov,3,2,1,10,Returning_Visitor,1,1,0.39849624060150374,Medium Intent
9,331.1666667,4,154.0,154,8038.325302,0.007332941,0.027963219,0.0,0.0,May,2,2,1,5,Returning_Visitor,0,0,0.02480477721635278,Low Intent
0,0.0,0,0.0,50,1735.595238,0.0,0.008746356,0.0,0.2,May,2,2,3,1,Returning_Visitor,0,0,0.0012126111560226355,Low Intent
8,183.0833333,1,40.5,349,6879.801826,0.000568182,0.004306345,1.625051033,0.0,Nov,4,2,9,10,Returning_Visitor,0,0,0.7857142857142857,High Intent
0,0.0,0,0.0,6,105.0,0.066666667,0.1,0.0,0.0,May,3,2,4,3,Returning_Visitor,0,0,0.0012126111560226355,Low Intent
0,0.0,0,0.0,84,2197.780952,0.01031746,0.014779942,0.0,0.0,Nov,1,1,3,2,Returning_Visitor,0,1,0.2736318407960199,Low Intent
0,0.0,0,0.0,12,465.25,0.0,0.016666667,0.0,0.0,Dec,3,2,6,2,Returning_Visitor,1,0,0.016100178890876567,Low Intent
0,0.0,0,0.0,7,208.0,0.0,0.028571429,0.0,0.0,Feb,4,1,1,5,Returning_Visitor,1,0,0.0012126111560226355,Low Intent
0,0.0,0,0.0,56,1294.637143,0.007407407,0.03345679,0.0,0.0,Aug,1,1,3,3,Returning_Visitor,0,0,0.0012126111560226355,Low Intent
0,0.0,0,0.0,12,348.75,0.0,0.027777778,0.0,0.0,Nov,3,2,4,3,Returning_Visitor,0,0,0.05405405405405406,Low Intent
6,79.25,0,0.0,13,150.1666667,0.0,0.012631579,0.0,0.0,Dec,1,1,1,3,New_Visitor,0,0,0.02480477721635278,Low Intent
2,7.0,0,0.0,40,906.4,0.0,0.015238095,0.0,0.0,Oct,2,2,9,4,Returning_Visitor,0,0,0.02480477721635278,Low Intent
2,123.0,0,0.0,7,873.0,0.0,0.011111111,0.0,0.0,Mar,1,2,2,2,Returning_Visitor,0,0,0.02480477721635278,Low Intent
7,154.4,0,0.0,33,1267.06,0.021621622,0.040540541,0.0,0.0,June,2,2,1,3,Returning_Visitor,0,0,0.02480477721635278,Low Intent
4,52.25,0,0.0,3,28.0,0.0,0.025,0.0,0.0,Nov,2,2,1,6,New_Visitor,0,0,0.11790393013100436,Low Intent
0,0.0,0,0.0,7,242.75,0.014285714,0.047619048,0.0,0.0,Nov,3,2,3,11,Returning_Visitor,1,0,0.05405405405405406,Low Intent
8,221.33,2,70.6,63,5245.277619,0.002739726,0.020091324,0.0,0.0,Nov,2,2,3,1,Returning_Visitor,0,0,0.16939890710382513,Low Intent
2,87.83333333,1,113.0,67,4868.0,0.0,0.003174603,48.45370723,0.0,Dec,2,2,5,2,Returning_Visitor,0,1,0.7888446215139442,High Intent
0,0.0,0,0.0,3,17.0,0.1,0.166666667,0.0,0.6,May,1,1,3,6,Returning_Visitor,0,0,0.0012126111560226355,Low Intent
0,0.0,0,0.0,12,213.2833333,0.016666667,0.041666667,0.0,0.0,Aug,3,2,3,4,Returning_Visitor,0,0,0.0012126111560226355,Low Intent
8,134.3733333,3,256.75,40,1773.610152,0.004255319,0.008355899,13.49047237,0.0,Nov,1,1,8,2,Returning_Visitor,1,1,0.7857142857142857,High Intent
7,36.05,0,0.0,27,344.45,0.0,0.035714286,0.0,0.0,Jul,2,2,7,4,Returning_Visitor,0,0,0.128,Low Intent
0,0.0,0,0.0,5,200.0,0.0,0.05,0.0,0.0,May,3,2,1,4,Returning_Visitor,1,0,0.0012126111560226355,Low Intent
0,0.0,0,0.0,16,149.9,0.05625,0.1,0.0,0.0,June,2,2,7,1,Returning_Visitor,0,0,0.0012126111560226355,Low Intent
0,0.0,0,0.0,10,190.0,0.0,0.04,0.0,0.0,Dec,2,6,7,20,Returning_Visitor,0,0,0.016100178890876567,Low Intent
0,0.0,1,0.0,124,4093.430519,0.005816216,0.043499683,0.0,0.0,May,2,2,8,13,Returning_Visitor,0,0,0.0012126111560226355,Low Intent
1,125.0,0,0.0,24,677.3333333,0.0,0.032,0.0,0.0,Nov,3,2,8,1,Returning_Visitor,0,0,0.05405405405405406,Low Intent
0,0.0,0,0.0,7,182.0,0.028571429,0.071428571,0.0,0.0,Mar,3,2,1,13,Returning_Visitor,1,0,0.0012126111560226355,Low Intent
6,128.5,0,0.0,68,1080.15,0.0,0.001715686,0.0,0.8,May,2,2,2,2,New_Visitor,0,0,0.02480477721635278,Low Intent
0,0.0,0,0.0,8,188.0,0.05,0.0875,0.0,0.0,Dec,1,1,2,1,Returning_Visitor,0,0,0.016100178890876567,Low Intent
8,228.5,0,0.0,5,64.5,0.0,0.028571429,0.0,0.0,May,1,2,3,5,New_Visitor,1,0,0.02480477721635278,Low Intent
0,0.0,0,0.0,13,474.6818182,0.015384615,0.029230769,0.0,0.0,May,3,2,4,3,Returning_Visitor,0,0,0.0012126111560226355,Low Intent
0,0.0,0,0.0,16,431.5,0.05625,0.092083333,0.0,0.2,May,3,2,1,13,Returning_Visitor,0,0,0.0012126111560226355,Low Intent
3,80.625,1,54.0,11,314.25,0.037333333,0.042857143,0.0,0.0,Nov,3,2,2,13,Returning_Visitor,0,0,0.05405405405405406,Low Intent
0,0.0,0,0.0,58,3200.366667,0.003448276,0.027586207,0.0,0.0,Mar,2,2,6,1,Returning_Visitor,0,0,0.0012126111560226355,Low Intent
4,185.0,0,0.0,40,1694.75,0.020512821,0.031196581,0.0,0.0,Mar,2,2,6,1,Returning_Visitor,0,0,0.02480477721635278,Low Intent
0,0.0,2,38.2,121,3362.749679,0.025170765,0.042322417,4.212415755,0.0,Jul,1,1,1,3,Returning_Visitor,0,0,0.21727748691099477,Low Intent
0,0.0,0,0.0,8,450.0,0.0,0.025,0.0,0.0,Mar,4,1,9,3,Returning_Visitor,1,0,0.0012126111560226355,Low Intent
3,76.25,0,0.0,16,301.6666667,0.014285714,0.031746032,0.0,0.0,Nov,1,1,4,8,Returning_Visitor,0,0,0.05405405405405406,Low Intent
1,5.0,0,0.0,29,3441.439286,0.007142857,0.005654762,0.0,0.0,Dec,3,2,8,10,Returning_Visitor,0,0,0.02480477721635278,Low Intent
0,0.0,0,0.0,7,197.0,0.028571429,0.042857143,0.0,0.0,Dec,3,2,9,2,Returning_Visitor,0,0,0.016100178890876567,Low Intent
1,5.066666667,0,0.0,32,441.6045455,0.0,0.00625,0.0,0.0,Sep,2,2,6,3,New_Visitor,0,0,0.09202453987730061,Low Intent
0,0.0,0,0.0,10,254.0,0.02,0.04,14.0292,0.0,Mar,2,2,9,2,New_Visitor,0,1,0.5756097560975609,Medium Intent
3,199.0,0,0.0,34,1425.566667,0.0,0.008823529,0.0,0.0,Nov,2,2,9,2,New_Visitor,0,1,0.11790393013100436,Low Intent
0,0.0,1,125.0,12,332.0,0.0,0.023076923,0.0,0.0,May,2,2,4,4,Returning_Visitor,0,0,0.0012126111560226355,Low Intent
7,129.6666667,3,42.0,25,443.25,0.006451613,0.023297491,6.402612903,0.0,May,2,2,4,4,Returning_Visitor,1,0,0.3225806451612903,Medium Intent
0,0.0,0,0.0,7,133.5,0.0,0.025,0.0,0.0,Nov,2,2,6,6,Other,0,0,0.11790393013100436,Low Intent
0,0.0,0,0.0,16,1027.657143,0.0125,0.01875,0.0,0.0,Mar,1,1,1,3,Returning_Visitor,0,0,0.0012126111560226355,Low Intent
4,45.8,2,43.2,30,1021.838095,0.0,0.005882353,40.43578994,0.0,Nov,2,2,4,2,New_Visitor,0,0,0.7888446215139442,High Intent
0,0.0,0,0.0,6,60.25,0.033333333,0.066666667,0.0,0.0,Nov,2,2,7,3,Returning_Visitor,0,1,0.05405405405405406,Low Intent
0,0.0,0,0.0,3,0.0,0.2,0.2,0.0,0.0,Nov,1,1,1,3,Returning_Visitor,0,0,0.05405405405405406,Low Intent
0,0.0,0,0.0,5,672.5,0.0,0.04,0.0,0.0,Mar,2,2,1,1,Returning_Visitor,0,0,0.0012126111560226355,Low Intent
0,0.0,0,0.0,20,255.75,0.0,0.028421053,0.0,0.0,May,2,2,1,4,Returning_Visitor,0,0,0.0012126111560226355,Low Intent
0,0.0,0,0.0,10,123.0,0.0,0.02,0.0,0.0,May,2,2,3,3,Returning_Visitor,0,0,0.0012126111560226355,Low Intent
0,0.0,0,0.0,10,314.75,0.006666667,0.046666667,0.0,0.0,Nov,4,2,9,3,Returning_Visitor,0,0,0.05405405405405406,Low Intent
10,166.9318182,2,246.0,51,2697.487879,0.004310345,0.017471264,3.099,0.6,May,2,2,2,19,Returning_Visitor,0,0,0.21727748691099477,Low Intent
0,0.0,0,0.0,28,1384.071429,0.007142857,0.032380952,11.01942857,0.0,May,2,4,3,2,Returning_Visitor,0,1,0.21727748691099477,Low Intent
3,89.8,0,0.0,12,355.85,0.013333333,0.016,0.0,0.0,Oct,1,1,1,3,New_Visitor,1,0,0.02480477721635278,Low Intent
0,0.0,0,0.0,22,987.6,0.009090909,0.015151515,0.0,0.0,Oct,2,2,1,4,Returning_Visitor,1,0,0.0012126111560226355,Low Intent
1,18.2,0,0.0,17,225.68,0.0,0.003703704,0.0,0.0,Nov,2,10,1,2,Returning_Visitor,0,0,0.05405405405405406,Low Intent
0,0.0,0,0.0,17,433.1333333,0.023529412,0.051960784,0.0,1.0,May,3,2,4,4,Returning_Visitor,1,0,0.0012126111560226355,Low Intent
6,116.6973684,0,0.0,171,9405.836721,0.008313228,0.028256171,0.0,0.0,Dec,3,2,3,2,Returning_Visitor,0,1,0.02480477721635278,Low Intent
1,46.0,0,0.0,98,3098.649444,0.018814433,0.037472815,6.153201384,0.0,Aug,2,2,6,1,Returning_Visitor,0,0,0.21727748691099477,Low Intent
0,0.0,0,0.0,3,738.0,0.0,0.022222222,0.0,0.4,Feb,2,4,1,2,Returning_Visitor,0,0,0.0012126111560226355,Low Intent
1,0.0,0,0.0,59,2334.105159,0.018421053,0.042076023,0.0,0.0,Dec,2,2,3,3,Returning_Visitor,0,0,0.016100178890876567,Low Intent
3,119.5,0,0.0,24,347.9166667,0.0,0.008333333,0.0,0.0,Dec,1,1,3,1,Returning_Visitor,0,0,0.02480477721635278,Low Intent
8,103.5,0,0.0,64,1550.211111,0.0,0.016086957,7.868950242,0.0,May,2,2,2,14,Returning_Visitor,1,0,0.2839506172839506,Low Intent
0,0.0,0,0.0,4,161.25,0.0,0.05,0.0,0.0,Nov,1,1,3,2,New_Visitor,1,0,0.11790393013100436,Low Intent
0,0.0,0,0.0,145,4108.808442,0.007552448,0.023216783,0.0,0.0,Nov,2,2,4,2,Returning_Visitor,0,1,0.2736318407960199,Low Intent
0,0.0,0,0.0,6,98.73333333,0.0,0.033333333,0.0,0.0,Sep,3,2,1,2,Returning_Visitor,1,0,0.0012126111560226355,Low Intent
5,224.5833333,5,84.0,15,674.247619,0.008695652,0.013043478,0.0,0.0,May,3,2,4,2,Returning_Visitor,0,0,0.02480477721635278,Low Intent
0,0.0,0,0.0,58,1645.966667,0.014285714,0.036607143,0.0,0.0,May,2,2,2,1,Returning_Visitor,0,0,0.0012126111560226355,Low Intent
8,106.8333333,1,96.0,16,373.4583333,0.0,0.028333333,0.0,0.0,Nov,2,2,3,2,Returning_Visitor,0,0,0.05405405405405406,Low Intent
0,0.0,0,0.0,10,249.0,0.04,0.064,0.0,0.0,Nov,1,1,8,3,Returning_Visitor,0,0,0.05405405405405406,Low Intent
0,0.0,0,0.0,1,0.0,0.2,0.2,0.0,0.0,Nov,1,8,8,11,Returning_Visitor,1,0,0.05405405405405406,Low Intent
3,30.0,0,0.0,23,625.3,0.016666667,0.026388889,0.0,0.0,Dec,2,2,3,3,Returning_Visitor,0,0,0.02480477721635278,Low Intent
0,0.0,0,0.0,9,89.0,0.0,0.055555556,0.0,0.0,Nov,2,2,9,1,Returning_Visitor,1,0,0.05405405405405406,Low Intent
3,42.0,0,0.0,16,1266.5,0.0,0.003508772,0.0,0.0,Mar,2,2,6,1,Returning_Visitor,0,0,0.02480477721635278,Low Intent
0,0.0,1,134.3333333,16,765.4454545,0.006666667,0.006,0.0,0.8,May,2,10,1,1,Returning_Visitor,0,0,0.0012126111560226355,Low Intent
0,0.0,0,0.0,27,644.0,0.007692308,0.051923077,0.0,0.0,Mar,3,2,2,3,Returning_Visitor,0,0,0.0012126111560226355,Low Intent
0,0.0,0,0.0,10,267.25,0.0,0.011111111,0.0,0.0,Dec,2,4,7,2,New_Visitor,1,0,0.016100178890876567,Low Intent
1,17.0,0,0.0,21,602.9166667,0.026666667,0.0425,0.0,0.0,Nov,3,2,1,13,Returning_Visitor,0,0,0.05405405405405406,Low Intent
0,0.0,0,0.0,4,103.8,0.1,0.15,0.0,0.0,Jul,1,1,1,1,Returning_Visitor,0,0,0.0012126111560226355,Low Intent
2,60.5,0,0.0,26,1145.17,0.0,0.003703704,0.0,0.0,Nov,1,1,2,2,New_Visitor,1,0,0.11790393013100436,Low Intent
0,0.0,1,242.8,73,1860.95,0.005405405,0.019527027,0.0,0.0,June,2,2,1,2,Returning_Visitor,0,0,0.0012126111560226355,Low Intent
2,21.75,0,0.0,6,84.25,0.033333333,0.044444444,0.0,0.0,Dec,3,2,4,20,Returning_Visitor,0,0,0.02480477721635278,Low Intent
5,110.0,0,0.0,39,1584.044444,0.0,0.016744186,12.73144186,0.0,May,4,1,8,4,Returning_Visitor,0,0,0.2839506172839506,Low Intent
6,141.0583333,0,0.0,46,1728.866268,0.0,0.019059741,0.0,0.0,June,2,2,7,4,Returning_Visitor,0,0,0.02480477721635278,Low Intent
2,167.4,0,0.0,8,191.15,0.0,0.02,0.0,0.0,Oct,1,1,6,2,New_Visitor,0,0,0.02480477721635278,Low Intent
0,0.0,0,0.0,51,742.9603175,0.003921569,0.012121212,0.0,0.0,Nov,1,1,3,2,Returning_Visitor,1,0,0.05405405405405406,Low Intent
2,423.6,0,0.0,46,2031.506667,0.013043478,0.023913043,0.0,0.0,Aug,2,2,4,1,Returning_Visitor,0,0,0.02480477721635278,Low Intent
1,585.5,0,0.0,80,3634.141512,0.004320988,0.007864356,26.41113767,0.0,Nov,3,2,2,2,Returning_Visitor,0,1,0.5,Medium Intent
5,148.5,1,25.5,36,2590.016667,0.0,0.020954545,19.29866138,0.0,Dec,1,1,1,1,Returning_Visitor,0,0,0.7888446215139442,High Intent
0,0.0,0,0.0,1,0.0,0.2,0.2,0.0,0.0,June,1,1,3,2,Returning_Visitor,0,0,0.0012126111560226355,Low Intent
7,533.5913534,4,333.5,85,5496.630355,0.010192616,0.025284123,5.145928873,0.0,Nov,3,2,1,13,Returning_Visitor,0,0,0.7428571428571429,High Intent
0,0.0,0,0.0,1,0.0,0.2,0.2,0.0,0.0,Mar,2,2,5,3,Returning_Visitor,1,0,0.0012126111560226355,Low Intent
0,0.0,0,0.0,3,0.0,0.2,0.2,0.0,0.0,May,1,1,9,4,Returning_Visitor,1,0,0.0012126111560226355,Low Intent
7,177.5,6,312.0,40,1123.050824,0.008680556,0.024695767,0.0,0.0,Dec,1,1,3,2,Returning_Visitor,0,0,0.02480477721635278,Low Intent
7,108.6666667,6,853.75,194,6737.271825,0.000123762,0.006138614,0.0,0.0,Mar,2,5,1,3,Returning_Visitor,1,0,0.02480477721635278,Low Intent
1,54.9,0,0.0,4,111.1333333,0.0,0.0,0.0,0.0,Aug,3,2,3,1,Returning_Visitor,0,0,0.02480477721635278,Low Intent
0,0.0,0,0.0,1,0.0,0.2,0.2,0.0,0.4,Feb,1,1,1,3,Returning_Visitor,0,0,0.0012126111560226355,Low Intent
0,0.0,0,0.0,7,611.0833333,0.0,0.016666667,0.0,0.0,Dec,3,2,6,8,New_Visitor,0,0,0.016100178890876567,Low Intent
0,0.0,0,0.0,2,5.0,0.0,0.1,0.0,0.0,Mar,2,2,1,13,Returning_Visitor,1,0,0.0012126111560226355,Low Intent
0,0.0,0,0.0,6,50.0,0.033333333,0.066666667,0.0,0.0,May,2,5,6,4,Returning_Visitor,0,0,0.0012126111560226355,Low Intent
0,0.0,0,0.0,37,638.25,0.005555556,0.016666667,0.0,0.0,Nov,2,2,4,1,Returning_Visitor,0,1,0.05405405405405406,Low Intent
0,0.0,0,0.0,5,117.75,0.0,0.04,0.0,0.0,Dec,1,1,1,2,Returning_Visitor,0,0,0.016100178890876567,Low Intent
0,0.0,1,51.0,29,1225.5,0.0,0.010344828,25.90331034,0.0,May,4,2,1,4,New_Visitor,0,1,0.964,High Intent
0,0.0,0,0.0,39,905.6,0.012820513,0.021245421,0.0,0.0,May,3,2,1,3,Returning_Visitor,0,0,0.0012126111560226355,Low Intent
0,0.0,0,0.0,4,108.0,0.0,0.05,0.0,0.8,May,3,2,3,2,Returning_Visitor,0,0,0.0012126111560226355,Low Intent
3,57.5,0,0.0,37,1269.645833,0.014197531,0.012037037,0.0,0.0,Nov,1,1,4,1,Returning_Visitor,1,0,0.05405405405405406,Low Intent
2,80.66666667,0,0.0,12,1071.611111,0.030769231,0.046666667,0.0,0.0,Mar,2,2,2,1,Returning_Visitor,0,0,0.02480477721635278,Low Intent
2,107.3333333,0,0.0,8,224.0,0.0,0.01,0.0,0.0,Mar,1,2,7,2,Returning_Visitor,1,0,0.02480477721635278,Low Intent
12,217.0833333,5,480.125,90,1996.565909,0.013684211,0.027807876,0.0,0.0,Nov,3,2,3,1,Returning_Visitor,0,0,0.2736318407960199,Low Intent
5,318.2666667,0,0.0,23,1037.833333,0.017857143,0.039285714,0.0,0.0,Aug,2,2,5,1,Returning_Visitor,0,0,0.02480477721635278,Low Intent
0,0.0,4,8.0,66,1514.83631,0.022887324,0.044913928,0.0,0.0,Dec,2,2,6,2,Returning_Visitor,0,0,0.016100178890876567,Low Intent
0,0.0,2,157.5,35,5999.808333,0.005405405,0.027207207,0.0,0.0,Dec,2,2,4,1,Returning_Visitor,1,0,0.016100178890876567,Low Intent
0,0.0,0,0.0,53,1618.203333,0.023846154,0.047628205,0.0,0.0,Oct,1,8,1,1,Returning_Visitor,1,0,0.0012126111560226355,Low Intent
3,72.5,4,148.0,24,377.5,0.006666667,0.02,0.0,0.6,May,1,1,1,3,Returning_Visitor,0,0,0.02480477721635278,Low Intent
8,935.1,1,21.0,172,10524.35936,0.005046115,0.01576463,2.924161864,0.0,Nov,3,2,1,3,Returning_Visitor,0,1,0.5,Medium Intent
5,46.5,0,0.0,17,219.5,0.011111111,0.022222222,0.0,0.0,Dec,3,2,2,13,Returning_Visitor,0,0,0.02480477721635278,Low Intent
5,39.7,0,0.0,14,253.6,0.0,0.018333333,0.0,0.0,Sep,2,2,4,4,Returning_Visitor,0,0,0.09202453987730061,Low Intent
1,2.0,0,0.0,61,1335.737854,0.0,0.002,20.15710234,0.0,Nov,4,4,1,2,Returning_Visitor,1,1,0.7916666666666666,High Intent
0,0.0,0,0.0,8,166.0,0.0625,0.116666667,0.0,0.0,Nov,3,2,6,3,Returning_Visitor,0,0,0.05405405405405406,Low Intent
1,6.0,1,7.0,25,591.8928571,0.0,0.020833333,165.6204667,0.0,May,1,1,8,4,Returning_Visitor,1,1,0.964,High Intent
13,662.3392857,0,0.0,81,4284.422619,0.002298851,0.022822804,2.647620068,0.0,Dec,1,1,6,2,Returning_Visitor,1,1,0.21727748691099477,Low Intent
2,120.0,0,0.0,8,588.1666667,0.0,0.007407407,0.0,0.0,Mar,1,1,1,2,Returning_Visitor,0,0,0.02480477721635278,Low Intent
7,221.0,0,0.0,27,1753.583333,0.0,0.013131313,0.0,0.2,May,1,1,1,3,Returning_Visitor,0,0,0.02480477721635278,Low Intent
2,3.0,4,161.5,137,4791.460889,0.004373522,0.020956372,5.482895824,0.0,Nov,2,2,1,2,Returning_Visitor,0,1,0.7428571428571429,High Intent
5,327.4,0,0.0,86,2806.846825,0.001532567,0.004061303,0.0,0.0,Oct,3,2,9,3,Returning_Visitor,1,0,0.02480477721635278,Low Intent
8,308.5859649,0,0.0,67,1784.755219,0.000352113,0.001928521,0.384720286,0.0,Sep,3,2,1,2,Returning_Visitor,0,0,0.09202453987730061,Low Intent
0,0.0,0,0.0,58,2498.029762,0.020689655,0.046264368,0.0,0.4,May,2,6,3,20,Returning_Visitor,0,0,0.0012126111560226355,Low Intent
4,94.86666667,0,0.0,22,812.1357143,0.008333333,0.042708333,18.08644865,0.0,Jul,3,2,2,4,Returning_Visitor,0,1,0.5756097560975609,Medium Intent
0,0.0,0,0.0,2,0.0,0.2,0.2,0.0,0.0,May,1,1,1,1,Returning_Visitor,0,0,0.0012126111560226355,Low Intent
1,44.0,0,0.0,1,0.0,0.0,0.066666667,0.0,0.0,Sep,1,1,1,5,New_Visitor,0,1,0.47058823529411764,Medium Intent
4,122.25,0,0.0,45,2007.522619,0.013043478,0.018657031,0.0,0.0,Nov,1,1,4,2,Returning_Visitor,0,0,0.16939890710382513,Low Intent
0,0.0,0,0.0,6,339.5,0.0,0.016666667,124.9045858,0.0,Nov,2,6,9,20,New_Visitor,0,1,0.964,High Intent
1,14.0,0,0.0,21,334.7857143,0.0,0.023333333,0.0,0.0,Mar,2,2,1,1,Returning_Visitor,0,0,0.02480477721635278,Low Intent
0,0.0,0,0.0,25,610.3095238,0.0,0.039,0.0,0.0,Nov,2,2,3,2,Returning_Visitor,0,0,0.05405405405405406,Low Intent
0,0.0,0,0.0,5,0.0,0.2,0.2,0.0,0.0,May,3,2,5,6,Returning_Visitor,0,0,0.0012126111560226355,Low Intent
3,51.48,0,0.0,16,164.8133333,0.038095238,0.05991342,0.0,0.0,Oct,1,1,6,5,Returning_Visitor,1,0,0.02480477721635278,Low Intent
4,91.0,0,0.0,2,22.0,0.033333333,0.022222222,0.0,0.0,Dec,1,1,1,2,New_Visitor,0,0,0.02480477721635278,Low Intent
0,0.0,0,0.0,4,93.5,0.0,0.05,0.0,0.0,May,2,2,1,2,Returning_Visitor,1,0,0.0012126111560226355,Low Intent
6,634.5,3,312.75,172,7017.192635,0.001396648,0.019865374,0.0,0.0,Nov,2,4,1,2,Returning_Visitor,0,0,0.2736318407960199,Low Intent
0,0.0,3,13.0,36,1042.507143,0.01025641,0.027136752,0.0,0.0,Dec,1,1,3,1,Returning_Visitor,0,0,0.016100178890876567,Low Intent
0,0.0,0,0.0,8,361.0,0.0,0.025,0.0,0.0,Dec,2,2,3,3,Returning_Visitor,0,0,0.016100178890876567,Low Intent
0,0.0,0,0.0,12,338.75,0.0,0.033333333,0.0,0.0,Nov,2,4,1,2,Returning_Visitor,0,0,0.05405405405405406,Low Intent
2,110.8,0,0.0,6,85.76666667,0.0,0.028571429,59.57182786,0.0,Aug,1,1,1,4,Returning_Visitor,0,1,0.7888446215139442,High Intent
0,0.0,1,15.0,25,1235.65,0.041666667,0.05327381,0.0,0.0,Mar,1,1,1,3,Returning_Visitor,1,0,0.0012126111560226355,Low Intent
0,0.0,0,0.0,6,98.0,0.0,0.066666667,0.0,0.0,Feb,2,5,1,3,Returning_Visitor,0,0,0.0012126111560226355,Low Intent
1,11.83333333,2,27.0,31,424.75,0.019047619,0.039292517,30.81857956,0.0,Nov,2,2,3,1,Returning_Visitor,0,1,0.39849624060150374,Medium Intent
4,35.125,0,0.0,31,1975.458333,0.0,0.01,0.0,0.0,Mar,2,2,3,3,New_Visitor,1,0,0.02480477721635278,Low Intent
0,0.0,0,0.0,42,602.8833333,0.0,0.004365079,21.26632526,0.0,Sep,6,2,3,1,Returning_Visitor,0,0,0.7916666666666666,High Intent
0,0.0,0,0.0,60,1063.666667,0.014166667,0.049722222,0.0,0.0,Aug,2,2,2,1,Returning_Visitor,0,0,0.0012126111560226355,Low Intent
0,0.0,0,0.0,1,0.0,0.2,0.2,0.0,0.4,May,2,2,1,13,Returning_Visitor,0,0,0.0012126111560226355,Low Intent
14,295.2,3,56.9,80,1242.063095,0.004545455,0.020707071,0.0,0.0,Oct,2,2,3,1,Returning_Visitor,0,0,0.02480477721635278,Low Intent
3,120.6,3,183.8,85,1813.753466,0.0,0.005699436,0.858361456,0.0,Aug,2,2,3,4,Returning_Visitor,0,0,0.02480477721635278,Low Intent
2,7.0,0,0.0,27,559.4,0.014814815,0.030452675,0.0,0.0,Mar,2,4,4,3,Returning_Visitor,1,0,0.02480477721635278,Low Intent
0,0.0,0,0.0,3,255.0,0.0,0.066666667,0.0,0.0,Nov,2,5,8,3,Returning_Visitor,1,0,0.05405405405405406,Low Intent
0,0.0,0,0.0,2,49.0,0.0,0.1,0.0,0.0,Mar,2,2,1,3,Returning_Visitor,1,0,0.0012126111560226355,Low Intent
0,0.0,0,0.0,5,186.0666667,0.146666667,0.15952381,0.0,0.0,June,3,2,1,13,Returning_Visitor,0,0,0.0012126111560226355,Low Intent
0,0.0,0,0.0,79,1562.866667,0.017721519,0.02124774,0.0,0.8,May,3,2,1,13,Returning_Visitor,0,0,0.0012126111560226355,Low Intent
5,157.5,3,433.5,9,599.5,0.0,0.020833333,0.0,0.0,Nov,1,1,1,2,New_Visitor,0,0,0.16853932584269662,Low Intent
3,371.7,5,106.0,85,2128.730927,0.003914141,0.007300316,43.71856886,0.0,Nov,1,1,1,2,Returning_Visitor,0,1,0.5,Medium Intent
0,0.0,0,0.0,3,14.0,0.0,0.066666667,0.0,0.0,Mar,4,1,3,3,Returning_Visitor,0,0,0.0012126111560226355,Low Intent
0,0.0,0,0.0,27,630.75,0.016,0.02,0.0,0.0,Nov,2,2,3,1,Returning_Visitor,1,0,0.05405405405405406,Low Intent
2,119.8,1,22.2,15,643.5,0.0,0.005882353,0.0,0.0,Sep,3,2,1,5,Returning_Visitor,1,0,0.09202453987730061,Low Intent
6,183.25,2,80.5,60,1883.444231,0.0,0.020858475,0.0,0.0,Nov,3,12,1,6,Returning_Visitor,1,1,0.16853932584269662,Low Intent
3,133.8666667,0,0.0,7,128.0,0.0,0.026666667,0.0,0.0,Oct,1,2,1,1,Returning_Visitor,1,0,0.02480477721635278,Low Intent
0,0.0,0,0.0,52,1622.433333,0.006410256,0.031730769,0.0,0.0,May,2,2,3,13,Returning_Visitor,0,0,0.0012126111560226355,Low Intent
4,97.2,2,16.0,26,690.5666667,0.0,0.003703704,59.33984611,0.0,Jul,2,4,8,2,Returning_Visitor,0,1,0.7888446215139442,High Intent
0,0.0,0,0.0,44,547.0,0.06,0.087407407,0.0,0.6,May,3,2,1,13,Returning_Visitor,0,0,0.0012126111560226355,Low Intent
4,37.5,2,82.0,4,96.625,0.0,0.0175,0.0,0.0,Nov,2,2,9,2,New_Visitor,0,0,0.16853932584269662,Low Intent
0,0.0,0,0.0,4,140.0,0.05,0.1,0.0,0.0,Sep,3,2,1,13,Returning_Visitor,0,0,0.0012126111560226355,Low Intent
1,39.2,2,120.8,7,80.5,0.0,0.01,0.0,0.0,Nov,3,2,4,2,New_Visitor,1,0,0.16853932584269662,Low Intent
6,461.0,0,0.0,4,111.0,0.0,0.011111111,0.0,0.0,Dec,3,3,3,8,New_Visitor,0,0,0.02480477721635278,Low Intent
4,158.3333333,1,9.0,9,634.2,0.005555556,0.008095238,0.0,0.0,Mar,3,2,1,1,Returning_Visitor,1,0,0.02480477721635278,Low Intent
15,168.429198,2,10.0,98,2806.829918,0.01314475,0.039029125,0.546128304,0.0,May,2,2,3,2,Returning_Visitor,1,0,0.02480477721635278,Low Intent
0,0.0,0,0.0,49,1571.12381,0.004255319,0.010638298,0.0,0.0,Jul,2,2,8,4,New_Visitor,1,0,0.0012126111560226355,Low Intent
1,260.0,0,0.0,11,198.1666667,0.0,0.008333333,0.0,0.0,May,2,2,9,2,New_Visitor,0,0,0.02480477721635278,Low Intent
4,206.6,0,0.0,6,282.8,0.025,0.025,0.0,0.0,Sep,3,2,3,5,Returning_Visitor,0,0,0.09202453987730061,Low Intent
5,446.25,0,0.0,18,815.25,0.0,0.0025,0.0,0.0,Dec,8,13,9,20,Other,0,0,0.02480477721635278,Low Intent
7,42.0,0,0.0,23,502.525,0.007142857,0.021428571,0.0,0.0,Nov,2,5,3,3,Returning_Visitor,1,0,0.05405405405405406,Low Intent
0,0.0,0,0.0,25,934.3666667,0.024,0.054,0.0,0.6,May,2,2,6,13,Returning_Visitor,0,0,0.0012126111560226355,Low Intent
1,27.0,0,0.0,4,30.0,0.04,0.08,0.0,0.6,May,3,2,2,11,New_Visitor,0,0,0.02480477721635278,Low Intent
0,0.0,0,0.0,1,12.0,0.0,0.1,0.0,0.0,May,1,1,4,1,Returning_Visitor,1,0,0.0012126111560226355,Low Intent
5,147.4,0,0.0,12,1226.1,0.022222222,0.037301587,5.034409251,0.0,Sep,3,2,2,1,Returning_Visitor,0,1,0.3225806451612903,Medium Intent
0,0.0,0,0.0,19,1056.658333,0.005882353,0.041176471,0.0,0.0,Dec,1,1,1,8,Returning_Visitor,0,0,0.016100178890876567,Low Intent
0,0.0,0,0.0,13,98.66666667,0.015384615,0.046153846,0.0,0.0,Dec,2,2,3,13,Returning_Visitor,0,0,0.016100178890876567,Low Intent
1,7.0,0,0.0,15,430.5,0.0,0.019047619,0.0,0.0,May,2,4,7,2,Returning_Visitor,0,0,0.02480477721635278,Low Intent
0,0.0,0,0.0,41,3389.8,0.032478632,0.05019425,0.0,0.0,Sep,2,4,3,1,Returning_Visitor,0,0,0.0012126111560226355,Low Intent
7,177.25,0,0.0,13,297.8333333,0.0,0.021428571,0.0,0.0,Nov,1,2,3,2,New_Visitor,1,0,0.11790393013100436,Low Intent
0,0.0,0,0.0,8,1102.5,0.04,0.090625,0.0,0.0,Dec,1,1,6,2,Returning_Visitor,1,0,0.016100178890876567,Low Intent
10,236.0795455,2,5.0,107,2589.881537,0.010601564,0.019627539,0.0,0.0,Dec,3,2,4,2,Returning_Visitor,0,0,0.02480477721635278,Low Intent
0,0.0,0,0.0,1,67.0,0.1,0.133333333,0.0,0.0,Mar,3,3,1,3,Returning_Visitor,0,0,0.0012126111560226355,Low Intent
0,0.0,0,0.0,4,56.0,0.1,0.15,0.0,0.0,May,2,2,6,3,Returning_Visitor,0,0,0.0012126111560226355,Low Intent
7,66.0,0,0.0,6,146.5,0.0,0.018181818,0.0,0.0,Nov,2,4,1,2,New_Visitor,0,0,0.11790393013100436,Low Intent
5,471.25,0,0.0,21,883.0,0.0,0.010666667,44.98081787,0.0,Nov,1,1,2,8,New_Visitor,1,1,0.7888446215139442,High Intent
0,0.0,0,0.0,11,200.85,0.036363636,0.047107438,0.0,0.0,Mar,1,1,2,1,Returning_Visitor,0,0,0.0012126111560226355,Low Intent
2,12.1,0,0.0,4,38.3,0.00952381,0.066666667,0.0,0.0,Nov,1,2,1,5,Returning_Visitor,0,0,0.05405405405405406,Low Intent
9,779.3556619,4,163.6666667,75,13430.97606,0.002941176,0.032017551,16.16333333,0.0,May,2,2,2,13,Returning_Visitor,0,1,0.21727748691099477,Low Intent
0,0.0,0,0.0,8,110.0,0.0,0.0125,0.0,0.0,May,2,5,1,2,Returning_Visitor,0,0,0.0012126111560226355,Low Intent
7,46.3,0,0.0,2,9.0,0.0,0.025,0.0,0.0,Sep,2,4,1,2,New_Visitor,0,0,0.47058823529411764,Medium Intent
2,110.0,0,0.0,4,125.0,0.0,0.016666667,0.0,0.0,Mar,3,2,2,1,Returning_Visitor,0,0,0.02480477721635278,Low Intent
6,202.1,0,0.0,47,3633.953333,0.00130719,0.017287582,16.14887273,0.0,Oct,4,2,8,1,Returning_Visitor,0,0,0.21727748691099477,Low Intent
0,0.0,2,23.0,4,57.75,0.0,0.066666667,0.0,0.0,Nov,2,5,3,1,Returning_Visitor,0,0,0.16853932584269662,Low Intent
5,448.5,4,52.0,81,2537.807082,0.013793103,0.028674678,0.0,0.0,Nov,3,2,3,2,Returning_Visitor,1,0,0.2736318407960199,Low Intent
0,0.0,1,15.0,103,3626.003223,0.00751634,0.035131628,0.0,0.0,Nov,1,1,4,2,Returning_Visitor,1,0,0.2736318407960199,Low Intent
0,0.0,0,0.0,13,436.6,0.002564103,0.082692308,0.0,0.6,May,1,6,1,4,Returning_Visitor,0,0,0.0012126111560226355,Low Intent
0,0.0,0,0.0,14,1789.39881,0.0,0.029047619,0.0,0.0,Mar,1,1,2,2,Returning_Visitor,0,0,0.0012126111560226355,Low Intent
6,44.4,1,0.0,38,2001.7,0.006342495,0.030232558,0.0,0.0,June,2,2,2,3,Returning_Visitor,0,0,0.02480477721635278,Low Intent
0,0.0,0,0.0,5,108.0,0.0,0.04,0.0,0.0,Dec,2,2,1,2,New_Visitor,0,0,0.016100178890876567,Low Intent
0,0.0,0,0.0,10,856.3333333,0.025,0.05,0.0,0.0,May,1,2,2,4,Returning_Visitor,1,0,0.0012126111560226355,Low Intent
0,0.0,0,0.0,16,644.2,0.004166667,0.031666667,0.0,0.0,Feb,3,2,3,4,Returning_Visitor,0,0,0.0012126111560226355,Low Intent
0,0.0,0,0.0,15,267.7333333,0.022857143,0.040606061,0.0,0.0,Nov,3,2,3,11,Returning_Visitor,1,0,0.05405405405405406,Low Intent
0,0.0,0,0.0,1,0.0,0.2,0.2,0.0,0.0,Nov,7,1,1,3,Returning_Visitor,0,0,0.05405405405405406,Low Intent
0,0.0,0,0.0,4,44.5,0.0,0.05,0.0,0.0,Dec,2,2,8,2,Returning_Visitor,0,0,0.016100178890876567,Low Intent
0,0.0,0,0.0,22,821.8933333,0.001515152,0.042424242,0.0,0.0,Jul,2,4,6,1,Returning_Visitor,0,0,0.0012126111560226355,Low Intent
0,0.0,0,0.0,25,319.3333333,0.016666667,0.036666667,10.4445,0.0,May,2,5,5,1,Returning_Visitor,0,1,0.3225806451612903,Medium Intent
0,0.0,0,0.0,24,445.9,0.058333333,0.079166667,0.0,0.0,Aug,2,4,1,1,Returning_Visitor,0,0,0.0012126111560226355,Low Intent
0,0.0,0,0.0,6,134.0,0.066666667,0.094444444,0.0,0.0,May,1,1,1,3,Returning_Visitor,0,0,0.0012126111560226355,Low Intent
2,92.0,2,59.5,39,2207.757143,0.009756098,0.023577236,0.0,0.0,Dec,3,2,1,2,Returning_Visitor,0,0,0.02480477721635278,Low Intent
0,0.0,0,0.0,11,185.0,0.0,0.054545455,0.0,0.6,May,2,2,1,6,Returning_Visitor,0,0,0.0012126111560226355,Low Intent
6,83.4,1,102.3,34,970.6266667,0.008823529,0.014313725,0.0,0.0,Nov,1,1,6,2,Returning_Visitor,0,0,0.05405405405405406,Low Intent
7,145.98,0,0.0,36,646.1533333,0.0,0.017719298,22.08032319,0.0,Aug,2,2,2,2,Returning_Visitor,0,0,0.5842696629213483,Medium Intent
4,103.0,0,0.0,13,250.1666667,0.0,0.030612245,0.0,0.0,Mar,3,2,1,11,Returning_Visitor,0,0,0.02480477721635278,Low Intent
0,0.0,0,0.0,9,268.5,0.055555556,0.1,0.0,0.8,May,2,2,1,6,Returning_Visitor,0,0,0.0012126111560226355,Low Intent
0,0.0,0,0.0,8,95.0,0.025,0.058333333,0.0,0.0,Dec,2,4,7,1,Returning_Visitor,0,0,0.016100178890876567,Low Intent
0,0.0,0,0.0,37,5208.65,0.0,0.01829932,0.0,0.0,Nov,2,2,1,6,Returning_Visitor,0,0,0.16939890710382513,Low Intent
4,242.8,0,0.0,7,238.6,0.018181818,0.063636364,0.0,0.0,Oct,2,2,1,2,Returning_Visitor,1,0,0.02480477721635278,Low Intent
13,611.0470588,7,393.325,34,1352.816503,0.009406495,0.033988025,5.816167973,0.0,May,2,2,6,2,Returning_Visitor,0,0,0.21727748691099477,Low Intent
0,0.0,0,0.0,14,862.7916667,0.014285714,0.02,0.0,0.0,Nov,1,1,1,10,Returning_Visitor,0,0,0.05405405405405406,Low Intent
0,0.0,0,0.0,42,1185.666667,0.0,0.004761905,0.0,0.0,Mar,2,2,1,1,Returning_Visitor,0,0,0.0012126111560226355,Low Intent
9,794.8833333,0,0.0,36,1697.55,0.0175,0.02575,24.61425,0.2,May,2,2,1,4,Returning_Visitor,0,0,0.21727748691099477,Low Intent
2,59.0,0,0.0,3,82.0,0.04,0.06,0.0,0.0,May,1,1,6,3,New_Visitor,0,0,0.02480477721635278,Low Intent
0,0.0,0,0.0,2,16.0,0.0,0.1,0.0,0.8,May,2,2,1,2,Returning_Visitor,0,0,0.0012126111560226355,Low Intent
12,244.25,0,0.0,110,4006.359314,0.01,0.030496867,11.10333103,0.0,Nov,2,7,1,1,Returning_Visitor,0,0,0.39849624060150374,Medium Intent
2,32.7,0,0.0,6,812.35,0.018181818,0.036709957,24.16451021,0.0,Aug,3,2,1,2,Returning_Visitor,0,0,0.5756097560975609,Medium Intent
1,28.25,0,0.0,30,1862.333333,0.0,0.026436782,0.0,0.0,Nov,3,2,1,13,Returning_Visitor,0,0,0.05405405405405406,Low Intent
3,219.0,0,0.0,12,526.3333333,0.022222222,0.058571429,0.0,0.0,Mar,1,1,3,1,Returning_Visitor,0,0,0.02480477721635278,Low Intent
8,96.75,1,73.75,64,2527.083333,0.0,0.005239899,0.0,0.0,Nov,2,2,4,2,Returning_Visitor,0,0,0.16939890710382513,Low Intent
0,0.0,0,0.0,6,364.5,0.077777778,0.072222222,0.0,0.6,May,3,2,4,3,Returning_Visitor,0,0,0.0012126111560226355,Low Intent
0,0.0,0,0.0,8,332.0,0.0,0.028571429,14.1273698,0.0,Nov,1,2,4,8,New_Visitor,1,1,0.9565217391304348,High Intent
5,110.3,1,21.8,78,3621.606667,0.0,0.006024096,18.78186098,0.0,Jul,2,4,4,1,Returning_Visitor,0,0,0.7888446215139442,High Intent
0,0.0,0,0.0,6,184.25,0.083333333,0.086666667,0.0,0.0,Nov,3,2,1,13,Returning_Visitor,1,0,0.05405405405405406,Low Intent
3,151.0,0,0.0,6,892.0,0.0,0.018518519,0.0,0.0,Mar,3,2,3,3,Returning_Visitor,1,0,0.02480477721635278,Low Intent
0,0.0,0,0.0,5,108.0,0.0,0.08,0.0,0.0,May,2,2,3,13,Returning_Visitor,0,0,0.0012126111560226355,Low Intent
0,0.0,0,0.0,171,6793.383281,0.007766272,0.023198706,2.381971158,0.0,Nov,2,2,1,1,Returning_Visitor,0,1,0.7428571428571429,High Intent
0,0.0,0,0.0,13,252.0,0.0,0.061538462,0.0,0.0,May,2,2,8,3,Returning_Visitor,0,0,0.0012126111560226355,Low Intent
8,447.125,3,168.375,142,4777.812554,0.005666252,0.019707705,0.0,0.0,Nov,3,2,1,1,Returning_Visitor,1,0,0.2736318407960199,Low Intent
0,0.0,0,0.0,18,481.4,0.068518519,0.091604938,0.0,0.0,Aug,3,2,3,3,Returning_Visitor,0,0,0.0012126111560226355,Low Intent
1,138.5,0,0.0,21,831.0,0.0,0.01,0.0,0.0,Dec,2,12,4,2,Returning_Visitor,0,0,0.02480477721635278,Low Intent
0,0.0,0,0.0,13,1001.3,0.0,0.057142857,0.0,0.0,June,2,2,9,1,Returning_Visitor,0,0,0.0012126111560226355,Low Intent
0,0.0,0,0.0,7,355.6666667,0.0,0.038095238,0.0,1.0,May,1,1,2,2,Returning_Visitor,1,0,0.0012126111560226355,Low Intent
0,0.0,0,0.0,47,778.7619048,0.042553191,0.051999065,0.0,0.0,May,3,2,6,15,Returning_Visitor,1,0,0.0012126111560226355,Low Intent
0,0.0,0,0.0,1,39.5,0.0,0.1,0.0,0.0,Dec,1,2,1,2,Returning_Visitor,0,0,0.016100178890876567,Low Intent
0,0.0,0,0.0,26,955.375,0.0,0.008333333,0.0,0.0,Dec,2,2,7,2,New_Visitor,1,0,0.016100178890876567,Low Intent
1,390.0,0,0.0,26,1325.833333,0.007692308,0.025641026,0.0,0.0,Dec,2,2,1,1,Returning_Visitor,1,0,0.02480477721635278,Low Intent
0,0.0,0,0.0,5,67.0,0.12,0.14,0.0,0.6,May,1,1,6,3,Returning_Visitor,0,0,0.0012126111560226355,Low Intent
3,40.55,0,0.0,10,151.0818182,0.008333333,0.038888889,0.0,0.0,Jul,2,2,1,5,New_Visitor,0,0,0.128,Low Intent
0,0.0,0,0.0,13,138.5416667,0.023076923,0.028205128,0.0,0.0,Dec,1,1,8,1,Returning_Visitor,1,0,0.016100178890876567,Low Intent
2,98.0,0,0.0,29,1407.375,0.0,0.006666667,39.59436227,0.0,Dec,2,2,4,1,Returning_Visitor,1,1,0.7888446215139442,High Intent
0,0.0,0,0.0,5,112.0,0.0,0.02,0.0,0.0,May,2,2,4,1,Returning_Visitor,1,0,0.0012126111560226355,Low Intent
0,0.0,0,0.0,19,557.35,0.0,0.029824561,0.0,0.0,Nov,1,1,3,3,Returning_Visitor,1,0,0.05405405405405406,Low Intent
0,0.0,0,0.0,8,261.8,0.01,0.04,10.99901844,0.0,Sep,2,2,4,1,Returning_Visitor,1,0,0.5756097560975609,Medium Intent
8,452.5,0,0.0,30,643.4333333,0.0,0.019047619,0.0,0.0,Oct,1,1,9,2,Returning_Visitor,0,0,0.02480477721635278,Low Intent
0,0.0,0,0.0,28,341.4583333,0.0,0.007407407,0.0,0.0,Dec,2,4,3,10,New_Visitor,0,0,0.016100178890876567,Low Intent
0,0.0,0,0.0,9,381.0,0.0,0.025,0.0,0.0,Mar,2,2,6,2,New_Visitor,0,0,0.0012126111560226355,Low Intent
9,279.5,0,0.0,14,313.5833333,0.0,0.010526316,0.0,0.0,Nov,1,1,1,2,New_Visitor,0,0,0.11790393013100436,Low Intent
7,159.5,0,0.0,14,249.0,0.011764706,0.041176471,0.0,0.0,Mar,1,1,3,2,Returning_Visitor,1,0,0.02480477721635278,Low Intent
6,91.75,0,0.0,11,380.6666667,0.0,0.005128205,0.0,0.0,Dec,2,2,1,2,Returning_Visitor,1,0,0.02480477721635278,Low Intent
0,0.0,0,0.0,3,50.4,0.0,0.066666667,0.0,0.0,Jul,2,2,3,1,Returning_Visitor,0,0,0.0012126111560226355,Low Intent
2,14.0,0,0.0,8,57.0,0.0,0.057142857,0.0,0.0,Mar,1,2,4,8,New_Visitor,0,0,0.02480477721635278,Low Intent
4,184.3666667,0,0.0,3,52.26666667,0.0,0.021212121,0.0,0.0,Oct,3,2,1,5,Returning_Visitor,0,0,0.02480477721635278,Low Intent
5,218.8,0,0.0,5,71.4,0.0,0.02,11.21330466,0.0,Oct,2,4,7,2,New_Visitor,0,1,0.2839506172839506,Low Intent
1,19.0,1,11.0,11,66.83333333,0.0,0.019230769,0.0,0.0,Nov,2,2,1,8,New_Visitor,0,0,0.11790393013100436,Low Intent
1,49.0,0,0.0,112,2237.603885,0.003933137,0.019128308,0.0,0.0,Dec,1,1,4,2,Returning_Visitor,0,0,0.02480477721635278,Low Intent
1,20.0,0,0.0,18,375.5547619,0.0,0.0125,32.3171163,0.0,Nov,2,2,5,3,Returning_Visitor,0,1,0.964,High Intent
0,0.0,1,37.2,37,2767.753333,0.005555556,0.015,0.0,0.0,Nov,2,2,2,2,Returning_Visitor,0,0,0.16939890710382513,Low Intent
1,18.2,0,0.0,58,2007.206667,0.003448276,0.027298851,0.0,0.0,Jul,4,2,8,1,Returning_Visitor,0,0,0.128,Low Intent
0,0.0,0,0.0,9,69.75,0.088888889,0.122222222,0.0,0.0,Dec,2,2,1,3,Returning_Visitor,0,0,0.016100178890876567,Low Intent
0,0.0,1,36.5,17,318.25,0.011111111,0.05,17.96069044,0.0,Nov,2,5,1,1,Returning_Visitor,1,1,0.39849624060150374,Medium Intent
13,407.57,0,0.0,146,2650.780526,0.0,0.011184211,0.0,0.0,Oct,4,1,1,2,Returning_Visitor,1,0,0.02480477721635278,Low Intent
3,41.5,0,0.0,5,68.75,0.0,0.0375,0.0,0.0,Nov,1,2,1,8,New_Visitor,0,0,0.11790393013100436,Low Intent
0,0.0,0,0.0,0,0.0,0.2,0.2,0.0,0.0,Nov,1,1,8,8,Returning_Visitor,0,0,0.05405405405405406,Low Intent
0,0.0,0,0.0,2,107.8,0.0,0.1,0.0,0.0,Aug,2,2,5,13,Returning_Visitor,0,0,0.0012126111560226355,Low Intent
2,11.0,0,0.0,72,1706.064885,0.011111111,0.021240391,0.0,0.0,Nov,1,1,3,2,Returning_Visitor,0,0,0.05405405405405406,Low Intent
0,0.0,0,0.0,9,166.12,0.0,0.022222222,0.0,0.0,Jul,2,2,1,1,Returning_Visitor,0,0,0.0012126111560226355,Low Intent
4,190.5,3,575.0,30,2375.083333,0.0,0.011111111,34.79013586,0.0,Dec,2,2,3,2,New_Visitor,0,1,0.7888446215139442,High Intent
0,0.0,0,0.0,22,887.3547619,0.01,0.0145,0.0,0.0,May,3,2,8,2,Returning_Visitor,0,0,0.0012126111560226355,Low Intent
0,0.0,0,0.0,1,0.0,0.2,0.2,0.0,0.0,Dec,3,2,4,2,Returning_Visitor,0,0,0.016100178890876567,Low Intent
10,208.5133333,0,0.0,17,369.1,0.0,0.004,0.0,0.0,Sep,3,2,1,6,New_Visitor,0,0,0.09202453987730061,Low Intent
0,0.0,0,0.0,2,57.5,0.0,0.1,0.0,0.0,Dec,1,1,4,2,Returning_Visitor,0,0,0.016100178890876567,Low Intent
0,0.0,0,0.0,6,142.125,0.0,0.033333333,0.0,0.0,Nov,3,2,6,2,Returning_Visitor,0,0,0.05405405405405406,Low Intent
8,246.5,0,0.0,74,2326.666667,0.0,0.002597403,5.015272727,0.0,May,2,4,3,2,New_Visitor,0,0,0.2839506172839506,Low Intent
9,299.45,2,48.3,54,2802.367821,0.009289968,0.025442703,16.96885494,0.0,Aug,3,2,7,1,Returning_Visitor,0,0,0.21727748691099477,Low Intent
3,515.0,0,0.0,29,3229.169841,0.003225806,0.033064516,15.65808387,0.0,May,1,1,1,1,Returning_Visitor,0,1,0.21727748691099477,Low Intent
2,140.1666667,4,244.3,14,307.4435055,0.044444444,0.067397661,0.0,0.0,Sep,3,2,1,1,Returning_Visitor,0,0,0.09202453987730061,Low Intent
1,36.0,0,0.0,34,2240.166667,0.013541667,0.034895833,0.0,0.6,May,1,1,1,4,Returning_Visitor,0,0,0.02480477721635278,Low Intent
2,38.0,0,0.0,11,713.0,0.0,0.016666667,113.98,0.0,May,2,2,1,2,Returning_Visitor,0,1,0.7888446215139442,High Intent
0,0.0,0,0.0,12,666.0,0.0,0.018181818,0.0,0.0,May,2,4,8,2,Returning_Visitor,0,0,0.0012126111560226355,Low Intent
5,72.425,2,72.0,33,1143.657143,0.0,0.015888889,4.230212245,0.0,May,2,2,2,1,Returning_Visitor,1,0,0.2839506172839506,Low Intent
0,0.0,0,0.0,15,1069.7,0.0,0.046666667,0.0,0.0,Jul,3,2,6,1,Returning_Visitor,0,0,0.0012126111560226355,Low Intent
0,0.0,2,861.0,12,2250.35,0.014285714,0.030952381,0.0,0.0,Nov,1,1,3,2,Returning_Visitor,1,0,0.16939890710382513,Low Intent
0,0.0,0,0.0,4,18.0,0.05,0.1,0.0,0.0,Nov,2,2,1,13,Returning_Visitor,0,0,0.05405405405405406,Low Intent
0,0.0,0,0.0,12,631.75,0.054545455,0.072727273,76.05518858,0.0,Nov,1,1,1,3,Returning_Visitor,0,0,0.39849624060150374,Medium Intent
0,0.0,0,0.0,15,290.1,0.0,0.026666667,0.0,0.0,Dec,2,5,6,3,Returning_Visitor,0,0,0.016100178890876567,Low Intent
0,0.0,2,111.9,25,360.5111111,0.065384615,0.066783217,0.0,0.0,Jul,3,2,4,3,Returning_Visitor,0,0,0.0012126111560226355,Low Intent
6,61.66666667,0,0.0,18,397.6666667,0.0,0.011904762,12.55885714,0.0,May,2,2,1,4,Returning_Visitor,0,1,0.2839506172839506,Low Intent
1,63.4,0,0.0,3,120.4,0.0,0.0,42.29306752,0.0,Oct,1,1,3,3,New_Visitor,0,1,0.964,High Intent
0,0.0,0,0.0,13,490.0833333,0.0,0.003636364,11.988,1.0,May,1,8,1,11,New_Visitor,1,1,0.9565217391304348,High Intent
0,0.0,0,0.0,16,142.5,0.0375,0.08125,0.0,0.0,May,2,2,1,4,Returning_Visitor,0,0,0.0012126111560226355,Low Intent
6,191.0,1,26.5,37,1874.841667,0.009302326,0.010077519,0.0,0.0,Nov,2,2,4,3,Returning_Visitor,0,0,0.05405405405405406,Low Intent
1,114.8,0,0.0,10,951.4333333,0.0,0.018181818,0.0,0.0,Sep,3,2,6,1,Returning_Visitor,0,0,0.09202453987730061,Low Intent
2,11.0,0,0.0,4,15.0,0.0,0.04,0.0,0.0,Aug,2,10,1,1,Returning_Visitor,0,0,0.02480477721635278,Low Intent
2,129.0,0,0.0,31,866.7,0.011827957,0.034101382,18.11148387,0.0,May,3,2,6,1,Returning_Visitor,0,1,0.5756097560975609,Medium Intent
0,0.0,0,0.0,12,279.547619,0.0,0.019047619,0.0,0.0,Nov,3,2,1,3,Returning_Visitor,0,0,0.05405405405405406,Low Intent
0,0.0,0,0.0,43,1650.416667,0.0,0.003875969,0.0,0.0,Mar,2,2,7,3,Returning_Visitor,1,0,0.0012126111560226355,Low Intent
4,296.2,0,0.0,33,920.4,0.0,0.013513514,0.0,0.0,Oct,1,1,1,5,Returning_Visitor,0,0,0.02480477721635278,Low Intent
1,58.5,1,0.0,11,1012.166667,0.0,0.041666667,62.86831138,0.0,Nov,2,2,1,1,Returning_Visitor,0,1,0.964,High Intent
7,58.6,0,0.0,20,585.8833333,0.017391304,0.044637681,0.0,0.0,Jul,1,1,1,4,Returning_Visitor,1,0,0.128,Low Intent
0,0.0,0,0.0,39,3413.833333,0.005128205,0.028205128,0.0,0.4,May,4,1,9,3,Returning_Visitor,0,0,0.0012126111560226355,Low Intent
0,0.0,0,0.0,16,316.0,0.025,0.0375,0.0,0.0,Nov,1,8,9,2,Returning_Visitor,0,0,0.05405405405405406,Low Intent
4,86.0,0,0.0,46,2450.688095,0.027083333,0.047905093,0.0,0.0,Mar,1,1,3,3,Returning_Visitor,0,0,0.02480477721635278,Low Intent
2,199.0,0,0.0,10,155.0,0.0,0.045454545,0.0,0.0,May,2,2,3,1,Returning_Visitor,0,0,0.02480477721635278,Low Intent
3,52.75,0,0.0,31,3069.077778,0.006451613,0.020537634,5.793026792,0.0,Nov,1,1,3,2,Returning_Visitor,0,1,0.39849624060150374,Medium Intent
0,0.0,0,0.0,3,55.0,0.0,0.066666667,0.0,0.0,Mar,2,2,1,10,Returning_Visitor,0,0,0.0012126111560226355,Low Intent
0,0.0,1,14.0,104,7181.877778,0.008843537,0.023737786,0.0,0.0,Nov,2,2,1,2,Returning_Visitor,0,0,0.2736318407960199,Low Intent
0,0.0,2,12.0,0,0.0,0.0,0.1,0.0,0.0,Dec,2,2,1,2,Returning_Visitor,0,0,0.016100178890876567,Low Intent
0,0.0,0,0.0,6,100.0,0.0,0.033333333,0.0,0.0,Mar,2,2,4,6,Returning_Visitor,1,0,0.0012126111560226355,Low Intent
9,266.7433333,4,1312.4,26,743.4766667,0.0,0.021969697,9.284545518,0.0,Nov,2,7,1,2,Returning_Visitor,1,1,0.5428571428571428,Medium Intent
0,0.0,0,0.0,11,419.75,0.0,0.006060606,0.0,0.0,Mar,2,2,6,1,Returning_Visitor,0,0,0.0012126111560226355,Low Intent
0,0.0,0,0.0,2,0.0,0.2,0.2,0.0,0.0,Nov,1,1,9,1,Returning_Visitor,0,0,0.05405405405405406,Low Intent
1,81.0,0,0.0,12,131.5,0.0,0.003076923,0.0,1.0,May,3,2,1,4,Returning_Visitor,1,0,0.02480477721635278,Low Intent
5,81.66666667,0,0.0,43,875.0,0.0,0.009761905,0.0,0.0,May,2,2,5,4,Returning_Visitor,0,0,0.02480477721635278,Low Intent
16,770.6,0,0.0,52,3593.12932,0.007795699,0.018264209,0.0,0.0,May,1,2,1,2,Returning_Visitor,0,0,0.02480477721635278,Low Intent
0,0.0,0,0.0,15,411.0833333,0.013333333,0.033333333,0.0,0.0,Nov,2,2,3,3,Returning_Visitor,0,0,0.05405405405405406,Low Intent
0,0.0,0,0.0,15,225.0,0.0,0.026666667,0.0,0.0,May,2,2,7,3,Returning_Visitor,0,0,0.0012126111560226355,Low Intent
0,0.0,0,0.0,25,612.5833333,0.008333333,0.0125,0.0,0.8,May,3,2,1,13,Returning_Visitor,0,0,0.0012126111560226355,Low Intent
2,11.5,0,0.0,12,1562.0,0.023,0.042941176,33.1128,0.8,May,2,2,1,1,Returning_Visitor,0,0,0.21727748691099477,Low Intent
5,169.0,0,0.0,3,50.0,0.0,0.033333333,0.0,0.0,Mar,1,1,1,9,New_Visitor,0,0,0.02480477721635278,Low Intent
0,0.0,0,0.0,1,0.0,0.2,0.2,0.0,0.0,Nov,1,1,1,1,Other,0,0,0.11790393013100436,Low Intent
0,0.0,0,0.0,2,0.0,0.2,0.2,0.0,0.8,May,3,2,3,3,Returning_Visitor,0,0,0.0012126111560226355,Low Intent
0,0.0,0,0.0,16,687.3848485,0.0,0.005208333,29.4628439,0.0,Nov,3,2,3,2,New_Visitor,1,0,0.964,High Intent
0,0.0,0,0.0,3,26.0,0.066666667,0.133333333,0.0,0.0,May,3,3,1,3,Returning_Visitor,0,0,0.0012126111560226355,Low Intent
16,164.925,5,66.875,64,1899.598899,0.010964912,0.029949875,83.78651166,0.0,Nov,3,2,1,3,Returning_Visitor,1,0,0.39849624060150374,Medium Intent
0,0.0,0,0.0,42,1433.083333,0.005,0.02575,0.0,0.4,May,2,2,1,11,Returning_Visitor,0,0,0.0012126111560226355,Low Intent
3,54.0,0,0.0,50,1911.333333,0.004,0.013,109.5876,0.0,May,2,2,7,6,Returning_Visitor,1,1,0.21727748691099477,Low Intent
4,73.5,0,0.0,24,663.4666667,0.002564103,0.004395604,0.0,0.0,Mar,3,2,1,1,Returning_Visitor,0,0,0.02480477721635278,Low Intent
5,36.86666667,0,0.0,123,3886.823333,0.002090592,0.015563298,0.0,0.0,June,2,2,1,4,Returning_Visitor,0,0,0.02480477721635278,Low Intent
0,0.0,0,0.0,2,22.0,0.0,0.1,0.0,0.0,Nov,3,2,3,3,Returning_Visitor,0,0,0.05405405405405406,Low Intent
5,181.8666667,0,0.0,192,4845.989214,0.005412371,0.022099252,18.67564853,0.0,Nov,2,2,1,1,Returning_Visitor,0,0,0.7428571428571429,High Intent
3,57.0,0,0.0,15,486.5166667,0.0,0.011111111,0.0,0.0,Mar,2,2,5,6,Returning_Visitor,0,0,0.02480477721635278,Low Intent
2,21.0,0,0.0,9,84.1,0.0,0.006060606,0.0,0.0,Oct,2,2,3,2,New_Visitor,0,0,0.02480477721635278,Low Intent
0,0.0,0,0.0,1,0.0,0.2,0.2,0.0,0.0,Dec,2,2,4,13,Returning_Visitor,0,0,0.016100178890876567,Low Intent
2,34.0,2,9.0,174,4994.24915,0.006025974,0.015842941,0.0,0.0,Nov,2,2,1,8,Returning_Visitor,0,0,0.2736318407960199,Low Intent
5,56.6,0,0.0,55,1058.338095,0.0,0.007142857,37.21183634,0.0,Nov,2,2,1,3,Returning_Visitor,0,1,0.7888446215139442,High Intent
8,77.0,0,0.0,36,2670.869444,0.0,0.018461538,13.99676923,0.0,May,2,5,7,2,Returning_Visitor,0,0,0.2839506172839506,Low Intent
4,23.53333333,0,0.0,10,118.0,0.011111111,0.066666667,0.0,0.0,June,2,2,2,3,Returning_Visitor,1,0,0.02480477721635278,Low Intent
0,0.0,0,0.0,2,162.0,0.0,0.05,0.0,0.0,May,2,4,1,4,Returning_Visitor,0,0,0.0012126111560226355,Low Intent
2,38.04,0,0.0,8,886.57,0.0,0.030769231,0.0,0.0,Nov,1,1,1,2,Returning_Visitor,0,0,0.05405405405405406,Low Intent
3,119.0,1,86.0,25,413.7222222,0.0,0.013076923,15.40042308,0.0,May,1,1,7,4,Returning_Visitor,0,0,0.7888446215139442,High Intent
1,12.0,0,0.0,36,493.3033901,0.0,0.01660575,0.0,0.0,Oct,2,2,5,2,Returning_Visitor,0,0,0.02480477721635278,Low Intent
3,150.0,0,0.0,12,271.3333333,0.0,0.014285714,0.0,0.0,Mar,1,1,4,2,New_Visitor,0,0,0.02480477721635278,Low Intent
0,0.0,0,0.0,8,551.1666667,0.025,0.035,0.0,0.0,Mar,3,2,2,3,Returning_Visitor,0,0,0.0012126111560226355,Low Intent
0,0.0,0,0.0,6,81.0,0.08,0.133333333,0.0,1.0,May,1,1,2,4,Returning_Visitor,1,0,0.0012126111560226355,Low Intent
0,0.0,0,0.0,33,1324.616667,0.009677419,0.043870968,0.0,0.2,May,2,2,1,4,Returning_Visitor,0,0,0.0012126111560226355,Low Intent
0,0.0,0,0.0,27,1070.461905,0.0,0.007407407,57.7293604,0.0,Mar,2,2,3,2,Returning_Visitor,0,1,0.964,High Intent
0,0.0,0,0.0,2,17.0,0.1,0.15,0.0,0.6,May,1,1,5,2,Returning_Visitor,0,0,0.0012126111560226355,Low Intent
0,0.0,0,0.0,3,183.0,0.0,0.066666667,0.0,0.0,Mar,1,1,1,1,Returning_Visitor,1,0,0.0012126111560226355,Low Intent
5,267.5,0,0.0,5,62.5,0.022222222,0.044444444,0.0,0.0,Mar,2,2,2,3,New_Visitor,1,0,0.02480477721635278,Low Intent
5,242.125,3,176.0,10,225.8333333,0.0,0.024509804,0.0,0.0,Nov,2,2,7,2,Returning_Visitor,0,0,0.16853932584269662,Low Intent
4,16.66666667,0,0.0,68,2593.741667,0.002941176,0.012843137,0.0,0.0,Mar,2,2,4,8,Returning_Visitor,0,0,0.02480477721635278,Low Intent
0,0.0,0,0.0,17,631.5,0.011764706,0.064705882,0.0,0.8,May,2,2,1,13,Returning_Visitor,0,0,0.0012126111560226355,Low Intent
0,0.0,0,0.0,62,3564.590227,0.021980198,0.052175571,0.0,0.0,Aug,3,2,4,2,Returning_Visitor,0,0,0.0012126111560226355,Low Intent
4,515.6,0,0.0,77,1449.683333,0.0,0.002631579,0.0,0.0,May,2,2,4,2,Returning_Visitor,0,0,0.02480477721635278,Low Intent
9,294.6587879,2,97.64,107,3173.210417,0.003138528,0.00912201,5.866248908,0.0,June,1,1,1,2,Returning_Visitor,0,0,0.21727748691099477,Low Intent
0,0.0,0,0.0,1,0.0,0.2,0.2,0.0,0.0,May,1,1,7,3,Returning_Visitor,0,0,0.0012126111560226355,Low Intent
1,45.0,0,0.0,22,2905.5,0.01,0.04,0.0,0.0,May,2,2,1,2,Returning_Visitor,1,0,0.02480477721635278,Low Intent
1,17.1,1,31.2,45,812.2873894,0.0,0.022732152,4.395471544,0.0,Aug,2,4,3,2,Returning_Visitor,0,1,0.5813953488372093,Medium Intent
1,18.83333333,0,0.0,2,23.83333333,0.0,0.05,0.0,0.0,Dec,3,2,1,10,Returning_Visitor,0,0,0.02480477721635278,Low Intent
0,0.0,3,114.8,22,583.0933333,0.0,0.015942029,2.749716646,0.0,Sep,1,1,3,1,Returning_Visitor,0,1,0.5813953488372093,Medium Intent
0,0.0,2,842.3,26,1911.711111,0.015384615,0.036666667,8.018832458,0.0,Jul,3,2,1,2,Returning_Visitor,1,1,0.21727748691099477,Low Intent
3,67.4,0,0.0,4,51.3,0.0,0.028571429,0.0,0.0,Oct,2,2,1,2,New_Visitor,1,0,0.02480477721635278,Low Intent
1,26.0,0,0.0,16,638.8333333,0.0,0.0125,20.26155684,0.0,Mar,2,4,2,2,New_Visitor,0,0,0.7916666666666666,High Intent
3,308.0,0,0.0,54,1306.151974,0.003508772,0.012962963,0.0,0.0,Mar,2,2,4,1,Returning_Visitor,0,0,0.02480477721635278,Low Intent
0,0.0,0,0.0,3,69.0,0.0,0.066666667,0.0,1.0,May,3,2,1,20,Returning_Visitor,1,0,0.0012126111560226355,Low Intent
1,131.5,5,464.875,19,660.8039683,0.002173913,0.008038828,0.0,0.0,Nov,3,2,2,3,Returning_Visitor,1,0,0.16853932584269662,Low Intent
0,0.0,1,33.75,72,1460.908333,0.0,0.014851055,0.0,0.0,Nov,1,1,1,2,Returning_Visitor,0,1,0.05405405405405406,Low Intent
2,11.0,0,0.0,20,510.0,0.013636364,0.034848485,0.0,0.0,Mar,4,1,6,1,Returning_Visitor,0,0,0.02480477721635278,Low Intent
1,0.0,0,0.0,0,0.0,0.2,0.2,0.0,0.0,Nov,1,1,3,8,Returning_Visitor,0,0,0.05405405405405406,Low Intent
0,0.0,0,0.0,21,289.5,0.00952381,0.038095238,0.0,0.0,Dec,2,2,6,10,Returning_Visitor,0,0,0.016100178890876567,Low Intent
0,0.0,2,6.0,50,3831.1,0.0,0.017307692,0.0,0.0,Nov,2,2,1,10,Returning_Visitor,0,0,0.16939890710382513,Low Intent
1,9.0,0,0.0,7,638.0,0.0375,0.045833333,0.0,0.0,Mar,1,1,1,3,Returning_Visitor,0,0,0.02480477721635278,Low Intent
1,18.0,4,123.5,24,4114.083333,0.0,0.003571429,20.91831644,0.0,Mar,1,1,1,2,New_Visitor,0,1,0.7916666666666666,High Intent
2,256.5,0,0.0,10,117.25,0.110714286,0.130952381,0.0,0.0,Nov,2,2,7,11,Returning_Visitor,1,1,0.05405405405405406,Low Intent
1,5.0,1,7.0,31,561.0940141,0.034375,0.052507716,0.0,0.0,Jul,3,2,3,13,Returning_Visitor,0,0,0.128,Low Intent
6,143.1666667,0,0.0,50,925.947619,0.0,0.010160428,13.60512012,0.0,Mar,2,2,1,2,Returning_Visitor,0,1,0.2839506172839506,Low Intent
0,0.0,0,0.0,2,0.0,0.2,0.2,0.0,0.0,Nov,3,2,5,20,Returning_Visitor,0,0,0.05405405405405406,Low Intent
0,0.0,0,0.0,20,968.75,0.015789474,0.018421053,73.98253901,0.0,Dec,1,2,1,1,Returning_Visitor,0,1,0.5756097560975609,Medium Intent
11,196.15,0,0.0,141,2623.580864,0.0,0.004244028,12.50786523,0.0,Nov,2,2,6,2,Returning_Visitor,0,0,0.5428571428571428,Medium Intent
0,0.0,0,0.0,12,1484.0,0.0,0.016666667,0.0,0.0,Mar,2,2,7,1,Returning_Visitor,0,0,0.0012126111560226355,Low Intent
1,0.0,3,447.5,27,1381.75,0.006896552,0.034482759,0.0,0.0,Nov,2,2,1,2,Returning_Visitor,1,0,0.16853932584269662,Low Intent
3,137.5666667,2,23.0,22,739.0666667,0.0,0.024666667,13.67493333,0.0,May,3,6,4,6,Returning_Visitor,0,1,0.5813953488372093,Medium Intent
5,77.08333333,2,96.5,15,2106.833333,0.014285714,0.037301587,0.0,0.0,Nov,1,1,4,2,Returning_Visitor,1,1,0.16939890710382513,Low Intent
8,129.9,0,0.0,70,1438.71,0.011351351,0.033766459,0.0,0.0,Jul,2,2,7,1,Returning_Visitor,0,0,0.128,Low Intent
0,0.0,0,0.0,2,135.5,0.0,0.1,0.0,0.0,Dec,2,2,4,3,Returning_Visitor,0,0,0.016100178890876567,Low Intent
1,24.0,0,0.0,54,801.5095238,0.00754717,0.013274933,0.0,0.2,May,1,1,1,3,Returning_Visitor,0,0,0.02480477721635278,Low Intent
3,28.125,0,0.0,50,1032.008333,0.008,0.014133333,0.0,0.0,Nov,2,2,1,2,Returning_Visitor,1,0,0.05405405405405406,Low Intent
5,436.0,0,0.0,7,26.0,0.066666667,0.075,0.0,0.0,May,3,2,2,13,Returning_Visitor,0,0,0.02480477721635278,Low Intent
0,0.0,0,0.0,97,7515.583333,0.004166667,0.027083333,0.0,0.8,May,2,2,3,2,Returning_Visitor,0,0,0.0012126111560226355,Low Intent
2,59.5,0,0.0,3,67.66666667,0.0,0.02,0.0,0.0,Nov,3,2,8,2,New_Visitor,0,0,0.11790393013100436,Low Intent
0,0.0,0,0.0,8,561.5,0.0,0.05,0.0,0.0,Dec,2,4,7,20,Returning_Visitor,0,0,0.016100178890876567,Low Intent
2,45.5,0,0.0,22,535.0,0.0,0.025,9.650250036,0.0,Nov,2,2,3,11,Returning_Visitor,1,1,0.5813953488372093,Medium Intent
12,1028.833333,1,3.0,155,6794.735417,0.002469136,0.015526696,3.726530231,0.0,Nov,2,2,1,2,Returning_Visitor,0,1,0.5,Medium Intent
2,31.2,0,0.0,17,2077.166667,0.0,0.011764706,0.0,0.0,Nov,2,2,8,2,Returning_Visitor,1,0,0.16939890710382513,Low Intent
1,5.0,2,31.7,6,104.25,0.0,0.007407407,0.0,0.0,June,2,5,7,11,New_Visitor,0,0,0.02480477721635278,Low Intent
0,0.0,0,0.0,3,47.5,0.1,0.166666667,0.0,0.0,Nov,3,3,3,1,Returning_Visitor,0,0,0.05405405405405406,Low Intent
0,0.0,0,0.0,9,250.2,0.022222222,0.033333333,0.0,0.0,June,2,2,4,1,Returning_Visitor,0,0,0.0012126111560226355,Low Intent
0,0.0,0,0.0,11,142.4166667,0.0,0.036363636,0.0,0.0,May,2,2,1,2,Returning_Visitor,0,0,0.0012126111560226355,Low Intent
3,123.5,1,0.0,22,759.5833333,0.0,0.0096,46.6785275,0.0,Nov,1,1,3,2,Returning_Visitor,0,1,0.7888446215139442,High Intent
12,217.6491228,4,1009.733333,38,1639.069361,0.02173913,0.031621722,5.287005762,0.0,Sep,3,2,6,1,Returning_Visitor,1,0,0.21727748691099477,Low Intent
1,241.0,0,0.0,39,2666.0,0.015384615,0.046153846,0.0,0.2,May,2,2,5,13,Returning_Visitor,0,0,0.02480477721635278,Low Intent
3,51.5,0,0.0,21,1623.5,0.0,0.005,49.3886,0.6,May,2,4,2,3,New_Visitor,0,1,0.7888446215139442,High Intent
0,0.0,0,0.0,24,663.0,0.0375,0.066666667,0.0,0.0,Dec,2,2,1,1,Returning_Visitor,0,0,0.016100178890876567,Low Intent
0,0.0,0,0.0,69,2734.818254,0.0,0.004353234,49.39271642,0.0,May,4,5,3,2,Returning_Visitor,0,1,0.964,High Intent
12,225.25,1,0.0,129,3367.041281,0.001428571,0.018456829,1.03529974,0.0,Nov,2,4,1,10,Returning_Visitor,0,1,0.2736318407960199,Low Intent
10,197.1666667,0,0.0,35,1078.727778,0.0,0.010452962,39.75577236,0.0,May,2,2,3,3,Returning_Visitor,0,0,0.5842696629213483,Medium Intent
7,644.5,2,166.5,31,1629.641667,0.0,0.026063126,0.0,0.0,Dec,2,2,4,2,Returning_Visitor,0,0,0.02480477721635278,Low Intent
0,0.0,0,0.0,3,41.0,0.0,0.033333333,0.0,0.0,Mar,2,2,1,3,Returning_Visitor,1,0,0.0012126111560226355,Low Intent
4,34.2,0,0.0,27,809.6933333,0.023214286,0.033826531,27.6509675,0.0,Sep,3,2,4,13,Returning_Visitor,1,0,0.5756097560975609,Medium Intent
7,77.5,0,0.0,14,192.9333333,0.0,0.013333333,0.0,0.0,Mar,2,2,1,1,Returning_Visitor,0,0,0.02480477721635278,Low Intent
2,14.75,0,0.0,32,839.4305556,0.012903226,0.028602151,13.91276554,0.0,Nov,2,2,6,1,Returning_Visitor,0,1,0.39849624060150374,Medium Intent
0,0.0,0,0.0,1,0.0,0.2,0.2,0.0,0.0,May,3,3,1,3,Returning_Visitor,0,0,0.0012126111560226355,Low Intent
1,5.0,0,0.0,5,95.1,0.066666667,0.077777778,0.0,0.0,Oct,1,1,4,4,Returning_Visitor,0,0,0.02480477721635278,Low Intent
0,0.0,0,0.0,17,933.4166667,0.031932773,0.043075335,0.0,0.0,Mar,3,2,1,3,Returning_Visitor,0,0,0.0012126111560226355,Low Intent
2,131.0,2,9.0,14,237.75,0.0,0.022222222,0.0,0.0,Dec,2,10,4,2,New_Visitor,0,0,0.02480477721635278,Low Intent
1,22.75,0,0.0,1,0.0,0.0,0.066666667,0.0,0.0,Dec,1,1,1,8,New_Visitor,0,1,0.02480477721635278,Low Intent
0,0.0,0,0.0,10,1186.6,0.02,0.08,0.0,0.0,Aug,2,5,1,3,Returning_Visitor,0,0,0.0012126111560226355,Low Intent
1,51.5,0,0.0,57,2689.291667,0.003571429,0.0275,0.0,0.0,Nov,2,2,9,2,Returning_Visitor,0,0,0.16939890710382513,Low Intent
0,0.0,0,0.0,20,869.8,0.011111111,0.033333333,0.0,0.0,May,3,2,4,2,Returning_Visitor,1,0,0.0012126111560226355,Low Intent
1,0.0,0,0.0,31,1282.0,0.03125,0.05,0.0,0.8,May,2,2,6,3,Returning_Visitor,0,0,0.0012126111560226355,Low Intent
0,0.0,0,0.0,39,805.7916667,0.007692308,0.013846154,0.0,0.0,Dec,2,2,4,1,Returning_Visitor,0,0,0.016100178890876567,Low Intent
12,878.7121212,4,256.5,86,4479.116226,0.005442177,0.026406456,2.356437292,0.0,Dec,1,1,1,2,Returning_Visitor,0,0,0.21727748691099477,Low Intent
0,0.0,1,25.0,8,388.0,0.025,0.033333333,0.0,0.6,May,2,5,3,2,New_Visitor,0,0,0.0012126111560226355,Low Intent
0,0.0,0,0.0,15,575.6666667,0.043333333,0.044444444,0.0,0.0,May,2,2,2,2,Returning_Visitor,0,0,0.0012126111560226355,Low Intent
0,0.0,0,0.0,27,1316.035714,0.0,0.022222222,0.0,0.0,Nov,2,2,1,1,Returning_Visitor,0,0,0.05405405405405406,Low Intent
5,175.9166667,0,0.0,12,276.25,0.013333333,0.046666667,0.0,0.0,Dec,3,2,1,3,Returning_Visitor,0,1,0.02480477721635278,Low Intent
1,0.0,0,0.0,37,1731.5,0.0,0.005263158,17.22281788,0.0,Nov,2,2,1,2,New_Visitor,0,1,0.7916666666666666,High Intent
0,0.0,0,0.0,16,336.3,0.0125,0.025,0.0,0.0,Jul,2,2,7,1,Returning_Visitor,0,0,0.0012126111560226355,Low Intent
0,0.0,0,0.0,1,0.0,0.2,0.2,0.0,0.0,May,3,3,4,4,Returning_Visitor,0,0,0.0012126111560226355,Low Intent
0,0.0,0,0.0,27,892.9679487,0.014814815,0.022751323,0.0,0.0,Dec,2,2,3,2,Returning_Visitor,1,0,0.016100178890876567,Low Intent
5,154.8333333,7,285.0,90,3262.350896,0.003125,0.010909616,0.0,0.0,May,3,2,5,6,Returning_Visitor,0,0,0.02480477721635278,Low Intent
2,37.33333333,0,0.0,31,1552.883333,0.0,0.008333333,0.0,0.0,May,2,2,3,2,Returning_Visitor,0,0,0.02480477721635278,Low Intent
6,88.75,0,0.0,22,757.375,0.001481481,0.042222222,27.97632918,0.0,Nov,2,2,1,2,Returning_Visitor,0,0,0.39849624060150374,Medium Intent
0,0.0,0,0.0,68,1806.166667,0.004411765,0.027941176,0.0,0.0,Nov,2,2,2,13,Returning_Visitor,1,0,0.05405405405405406,Low Intent
0,0.0,0,0.0,17,557.4,0.0,0.011111111,83.93274289,0.0,Sep,2,2,2,2,New_Visitor,1,1,0.964,High Intent
0,0.0,0,0.0,22,2473.25,0.009090909,0.013383838,0.0,0.0,May,3,2,3,2,Returning_Visitor,0,0,0.0012126111560226355,Low Intent
0,0.0,0,0.0,27,2514.25,0.0,0.006666667,31.40784,0.0,May,2,2,3,5,New_Visitor,0,1,0.964,High Intent
0,0.0,0,0.0,5,614.75,0.0,0.073333333,0.0,0.0,Dec,2,10,2,2,Returning_Visitor,0,0,0.016100178890876567,Low Intent
0,0.0,0,0.0,6,183.5,0.0,0.033333333,0.0,0.0,Dec,2,2,1,2,New_Visitor,0,0,0.016100178890876567,Low Intent
1,18.0,0,0.0,16,1331.75,0.0,0.0125,33.79956701,0.0,Mar,2,5,2,3,New_Visitor,0,1,0.964,High Intent
1,69.5,0,0.0,8,226.5,0.0,0.0125,0.0,0.0,Mar,3,2,1,13,Returning_Visitor,0,0,0.02480477721635278,Low Intent
6,98.66666667,3,35.0,21,458.7,0.016666667,0.026388889,8.4525,0.0,May,1,1,1,3,Returning_Visitor,0,0,0.3225806451612903,Medium Intent
2,62.5,0,0.0,17,548.3333333,0.0,0.031372549,0.0,0.0,Mar,2,2,1,2,Returning_Visitor,0,0,0.02480477721635278,Low Intent
0,0.0,2,88.6,35,682.1833333,0.0,0.001388889,0.0,0.0,Jul,1,1,3,1,Returning_Visitor,0,0,0.0012126111560226355,Low Intent
0,0.0,0,0.0,13,1245.25,0.0,0.015384615,0.0,0.0,Dec,2,2,1,2,Returning_Visitor,1,0,0.016100178890876567,Low Intent
0,0.0,1,226.0,19,797.1666667,0.0,0.014035088,0.0,0.0,May,3,3,6,4,Returning_Visitor,1,0,0.0012126111560226355,Low Intent
13,1013.056909,2,102.8,77,2697.022104,0.0,0.009471471,1.798669862,0.0,Nov,1,1,9,2,Returning_Visitor,0,0,0.5428571428571428,Medium Intent
7,154.9333333,0,0.0,31,910.04,0.018181818,0.052020202,5.316109207,0.0,Jul,1,1,3,1,Returning_Visitor,0,0,0.3225806451612903,Medium Intent
0,0.0,0,0.0,3,24.0,0.066666667,0.133333333,0.0,0.0,Mar,3,2,3,1,Returning_Visitor,1,0,0.0012126111560226355,Low Intent
1,29.0,1,13.5,24,1005.849206,0.0,0.007986111,0.0,0.0,Mar,1,1,3,3,Returning_Visitor,0,0,0.02480477721635278,Low Intent
1,40.0,0,0.0,27,1400.5,0.0,0.007142857,0.0,0.0,Mar,1,1,4,2,Returning_Visitor,0,0,0.02480477721635278,Low Intent
8,98.4,0,0.0,16,156.3333333,0.0,0.007843137,0.0,0.0,Oct,2,2,3,1,Returning_Visitor,0,0,0.02480477721635278,Low Intent
0,0.0,0,0.0,3,62.0,0.1,0.125,0.0,0.8,May,3,2,1,13,Returning_Visitor,0,0,0.0012126111560226355,Low Intent
2,90.17857143,2,88.5,19,1214.307692,0.022727273,0.031677489,15.52703405,0.0,Nov,1,1,4,2,Returning_Visitor,0,1,0.39849624060150374,Medium Intent
0,0.0,1,0.0,14,101.0,0.13125,0.16875,0.0,0.6,May,3,2,1,13,Returning_Visitor,0,0,0.0012126111560226355,Low Intent
4,304.6,0,0.0,7,137.6,0.0,0.0375,0.0,0.0,Aug,3,2,1,5,New_Visitor,0,0,0.02480477721635278,Low Intent
2,122.0,0,0.0,8,177.25,0.0,0.025,0.0,0.0,Dec,2,2,1,3,New_Visitor,0,0,0.02480477721635278,Low Intent
6,104.0,1,0.0,14,269.5,0.0,0.021568627,0.0,0.0,Mar,1,1,1,3,Returning_Visitor,0,0,0.02480477721635278,Low Intent
2,83.0,0,0.0,15,605.8857143,0.0,0.005882353,0.0,0.0,Mar,1,1,3,2,Returning_Visitor,1,0,0.02480477721635278,Low Intent
1,13.0,1,28.5,39,1028.775,0.0,0.010436508,0.0,0.0,Dec,2,2,3,2,Returning_Visitor,0,0,0.02480477721635278,Low Intent
0,0.0,2,7.0,11,192.75,0.0,0.034615385,0.0,0.6,May,2,2,1,3,Returning_Visitor,0,0,0.0012126111560226355,Low Intent
0,0.0,0,0.0,15,259.6666667,0.0,0.026666667,0.0,0.0,May,1,1,2,2,Returning_Visitor,1,0,0.0012126111560226355,Low Intent
0,0.0,0,0.0,2,153.0,0.0,0.05,0.0,0.0,Mar,2,5,6,1,Returning_Visitor,0,0,0.0012126111560226355,Low Intent
2,37.0,1,18.0,25,430.5,0.0,0.007142857,0.0,0.0,May,2,2,2,2,Returning_Visitor,1,0,0.02480477721635278,Low Intent
4,119.3333333,0,0.0,174,5602.593506,0.0,0.009057596,0.0,0.0,Dec,2,2,4,1,Returning_Visitor,0,0,0.02480477721635278,Low Intent
2,76.6,0,0.0,38,3872.716667,0.0,0.002702703,0.0,0.0,Aug,2,2,3,2,New_Visitor,0,0,0.02480477721635278,Low Intent
0,0.0,0,0.0,3,39.66666667,0.0,0.033333333,0.0,0.0,Mar,2,4,1,10,Returning_Visitor,0,0,0.0012126111560226355,Low Intent
0,0.0,0,0.0,47,1144.483333,0.041843972,0.055319149,0.0,0.0,May,3,2,3,13,Returning_Visitor,0,0,0.0012126111560226355,Low Intent
6,149.7619048,3,267.25,120,3934.201024,0.002459016,0.023646,8.788976395,0.0,Nov,2,2,4,2,Returning_Visitor,1,0,0.39849624060150374,Medium Intent
0,0.0,0,0.0,14,244.0,0.004761905,0.047619048,0.0,0.0,May,2,4,1,4,Returning_Visitor,0,0,0.0012126111560226355,Low Intent
3,53.16666667,0,0.0,11,263.6,0.0,0.003571429,0.0,0.0,Mar,3,2,1,9,Returning_Visitor,0,0,0.02480477721635278,Low Intent
0,0.0,0,0.0,16,507.8333333,0.0,0.01,0.0,0.0,May,2,4,1,4,Returning_Visitor,0,0,0.0012126111560226355,Low Intent
0,0.0,0,0.0,3,15.0,0.0,0.066666667,0.0,0.0,Mar,2,4,3,12,Returning_Visitor,0,0,0.0012126111560226355,Low Intent
0,0.0,0,0.0,8,426.6666667,0.0,0.0125,0.0,0.0,Feb,2,4,3,2,Returning_Visitor,0,0,0.0012126111560226355,Low Intent
0,0.0,0,0.0,11,684.3333333,0.018181818,0.063636364,0.0,0.0,Feb,2,4,6,1,Returning_Visitor,0,0,0.0012126111560226355,Low Intent
0,0.0,1,16.0,65,2863.400427,0.003125,0.011346726,0.0,0.0,Nov,2,2,1,2,Returning_Visitor,0,0,0.16939890710382513,Low Intent
10,519.0,0,0.0,89,2577.960349,0.012852234,0.03729051,0.0,0.0,Jul,3,2,7,1,Returning_Visitor,0,0,0.128,Low Intent
7,63.5,5,100.25,62,1573.233333,0.0,0.004594595,0.0,0.0,Mar,2,2,6,3,Returning_Visitor,1,0,0.02480477721635278,Low Intent
0,0.0,0,0.0,18,1257.946667,0.0,0.003921569,33.50211155,0.0,Oct,2,2,3,2,Returning_Visitor,1,1,0.964,High Intent
0,0.0,0,0.0,15,695.4,0.014285714,0.028571429,0.0,0.0,Mar,2,2,2,1,Returning_Visitor,0,0,0.0012126111560226355,Low Intent
0,0.0,2,65.5,4,71.5,0.0,0.033333333,0.0,0.0,Nov,2,2,1,11,Returning_Visitor,1,0,0.16853932584269662,Low Intent
6,276.75,0,0.0,12,342.125,0.0,0.007142857,0.0,0.0,Nov,1,2,3,2,New_Visitor,0,0,0.11790393013100436,Low Intent
9,111.5,1,48.5,49,1868.819697,0.0,0.020708874,1.706014966,0.0,Mar,2,2,7,2,Returning_Visitor,0,1,0.2839506172839506,Low Intent
2,58.4,0,0.0,24,589.8,0.032098765,0.05617284,1.696968944,0.0,Sep,2,2,1,1,Returning_Visitor,1,0,0.3225806451612903,Medium Intent
2,55.375,1,566.0,29,1978.14881,0.001904762,0.016222222,0.0,0.0,Nov,3,2,1,10,Returning_Visitor,0,0,0.16939890710382513,Low Intent
1,49.5,0,0.0,9,350.25,0.0,0.035714286,0.0,0.0,Dec,2,2,1,7,New_Visitor,1,0,0.02480477721635278,Low Intent
0,0.0,0,0.0,1,0.0,0.2,0.2,0.0,0.0,Dec,1,1,2,3,Returning_Visitor,0,0,0.016100178890876567,Low Intent
1,107.0,5,143.75,2,17.0,0.025,0.05,0.0,0.0,Dec,3,2,3,1,Returning_Visitor,0,0,0.02480477721635278,Low Intent
0,0.0,0,0.0,2,0.0,0.2,0.2,0.0,0.6,May,2,2,1,3,Returning_Visitor,0,0,0.0012126111560226355,Low Intent
0,0.0,0,0.0,9,388.0,0.066666667,0.088888889,0.0,0.0,Mar,3,2,2,1,Returning_Visitor,0,0,0.0012126111560226355,Low Intent
0,0.0,0,0.0,5,1474.5,0.0,0.02,0.0,0.0,May,1,1,1,3,Returning_Visitor,0,0,0.0012126111560226355,Low Intent
1,27.5,3,17.0,1,10.0,0.0,0.04,0.0,0.0,Nov,1,1,1,8,New_Visitor,0,1,0.16853932584269662,Low Intent
1,8.0,0,0.0,47,1459.576667,0.010416667,0.017638889,0.0,0.0,Oct,1,1,3,3,Returning_Visitor,0,0,0.02480477721635278,Low Intent
4,21.1,2,341.6,92,2668.712121,0.018556202,0.047858483,0.0,0.0,Aug,2,2,1,3,Returning_Visitor,1,0,0.02480477721635278,Low Intent
1,31.2,0,0.0,31,824.86,0.0,0.008333333,0.0,0.0,Sep,1,1,1,3,New_Visitor,0,0,0.09202453987730061,Low Intent
1,27.5,0,0.0,20,922.7083333,0.0,0.00952381,103.1402899,0.0,Dec,2,2,6,2,New_Visitor,0,1,0.964,High Intent
7,122.0,3,40.0,111,3154.970833,0.003448276,0.014655172,2.613062787,0.0,Dec,2,2,1,1,Returning_Visitor,1,1,0.21727748691099477,Low Intent
8,105.0,1,24.5,70,5778.966667,0.005921856,0.023453364,0.0,0.0,Nov,2,2,1,8,Returning_Visitor,1,0,0.16939890710382513,Low Intent
7,38.6,0,0.0,70,1087.7,0.0,0.004861111,0.0,0.0,Oct,2,2,4,5,Returning_Visitor,0,0,0.02480477721635278,Low Intent
0,0.0,0,0.0,4,25.0,0.0,0.1,0.0,0.0,May,2,2,3,3,Returning_Visitor,0,0,0.0012126111560226355,Low Intent
1,23.0,0,0.0,35,1513.0,0.04,0.069333333,0.0,0.4,May,2,2,1,1,Returning_Visitor,0,0,0.02480477721635278,Low Intent
3,319.4,1,251.8,53,2525.307766,0.0,0.010606061,52.97841866,0.0,Jul,2,2,9,4,Returning_Visitor,0,1,0.7888446215139442,High Intent
7,109.0416667,0,0.0,35,1136.083333,0.0,0.013157895,46.21605051,0.0,Nov,3,2,3,3,Returning_Visitor,0,1,0.5842696629213483,Medium Intent
2,28.05714286,0,0.0,73,2260.857143,0.002666667,0.018933333,0.0,0.0,June,2,2,7,4,Returning_Visitor,1,0,0.02480477721635278,Low Intent
2,196.6,0,0.0,0,0.0,0.0,0.033333333,0.0,0.0,Nov,3,2,9,5,New_Visitor,1,0,0.11790393013100436,Low Intent
10,303.9279762,0,0.0,82,1853.286538,0.0,0.015957265,11.01940759,0.0,Dec,2,2,3,2,Returning_Visitor,0,0,0.2839506172839506,Low Intent
2,58.0,0,0.0,6,245.0,0.0,0.028571429,54.98,1.0,May,2,2,3,3,Returning_Visitor,1,1,0.7888446215139442,High Intent
4,207.5,0,0.0,2,56.5,0.0,0.02,0.0,0.0,Dec,3,2,2,2,New_Visitor,1,0,0.02480477721635278,Low Intent
0,0.0,0,0.0,32,1589.625,0.0,0.012903226,15.63731434,0.0,Dec,2,2,6,1,Returning_Visitor,0,0,0.7916666666666666,High Intent
7,96.0,3,313.0,65,2091.662821,0.012206573,0.030146368,6.147633803,0.0,May,3,2,3,4,Returning_Visitor,1,0,0.21727748691099477,Low Intent
0,0.0,0,0.0,6,99.0,0.066666667,0.083333333,0.0,0.2,May,2,2,2,2,Returning_Visitor,0,0,0.0012126111560226355,Low Intent
0,0.0,0,0.0,4,137.5,0.0,0.066666667,0.0,0.0,Nov,2,2,2,11,Returning_Visitor,0,0,0.05405405405405406,Low Intent
0,0.0,4,399.3333333,46,1814.583333,0.003673469,0.02675737,0.0,0.0,Mar,2,2,2,2,Returning_Visitor,0,0,0.0012126111560226355,Low Intent
1,101.0,0,0.0,46,1687.85,0.0,0.011111111,18.844,0.0,May,2,2,3,4,Returning_Visitor,0,0,0.7916666666666666,High Intent
9,118.0,2,10.0,16,401.95,0.004761905,0.013015873,0.0,0.0,May,1,1,1,3,Returning_Visitor,0,0,0.02480477721635278,Low Intent
0,0.0,0,0.0,31,1008.416667,0.0,0.007881773,0.0,0.0,May,2,6,1,2,Returning_Visitor,0,0,0.0012126111560226355,Low Intent
7,123.4333333,0,0.0,7,132.8833333,0.0,0.006060606,0.0,0.0,Oct,1,1,3,2,New_Visitor,0,0,0.02480477721635278,Low Intent
2,16.0,0,0.0,29,1412.5,0.007142857,0.046428571,0.0,0.0,May,2,2,6,13,Returning_Visitor,0,0,0.02480477721635278,Low Intent
4,73.33333333,1,0.0,52,1543.75,0.004166667,0.023639456,0.0,0.0,Nov,2,2,9,13,Returning_Visitor,0,0,0.05405405405405406,Low Intent
3,145.2,0,0.0,11,1646.366667,0.0,0.027777778,0.0,0.0,June,2,2,2,1,Returning_Visitor,0,0,0.02480477721635278,Low Intent
0,0.0,0,0.0,10,253.25,0.0,0.02,0.0,0.0,Dec,3,2,1,10,Returning_Visitor,0,0,0.016100178890876567,Low Intent
0,0.0,0,0.0,31,502.9666667,0.012903226,0.04516129,0.0,0.0,Oct,2,2,2,1,Returning_Visitor,0,0,0.0012126111560226355,Low Intent
2,18.0,0,0.0,49,1550.916667,0.016,0.041333333,0.0,0.0,Nov,2,2,3,1,Returning_Visitor,0,0,0.05405405405405406,Low Intent
0,0.0,0,0.0,69,3621.066667,0.001492537,0.02032147,0.0,0.0,Nov,2,1,1,2,Returning_Visitor,0,1,0.16939890710382513,Low Intent
12,1449.666667,4,559.0833333,127,4876.007712,0.005755396,0.029203072,5.751219035,0.0,Nov,2,2,1,2,Returning_Visitor,0,0,0.7428571428571429,High Intent
0,0.0,0,0.0,15,147.5833333,0.014285714,0.028571429,0.0,0.0,Nov,3,2,7,3,Returning_Visitor,0,0,0.05405405405405406,Low Intent
0,0.0,0,0.0,4,137.0,0.0,0.075,0.0,0.0,May,4,1,3,3,Returning_Visitor,1,0,0.0012126111560226355,Low Intent
0,0.0,0,0.0,32,999.0,0.0,0.01344086,9.053081561,0.0,Mar,1,1,1,1,Returning_Visitor,0,1,0.5813953488372093,Medium Intent
0,0.0,0,0.0,7,379.5,0.057142857,0.085714286,0.0,0.0,Mar,3,2,8,1,Returning_Visitor,0,0,0.0012126111560226355,Low Intent
1,95.33333333,0,0.0,16,819.3333333,0.0,0.015625,25.25564195,0.0,Dec,2,2,7,2,New_Visitor,0,1,0.964,High Intent
0,0.0,0,0.0,29,2159.4,0.010344828,0.02183908,0.0,0.0,Oct,3,2,1,13,Returning_Visitor,0,0,0.0012126111560226355,Low Intent
1,43.5,3,230.1666667,93,3773.715179,0.004123711,0.018162523,17.77043431,0.0,Nov,2,2,1,2,Returning_Visitor,0,1,0.7857142857142857,High Intent
5,44.66666667,1,144.0,101,1808.162266,0.045307443,0.06290128,2.153839297,0.0,Jul,3,2,1,3,Returning_Visitor,0,0,0.21727748691099477,Low Intent
0,0.0,0,0.0,11,751.5,0.018181818,0.024242424,0.0,0.0,May,2,2,1,13,Returning_Visitor,0,0,0.0012126111560226355,Low Intent
0,0.0,0,0.0,3,39.5,0.0,0.033333333,0.0,0.0,Dec,1,1,9,8,New_Visitor,0,0,0.016100178890876567,Low Intent
1,25.75,3,189.5,22,2297.801282,0.01474359,0.017435897,18.99561538,0.4,May,3,2,1,13,Returning_Visitor,0,1,0.21727748691099477,Low Intent
0,0.0,0,0.0,3,120.5,0.0,0.066666667,0.0,0.0,Nov,2,2,3,1,Other,1,0,0.11790393013100436,Low Intent
1,4.0,0,0.0,7,417.5333333,0.0,0.027777778,0.0,0.0,Aug,3,2,6,2,Returning_Visitor,0,0,0.02480477721635278,Low Intent
0,0.0,0,0.0,23,1516.966667,0.0,0.024242424,0.0,0.2,May,1,1,8,1,Returning_Visitor,0,0,0.0012126111560226355,Low Intent
2,67.5,2,100.2,17,1770.8,0.026315789,0.035087719,0.0,0.0,Nov,2,2,2,2,Returning_Visitor,0,0,0.16853932584269662,Low Intent
0,0.0,0,0.0,4,298.0,0.1,0.15,0.0,0.0,Mar,2,2,1,13,Returning_Visitor,0,0,0.0012126111560226355,Low Intent
4,92.0,0,0.0,21,755.0,0.0,0.004347826,0.0,0.0,Nov,3,2,1,2,New_Visitor,0,0,0.11790393013100436,Low Intent
1,194.0,0,0.0,21,304.275,0.0,0.001169591,0.0,0.0,May,1,2,4,2,Returning_Visitor,0,0,0.02480477721635278,Low Intent
2,166.9166667,7,115.0,233,7952.491839,0.001834947,0.019045831,8.920900783,0.0,Nov,2,2,1,2,Returning_Visitor,0,1,0.7857142857142857,High Intent
0,0.0,0,0.0,12,223.8,0.027777778,0.017777778,0.0,0.0,Jul,1,1,2,4,Returning_Visitor,1,0,0.0012126111560226355,Low Intent
3,52.9,0,0.0,8,278.58,0.0,0.01,26.18180656,0.0,Jul,1,1,1,2,New_Visitor,0,0,0.7888446215139442,High Intent
0,0.0,0,0.0,7,98.33333333,0.028571429,0.032653061,0.0,0.0,May,1,1,1,3,Returning_Visitor,0,0,0.0012126111560226355,Low Intent
4,101.0,0,0.0,14,797.3333333,0.0,0.003571429,0.0,0.0,May,3,2,4,4,Returning_Visitor,1,0,0.02480477721635278,Low Intent
0,0.0,0,0.0,16,1773.25,0.04375,0.072916667,0.0,0.0,Nov,2,2,3,13,Returning_Visitor,0,0,0.05405405405405406,Low Intent
0,0.0,0,0.0,3,30.0,0.0,0.066666667,0.0,0.0,Mar,2,2,1,1,Returning_Visitor,0,0,0.0012126111560226355,Low Intent
9,509.8333333,2,23.0,27,1438.854167,0.020952381,0.043333333,0.0,0.0,Dec,1,1,3,2,Returning_Visitor,0,0,0.02480477721635278,Low Intent
8,117.0238095,2,57.0,11,252.8928571,0.0,0.011078431,0.0,0.0,May,2,2,2,4,Returning_Visitor,0,0,0.02480477721635278,Low Intent
10,132.7222222,1,104.0,103,3608.346752,0.0,0.007905605,14.69960115,0.0,Nov,2,10,7,2,Returning_Visitor,0,0,0.5428571428571428,Medium Intent
2,79.6,3,332.08,34,1011.016667,0.018918919,0.043243243,5.128358233,0.0,Oct,2,2,7,1,Returning_Visitor,0,1,0.3225806451612903,Medium Intent
4,54.5,0,0.0,3,21.0,0.0,0.033333333,0.0,0.0,Nov,1,1,2,2,New_Visitor,0,0,0.11790393013100436,Low Intent
0,0.0,0,0.0,111,2805.038095,0.005405405,0.038192738,0.0,0.0,Aug,4,1,3,3,Returning_Visitor,1,0,0.0012126111560226355,Low Intent
0,0.0,0,0.0,38,1185.986275,0.0,0.009501385,0.0,0.0,Nov,1,1,4,3,Returning_Visitor,0,0,0.05405405405405406,Low Intent
7,236.4,0,0.0,14,341.7,0.059649123,0.084210526,0.0,0.0,June,3,2,4,3,Returning_Visitor,0,0,0.02480477721635278,Low Intent
7,52.875,0,0.0,9,152.4166667,0.0,0.017777778,0.0,0.0,Dec,2,2,4,2,New_Visitor,0,0,0.02480477721635278,Low Intent
0,0.0,0,0.0,15,325.5,0.02,0.058666667,0.0,0.0,Dec,2,2,1,1,Returning_Visitor,0,0,0.016100178890876567,Low Intent
0,0.0,0,0.0,40,4175.75,0.048333333,0.106,0.0,1.0,May,2,2,1,3,Returning_Visitor,1,0,0.0012126111560226355,Low Intent
0,0.0,0,0.0,2,0.0,0.2,0.2,0.0,0.0,Nov,3,2,7,3,Returning_Visitor,0,0,0.05405405405405406,Low Intent
2,43.73333333,0,0.0,19,158.9333333,0.0,0.003741497,0.0,0.0,June,1,1,6,2,Returning_Visitor,0,0,0.02480477721635278,Low Intent
0,0.0,0,0.0,6,117.0,0.083333333,0.088888889,0.0,0.0,May,3,2,4,3,Returning_Visitor,0,0,0.0012126111560226355,Low Intent
0,0.0,0,0.0,2,5.0,0.0,0.1,0.0,0.0,Mar,2,2,1,2,Returning_Visitor,0,0,0.0012126111560226355,Low Intent
4,1946.0,0,0.0,31,731.0,0.0,0.005882353,0.0,0.0,Dec,2,2,4,2,New_Visitor,1,0,0.02480477721635278,Low Intent
0,0.0,0,0.0,13,244.1666667,0.0,0.030769231,0.0,0.0,Mar,2,5,3,3,Returning_Visitor,0,0,0.0012126111560226355,Low Intent
0,0.0,0,0.0,7,370.8333333,0.028571429,0.057142857,0.0,0.0,Mar,2,2,2,3,Returning_Visitor,0,0,0.0012126111560226355,Low Intent
1,4.0,0,0.0,62,3000.250794,0.004918033,0.029535519,0.0,0.0,May,2,2,4,1,Returning_Visitor,0,0,0.02480477721635278,Low Intent
0,0.0,0,0.0,12,1145.416667,0.009090909,0.048484848,0.0,0.0,Nov,3,2,8,10,Returning_Visitor,1,0,0.05405405405405406,Low Intent
0,0.0,0,0.0,17,557.1666667,0.023529412,0.049509804,0.0,0.0,Mar,3,2,1,1,Returning_Visitor,0,0,0.0012126111560226355,Low Intent
3,15.0,0,0.0,11,246.0,0.018181818,0.054545455,0.0,0.0,Mar,2,2,1,8,Returning_Visitor,0,0,0.02480477721635278,Low Intent
0,0.0,0,0.0,1,0.0,0.2,0.2,0.0,0.0,Feb,1,1,1,2,Returning_Visitor,1,0,0.0012126111560226355,Low Intent
0,0.0,0,0.0,5,236.0,0.0,0.04,0.0,0.0,Mar,1,1,6,1,Returning_Visitor,0,0,0.0012126111560226355,Low Intent
0,0.0,0,0.0,18,2335.125,0.0,0.033333333,0.0,0.0,Nov,2,2,1,3,Returning_Visitor,0,0,0.16939890710382513,Low Intent
2,34.0,0,0.0,65,1451.227362,0.003030303,0.008492896,0.0,0.0,Mar,2,2,1,1,Returning_Visitor,0,0,0.02480477721635278,Low Intent
0,0.0,0,0.0,4,0.0,0.2,0.2,0.0,0.6,May,3,2,4,3,Returning_Visitor,0,0,0.0012126111560226355,Low Intent
7,280.0,0,0.0,21,612.75,0.0,0.008695652,43.81043478,0.0,May,2,2,2,1,Returning_Visitor,0,1,0.5842696629213483,Medium Intent
6,60.0,1,30.0,51,1403.841919,0.003636364,0.009090909,20.2453697,0.0,May,2,4,1,2,Returning_Visitor,0,0,0.21727748691099477,Low Intent
4,153.25,0,0.0,19,402.7166667,0.0,0.003030303,57.474,0.0,May,2,2,5,4,New_Visitor,1,1,0.7888446215139442,High Intent
0,0.0,0,0.0,19,224.9583333,0.0,0.010526316,0.0,0.0,Mar,1,1,1,2,Returning_Visitor,0,0,0.0012126111560226355,Low Intent
0,0.0,0,0.0,1,0.0,0.2,0.2,0.0,0.0,Mar,3,2,2,1,Returning_Visitor,0,0,0.0012126111560226355,Low Intent
12,232.3404762,1,19.2,22,504.0285714,0.0,0.003763441,0.0,0.0,Sep,1,1,1,3,New_Visitor,0,0,0.09202453987730061,Low Intent
0,0.0,0,0.0,4,36.0,0.05,0.1,0.0,0.0,Mar,2,2,6,1,Returning_Visitor,0,0,0.0012126111560226355,Low Intent
2,28.0,0,0.0,27,434.5,0.0,0.006896552,0.0,0.0,Nov,8,2,7,2,New_Visitor,0,1,0.11790393013100436,Low Intent
1,98.0,0,0.0,39,2555.994444,0.005263158,0.005668016,0.0,0.0,Dec,2,2,1,2,Returning_Visitor,0,0,0.02480477721635278,Low Intent
0,0.0,0,0.0,13,214.25,0.091666667,0.097777778,0.0,0.8,May,3,2,3,13,Returning_Visitor,0,0,0.0012126111560226355,Low Intent
0,0.0,0,0.0,2,0.0,0.2,0.2,0.0,0.0,May,1,1,1,3,Returning_Visitor,0,0,0.0012126111560226355,Low Intent
0,0.0,0,0.0,6,13.0,0.133333333,0.166666667,0.0,0.0,Mar,2,2,1,3,Returning_Visitor,0,0,0.0012126111560226355,Low Intent
2,62.5,0,0.0,43,1253.176407,0.0,0.01468254,41.53706414,0.0,Nov,3,2,9,2,Returning_Visitor,0,0,0.7888446215139442,High Intent
0,0.0,0,0.0,31,5764.366667,0.032258065,0.055591398,0.0,0.0,Mar,2,2,7,10,Returning_Visitor,0,0,0.0012126111560226355,Low Intent
1,132.0,0,0.0,8,209.25,0.0,0.022222222,0.0,0.0,May,2,2,7,6,Returning_Visitor,0,0,0.02480477721635278,Low Intent
0,0.0,0,0.0,10,348.25,0.02,0.024,0.0,0.0,Nov,2,2,4,13,Returning_Visitor,0,0,0.05405405405405406,Low Intent
0,0.0,0,0.0,5,62.75,0.0,0.04,0.0,0.0,Dec,2,2,6,2,Returning_Visitor,1,0,0.016100178890876567,Low Intent
0,0.0,0,0.0,24,1151.0,0.0,0.0125,44.20382094,0.0,Nov,2,2,3,8,New_Visitor,1,1,0.964,High Intent
0,0.0,0,0.0,2,53.0,0.0,0.1,0.0,0.0,May,4,2,4,13,Returning_Visitor,0,0,0.0012126111560226355,Low Intent
5,73.0,0,0.0,18,498.3333333,0.01,0.04,0.0,0.0,May,2,4,7,3,Returning_Visitor,0,0,0.02480477721635278,Low Intent
0,0.0,0,0.0,20,518.6666667,0.0,0.011111111,0.0,0.0,Mar,2,2,2,1,Returning_Visitor,0,0,0.0012126111560226355,Low Intent
2,31.6,0,0.0,4,75.6,0.0,0.028571429,0.0,0.0,Aug,2,2,7,4,Returning_Visitor,0,0,0.02480477721635278,Low Intent
0,0.0,0,0.0,7,248.0,0.057142857,0.080952381,0.0,0.0,Nov,3,2,3,13,Returning_Visitor,0,0,0.05405405405405406,Low Intent
4,68.66666667,0,0.0,14,617.15,0.0,0.004444444,9.253161679,0.0,Sep,1,1,6,5,New_Visitor,0,1,0.9565217391304348,High Intent
0,0.0,0,0.0,5,1620.0,0.14,0.166666667,0.0,0.0,Mar,2,2,1,1,Returning_Visitor,0,0,0.0012126111560226355,Low Intent
2,37.0,0,0.0,36,862.5738095,0.002857143,0.012698413,10.87212857,0.0,May,2,4,6,2,Returning_Visitor,0,1,0.5756097560975609,Medium Intent
0,0.0,0,0.0,10,192.75,0.033333333,0.028888889,0.0,0.0,Dec,1,2,3,1,Returning_Visitor,1,0,0.016100178890876567,Low Intent
8,79.16666667,2,45.0,62,3657.101515,0.000952381,0.020897436,9.027320816,0.0,May,2,7,4,4,Returning_Visitor,0,1,0.21727748691099477,Low Intent
0,0.0,0,0.0,1,0.0,0.2,0.2,0.0,0.0,Dec,3,2,3,1,Returning_Visitor,1,0,0.016100178890876567,Low Intent
4,52.33333333,1,239.0,14,337.5,0.0,0.011764706,0.0,0.0,Mar,2,5,1,2,Returning_Visitor,0,0,0.02480477721635278,Low Intent
0,0.0,0,0.0,1,0.0,0.2,0.2,0.0,0.0,May,1,1,1,15,Returning_Visitor,1,0,0.0012126111560226355,Low Intent
1,5.0,0,0.0,7,1252.766667,0.025,0.021428571,0.0,0.0,Sep,1,2,7,4,Returning_Visitor,0,0,0.09202453987730061,Low Intent
0,0.0,0,0.0,13,223.4166667,0.0,0.023076923,0.0,0.0,Dec,2,4,1,2,Returning_Visitor,0,0,0.016100178890876567,Low Intent
0,0.0,0,0.0,7,126.0,0.028571429,0.057142857,0.0,0.0,Mar,2,5,2,10,Returning_Visitor,0,0,0.0012126111560226355,Low Intent
0,0.0,0,0.0,1,1.0,0.0,0.1,0.0,0.0,Mar,2,2,2,1,Returning_Visitor,0,0,0.0012126111560226355,Low Intent
0,0.0,0,0.0,2,155.5,0.1,0.15,0.0,0.0,Dec,3,2,3,1,Returning_Visitor,1,0,0.016100178890876567,Low Intent
7,65.83333333,2,39.66666667,135,5520.175505,0.002962963,0.010258137,0.0,0.0,Dec,2,2,1,1,Returning_Visitor,0,0,0.02480477721635278,Low Intent
2,11.0,0,0.0,38,938.9333333,0.039473684,0.06622807,0.0,0.0,June,3,2,2,3,Returning_Visitor,0,0,0.02480477721635278,Low Intent
3,283.375,4,590.0,110,5442.085417,0.005409357,0.02942233,9.294011981,0.0,Nov,2,2,4,2,Returning_Visitor,1,1,0.7428571428571429,High Intent
0,0.0,0,0.0,13,152.3333333,0.023931624,0.03956044,0.0,0.8,May,2,2,4,3,Returning_Visitor,0,0,0.0012126111560226355,Low Intent
0,0.0,0,0.0,14,654.875,0.028571429,0.042857143,0.0,0.0,Nov,2,2,1,13,Returning_Visitor,0,0,0.05405405405405406,Low Intent
0,0.0,0,0.0,1,0.0,0.2,0.2,0.0,0.0,May,2,2,6,4,Returning_Visitor,0,0,0.0012126111560226355,Low Intent
0,0.0,1,41.5,98,2400.037843,0.000183655,0.011646771,0.0,0.0,Nov,2,2,1,2,Returning_Visitor,0,1,0.2736318407960199,Low Intent
2,74.0,0,0.0,13,429.0,0.013333333,0.040444444,0.0,0.0,Mar,2,4,3,6,Returning_Visitor,0,0,0.02480477721635278,Low Intent
1,0.0,0,0.0,8,162.5,0.0,0.022222222,0.0,0.0,May,2,2,1,1,Returning_Visitor,0,0,0.0012126111560226355,Low Intent
0,0.0,0,0.0,26,1377.769697,0.0,0.008,92.4822063,0.0,Mar,2,2,7,2,Returning_Visitor,0,1,0.964,High Intent
0,0.0,0,0.0,5,586.0,0.0,0.06,0.0,0.0,Nov,2,4,9,10,Returning_Visitor,1,0,0.05405405405405406,Low Intent
20,1307.675,3,132.6666667,517,27009.85943,0.004385217,0.014593571,8.4031637,0.0,Nov,1,1,1,2,Returning_Visitor,0,1,0.5,Medium Intent
0,0.0,0,0.0,22,402.5,0.047619048,0.059047619,0.0,0.8,May,3,2,1,13,Returning_Visitor,0,0,0.0012126111560226355,Low Intent
0,0.0,0,0.0,9,257.9,0.011111111,0.044444444,0.0,0.0,June,1,1,1,20,Returning_Visitor,1,0,0.0012126111560226355,Low Intent
1,4.0,0,0.0,15,377.5,0.0,0.002040816,69.7132141,0.0,Nov,8,13,9,20,Other,0,0,0.964,High Intent
2,102.0,0,0.0,13,177.5,0.0,0.026666667,0.0,0.0,May,2,2,4,3,New_Visitor,1,0,0.02480477721635278,Low Intent
0,0.0,0,0.0,37,698.5416667,0.003809524,0.015238095,0.0,0.0,Nov,2,2,6,11,Returning_Visitor,0,0,0.05405405405405406,Low Intent
0,0.0,0,0.0,6,316.25,0.0,0.033333333,0.0,0.0,Dec,3,13,9,20,Returning_Visitor,0,0,0.016100178890876567,Low Intent
0,0.0,0,0.0,54,2593.1,0.018181818,0.039393939,0.0,0.0,Aug,2,2,1,3,Returning_Visitor,0,0,0.0012126111560226355,Low Intent
5,147.0,0,0.0,36,3473.733333,0.015384615,0.033333333,0.0,0.0,May,2,2,6,3,Returning_Visitor,0,0,0.02480477721635278,Low Intent
1,7.0,0,0.0,39,1118.833333,0.005405405,0.019099099,0.0,0.0,Nov,2,2,6,13,Returning_Visitor,0,0,0.05405405405405406,Low Intent
0,0.0,0,0.0,13,70.4,0.138461538,0.143589744,0.0,0.0,Aug,2,2,2,13,Returning_Visitor,0,0,0.0012126111560226355,Low Intent
0,0.0,0,0.0,17,289.5555556,0.017647059,0.031372549,0.0,0.0,Dec,1,1,1,10,Returning_Visitor,0,0,0.016100178890876567,Low Intent
3,26.0,0,0.0,85,768.5,0.0,0.005813953,0.0,0.0,May,2,5,4,4,Returning_Visitor,0,0,0.02480477721635278,Low Intent
0,0.0,0,0.0,9,210.0,0.044444444,0.055555556,0.0,0.0,Mar,1,1,3,3,Returning_Visitor,0,0,0.0012126111560226355,Low Intent
4,65.5,0,0.0,23,783.75,0.007692308,0.030769231,0.0,0.0,Nov,2,5,3,1,Returning_Visitor,1,1,0.05405405405405406,Low Intent
0,0.0,0,0.0,5,24.0,0.04,0.12,0.0,0.0,May,1,1,1,4,Returning_Visitor,1,0,0.0012126111560226355,Low Intent
3,9.0,0,0.0,22,169.5,0.009090909,0.031818182,0.0,0.0,May,2,4,4,3,Returning_Visitor,0,0,0.02480477721635278,Low Intent
10,139.5,0,0.0,85,1740.271008,0.011827957,0.030865335,4.76956682,0.6,May,3,2,1,3,Returning_Visitor,0,0,0.21727748691099477,Low Intent
0,0.0,0,0.0,44,1127.566667,0.006818182,0.021969697,0.0,0.0,Nov,4,2,1,3,Returning_Visitor,0,0,0.05405405405405406,Low Intent
3,139.0,0,0.0,35,631.9333333,0.005263158,0.015789474,0.0,0.0,Nov,1,2,1,2,New_Visitor,0,0,0.11790393013100436,Low Intent
0,0.0,2,162.5,49,572.061039,0.004,0.027944444,0.0,0.0,Dec,2,2,1,6,Returning_Visitor,0,0,0.016100178890876567,Low Intent
0,0.0,0,0.0,8,191.0,0.0,0.025,0.0,0.0,May,2,2,2,13,Returning_Visitor,1,0,0.0012126111560226355,Low Intent
0,0.0,0,0.0,10,172.5,0.01,0.043333333,0.0,0.0,Mar,2,2,3,6,Returning_Visitor,0,0,0.0012126111560226355,Low Intent
11,102.1666667,1,20.0,25,1222.625,0.0,0.035,0.0,0.0,Dec,2,2,1,2,Returning_Visitor,0,0,0.02480477721635278,Low Intent
0,0.0,0,0.0,9,71.75,0.0,0.055555556,0.0,1.0,May,2,4,2,3,Returning_Visitor,1,0,0.0012126111560226355,Low Intent
0,0.0,0,0.0,15,1677.178571,0.026666667,0.060444444,0.0,0.0,Nov,3,2,4,2,Returning_Visitor,1,0,0.05405405405405406,Low Intent
0,0.0,0,0.0,26,938.5833333,0.007692308,0.021794872,0.0,0.0,Dec,2,2,6,1,Returning_Visitor,0,0,0.016100178890876567,Low Intent
2,143.25,0,0.0,38,2508.413853,0.0,0.00745614,54.16451768,0.0,Nov,2,2,7,2,Returning_Visitor,0,1,0.7888446215139442,High Intent
0,0.0,0,0.0,50,3002.902778,0.002083333,0.013611111,0.0,0.0,Nov,2,2,1,2,Returning_Visitor,1,0,0.16939890710382513,Low Intent
1,7.0,1,2.0,43,2325.611905,0.00952381,0.01814059,0.0,0.8,May,3,2,1,4,Returning_Visitor,0,0,0.02480477721635278,Low Intent
3,50.94615385,1,42.4,38,1323.093695,0.007738095,0.012865853,5.62486136,0.0,Sep,3,2,8,2,Returning_Visitor,1,0,0.3225806451612903,Medium Intent
0,0.0,0,0.0,10,130.1666667,0.055555556,0.083333333,26.66133333,0.0,Mar,3,2,1,8,Returning_Visitor,0,0,0.5756097560975609,Medium Intent
0,0.0,0,0.0,39,1168.619841,0.0,0.009064449,0.0,0.0,Nov,1,1,4,3,Returning_Visitor,0,0,0.05405405405405406,Low Intent
0,0.0,0,0.0,18,545.5,0.0,0.011111111,0.0,0.0,Nov,2,2,1,3,Returning_Visitor,0,0,0.05405405405405406,Low Intent
1,9.0,1,49.0,25,2454.45,0.0,0.015384615,31.75846154,0.0,May,2,2,9,6,Returning_Visitor,0,1,0.964,High Intent
0,0.0,0,0.0,4,388.0,0.05,0.075,0.0,0.0,Mar,2,2,6,1,Returning_Visitor,0,0,0.0012126111560226355,Low Intent
2,16.0,0,0.0,10,399.0,0.015384615,0.046153846,0.0,0.0,Nov,1,1,1,8,Returning_Visitor,0,0,0.05405405405405406,Low Intent
0,0.0,0,0.0,22,282.0833333,0.045454545,0.063636364,0.0,0.0,Nov,2,2,4,1,Returning_Visitor,0,0,0.05405405405405406,Low Intent
10,298.581761,0,0.0,210,8115.845852,0.008398675,0.030193184,0.0,0.0,Nov,2,2,1,2,Returning_Visitor,0,0,0.2736318407960199,Low Intent
0,0.0,0,0.0,3,222.0,0.133333333,0.133333333,0.0,0.0,May,1,1,3,3,Returning_Visitor,0,0,0.0012126111560226355,Low Intent
0,0.0,0,0.0,52,1192.317857,0.006410256,0.033012821,0.0,0.0,May,2,6,1,3,Returning_Visitor,0,0,0.0012126111560226355,Low Intent
3,15.0,0,0.0,102,4021.172222,0.0,0.01,0.0,0.0,Nov,2,2,1,2,Returning_Visitor,1,0,0.2736318407960199,Low Intent
4,60.0,0,0.0,33,841.0333333,0.015151515,0.043434343,0.0,0.4,May,2,1,7,4,Returning_Visitor,0,0,0.02480477721635278,Low Intent
3,315.3333333,1,141.5,42,3009.0875,0.004021164,0.0323655,0.0,0.0,Nov,1,1,1,1,Returning_Visitor,0,0,0.16939890710382513,Low Intent
3,69.8,0,0.0,81,7514.790476,0.003821138,0.021883469,0.0,0.0,Nov,2,2,1,2,Returning_Visitor,0,0,0.2736318407960199,Low Intent
0,0.0,0,0.0,9,436.0,0.0,0.022222222,0.0,0.0,Nov,2,2,3,2,Returning_Visitor,0,0,0.05405405405405406,Low Intent
0,0.0,0,0.0,16,1062.666667,0.0,0.0125,54.56704868,0.0,Sep,4,1,1,4,New_Visitor,0,1,0.964,High Intent
1,19.0,0,0.0,8,208.0,0.04,0.1,0.0,0.0,Nov,2,2,1,1,Returning_Visitor,0,0,0.05405405405405406,Low Intent
2,32.2,0,0.0,11,222.5,0.0,0.015384615,0.0,0.0,Aug,2,2,1,4,Returning_Visitor,1,1,0.02480477721635278,Low Intent
1,9.0,0,0.0,33,1597.10609,0.0,0.008754209,5.774785164,0.0,Dec,2,2,3,2,Returning_Visitor,0,1,0.5813953488372093,Medium Intent
1,4.0,3,148.5,5,185.8333333,0.0,0.01875,0.0,0.0,Mar,2,2,7,2,Returning_Visitor,0,0,0.02480477721635278,Low Intent
0,0.0,0,0.0,22,1443.25,0.063636364,0.109090909,0.0,0.8,May,2,2,1,13,Returning_Visitor,0,0,0.0012126111560226355,Low Intent
1,17.0,0,0.0,15,247.0,0.0,0.014285714,0.0,0.0,Nov,4,1,1,3,New_Visitor,0,0,0.11790393013100436,Low Intent
0,0.0,0,0.0,4,46.0,0.0,0.05,0.0,0.0,May,1,1,7,2,Returning_Visitor,0,0,0.0012126111560226355,Low Intent
0,0.0,0,0.0,20,1116.473333,0.033,0.027954545,0.0,0.0,Oct,3,2,6,1,Returning_Visitor,0,0,0.0012126111560226355,Low Intent
3,23.0,0,0.0,16,431.9,0.010526316,0.033684211,0.0,0.0,Jul,2,2,7,13,Returning_Visitor,1,0,0.128,Low Intent
7,135.6666667,2,190.4166667,132,7356.402381,0.004512276,0.017577031,9.193989222,0.0,Dec,4,1,4,10,Returning_Visitor,0,0,0.21727748691099477,Low Intent
3,17.0,0,0.0,18,407.5,0.0,0.02,0.0,0.0,May,2,2,6,5,Returning_Visitor,1,0,0.02480477721635278,Low Intent
3,159.0,2,55.5,23,1100.125,0.0,0.011111111,0.0,0.4,May,3,2,4,14,Returning_Visitor,0,0,0.02480477721635278,Low Intent
0,0.0,0,0.0,6,95.0,0.028571429,0.028571429,86.33623272,0.0,Oct,1,1,4,2,New_Visitor,0,1,0.5756097560975609,Medium Intent
1,45.4,0,0.0,7,352.7,0.0,0.014285714,0.0,0.0,Oct,1,1,3,4,Returning_Visitor,0,0,0.02480477721635278,Low Intent
5,163.0,0,0.0,5,25.0,0.02,0.04,0.0,0.0,Oct,2,2,2,20,New_Visitor,1,0,0.02480477721635278,Low Intent
0,0.0,1,37.0,15,497.3333333,0.0125,0.0375,0.0,0.0,Mar,1,1,2,1,Returning_Visitor,0,0,0.0012126111560226355,Low Intent
11,771.9285714,2,214.1666667,39,1022.474026,0.000833333,0.012361111,52.05165,0.0,May,3,2,1,2,Returning_Visitor,0,1,0.5756097560975609,Medium Intent
1,40.5,0,0.0,7,170.0,0.0,0.016666667,0.0,0.0,Dec,2,4,1,2,Returning_Visitor,0,0,0.02480477721635278,Low Intent
2,48.5,0,0.0,53,2438.075,0.005357143,0.017261905,29.04476648,0.0,Nov,2,2,1,6,Returning_Visitor,1,1,0.7857142857142857,High Intent
0,0.0,0,0.0,9,125.5,0.0,0.007407407,0.0,0.0,Nov,2,2,7,11,Returning_Visitor,0,0,0.05405405405405406,Low Intent
0,0.0,0,0.0,3,8.0,0.0,0.066666667,0.0,0.0,Mar,2,2,6,1,Returning_Visitor,0,0,0.0012126111560226355,Low Intent
0,0.0,0,0.0,14,340.0,0.0,0.015384615,23.388,0.0,May,2,2,3,1,Returning_Visitor,1,1,0.964,High Intent
8,993.0833333,1,28.5,90,2776.013582,0.002380952,0.017256944,0.0,0.0,Nov,3,2,3,2,Returning_Visitor,1,0,0.2736318407960199,Low Intent
9,223.0,1,93.0,76,2893.940476,0.002409639,0.014859438,1.935491302,0.0,Nov,1,2,3,8,Returning_Visitor,0,0,0.7857142857142857,High Intent
1,12.83333333,3,77.0,31,2372.333333,0.0,0.012941176,10.32166068,0.0,Mar,2,2,1,2,Returning_Visitor,0,0,0.5813953488372093,Medium Intent
4,53.4,0,0.0,4,53.4,0.0,0.025,0.0,0.0,Oct,1,1,7,5,New_Visitor,0,0,0.02480477721635278,Low Intent
4,62.66666667,0,0.0,82,1805.277375,0.0,0.023295607,0.0,0.0,Dec,1,1,2,2,Returning_Visitor,0,0,0.02480477721635278,Low Intent
1,21.25,1,0.0,23,1171.071429,0.007407407,0.039506173,11.07703164,0.0,Dec,2,2,7,1,Returning_Visitor,0,0,0.5756097560975609,Medium Intent
4,601.9,0,0.0,41,2517.583333,0.007751938,0.013881932,20.55494533,0.0,Sep,3,2,1,1,Returning_Visitor,0,1,0.21727748691099477,Low Intent
5,199.125,0,0.0,9,430.6071429,0.0,0.008333333,0.0,0.0,Nov,3,2,1,11,Returning_Visitor,0,0,0.05405405405405406,Low Intent
2,84.5,0,0.0,21,710.5416667,0.012121212,0.028787879,0.0,0.0,Nov,2,4,4,2,Returning_Visitor,0,0,0.05405405405405406,Low Intent
10,175.3333333,0,0.0,88,2638.244429,0.004395604,0.022464739,8.27583441,0.0,Nov,1,1,8,10,Returning_Visitor,1,0,0.39849624060150374,Medium Intent
1,25.5,0,0.0,12,122.6666667,0.0,0.014285714,0.0,0.0,Nov,1,1,1,8,New_Visitor,1,0,0.11790393013100436,Low Intent
0,0.0,0,0.0,11,1712.416667,0.018181818,0.036363636,0.0,0.0,Nov,3,2,1,10,Returning_Visitor,1,0,0.05405405405405406,Low Intent
0,0.0,0,0.0,1,0.0,0.2,0.2,0.0,0.0,Oct,2,2,6,2,Returning_Visitor,0,0,0.0012126111560226355,Low Intent
0,0.0,3,34.0,18,271.1666667,0.0,0.00952381,0.0,0.0,Nov,2,4,9,2,New_Visitor,0,0,0.16853932584269662,Low Intent
6,105.6333333,2,105.95,8,246.3865079,0.0,0.008928571,0.0,0.0,Nov,3,2,2,3,Returning_Visitor,0,0,0.16853932584269662,Low Intent
2,67.66666667,1,17.0,7,258.0,0.0,0.022222222,0.0,0.0,May,1,1,8,4,Returning_Visitor,0,0,0.02480477721635278,Low Intent
5,69.5,4,116.0,84,2839.75,0.0,0.006593407,6.281494505,0.0,May,2,4,9,2,New_Visitor,0,0,0.2839506172839506,Low Intent
0,0.0,0,0.0,9,148.3333333,0.04,0.058,0.0,0.0,May,3,2,6,3,Returning_Visitor,0,0,0.0012126111560226355,Low Intent
0,0.0,0,0.0,1,0.0,0.2,0.2,0.0,0.0,Nov,2,4,4,1,Returning_Visitor,0,0,0.05405405405405406,Low Intent
4,98.0,1,31.0,32,898.1714286,0.0,0.005555556,23.32166667,0.0,May,2,2,4,2,New_Visitor,1,1,0.7888446215139442,High Intent
6,253.0,0,0.0,21,686.4,0.003846154,0.012179487,0.0,0.0,Mar,1,1,3,3,Returning_Visitor,0,0,0.02480477721635278,Low Intent
6,152.0,0,0.0,17,450.75,0.028571429,0.052380952,14.10739957,0.0,Nov,1,8,3,11,Returning_Visitor,0,1,0.39849624060150374,Medium Intent
0,0.0,0,0.0,8,856.4166667,0.0,0.028571429,44.56114286,0.6,May,2,4,9,5,Returning_Visitor,0,1,0.964,High Intent
4,314.0833333,2,27.0,130,6560.00754,0.0,0.006376263,0.0,0.0,Nov,2,2,1,2,Returning_Visitor,0,0,0.2736318407960199,Low Intent
0,0.0,0,0.0,10,149.6,0.02,0.04,0.0,0.6,May,2,2,2,2,Returning_Visitor,0,0,0.0012126111560226355,Low Intent
0,0.0,0,0.0,8,210.4,0.0,0.05,0.0,0.0,Nov,1,1,3,8,New_Visitor,1,0,0.11790393013100436,Low Intent
1,25.7,0,0.0,6,143.3,0.0,0.028571429,38.27331194,0.0,Jul,2,5,1,4,New_Visitor,0,1,0.964,High Intent
0,0.0,0,0.0,3,249.0,0.0,0.066666667,0.0,0.0,Mar,2,4,9,3,Returning_Visitor,0,0,0.0012126111560226355,Low Intent
16,305.0,0,0.0,147,4123.956674,0.003797468,0.010521398,0.0,0.0,Nov,2,2,1,8,Returning_Visitor,0,1,0.2736318407960199,Low Intent
2,144.5,0,0.0,7,416.5,0.044444444,0.031111111,0.0,0.0,Nov,3,2,3,8,Returning_Visitor,1,0,0.05405405405405406,Low Intent
1,14.0,0,0.0,6,156.0,0.0,0.04,0.0,0.0,Mar,1,1,3,1,Returning_Visitor,1,0,0.02480477721635278,Low Intent
0,0.0,0,0.0,2,4.0,0.0,0.1,0.0,0.0,Nov,2,2,2,2,Returning_Visitor,0,0,0.05405405405405406,Low Intent
5,68.5,2,34.25,385,14505.72725,0.007309999,0.013519938,0.0,0.0,Nov,3,2,3,3,Returning_Visitor,0,0,0.2736318407960199,Low Intent
0,0.0,0,0.0,24,985.0,0.070833333,0.0875,0.0,0.0,June,3,2,6,13,Returning_Visitor,0,0,0.0012126111560226355,Low Intent
4,1660.3,0,0.0,2,45.7,0.0,0.016666667,113.9293434,0.0,Sep,2,10,1,2,Returning_Visitor,0,1,0.7888446215139442,High Intent
3,124.0,0,0.0,13,173.0,0.0,0.017777778,0.0,0.0,May,2,2,1,2,New_Visitor,0,0,0.02480477721635278,Low Intent
10,268.0,2,7.0,24,551.6666667,0.008333333,0.020833333,0.0,0.0,May,2,2,1,2,Returning_Visitor,0,0,0.02480477721635278,Low Intent
7,235.75,4,66.5,37,729.7916667,0.004545455,0.018181818,60.42298474,0.0,Nov,2,2,1,2,Returning_Visitor,0,1,0.7857142857142857,High Intent
0,0.0,0,0.0,5,256.5,0.0,0.04,0.0,0.0,Dec,2,2,3,3,Returning_Visitor,0,0,0.016100178890876567,Low Intent
0,0.0,0,0.0,5,118.75,0.04,0.08,0.0,0.0,Dec,1,1,1,8,New_Visitor,0,0,0.016100178890876567,Low Intent
4,61.0,0,0.0,14,175.6666667,0.0,0.010588235,0.0,0.0,Mar,2,2,5,2,Returning_Visitor,0,0,0.02480477721635278,Low Intent
9,208.2666667,0,0.0,19,543.775,0.0,0.002380952,0.0,0.0,May,3,2,3,11,New_Visitor,1,0,0.02480477721635278,Low Intent
0,0.0,0,0.0,2,92.0,0.0,0.1,0.0,0.0,Mar,2,2,8,1,Returning_Visitor,0,0,0.0012126111560226355,Low Intent
5,70.33333333,0,0.0,29,1049.313889,0.025595238,0.054241071,0.0,0.0,Nov,3,2,3,2,Returning_Visitor,1,0,0.05405405405405406,Low Intent
0,0.0,0,0.0,26,338.2333333,0.024871795,0.078269231,0.0,0.0,May,2,2,2,2,Returning_Visitor,1,0,0.0012126111560226355,Low Intent
8,820.8,1,29.5,59,1609.313889,0.010447761,0.030795428,12.44030746,0.0,May,2,4,4,2,Returning_Visitor,1,0,0.21727748691099477,Low Intent
11,202.4254386,5,1767.666667,338,13265.35595,0.007520348,0.018855633,1.114150182,0.0,Nov,2,2,3,2,Returning_Visitor,0,1,0.2736318407960199,Low Intent
0,0.0,0,0.0,7,84.33333333,0.052380952,0.10952381,0.0,0.0,May,3,3,9,1,Returning_Visitor,0,0,0.0012126111560226355,Low Intent
2,63.5,0,0.0,12,222.5,0.0,0.007142857,0.0,0.0,Dec,2,10,3,2,New_Visitor,1,0,0.02480477721635278,Low Intent
3,75.6,0,0.0,122,1655.57,0.0,0.0064,17.0952864,0.0,Aug,2,10,4,3,Returning_Visitor,0,1,0.7888446215139442,High Intent
0,0.0,0,0.0,1,0.0,0.2,0.2,0.0,0.0,Mar,2,4,6,2,Returning_Visitor,0,0,0.0012126111560226355,Low Intent
0,0.0,0,0.0,30,1438.0,0.0,0.013793103,100.1655678,0.0,Nov,4,1,1,3,Returning_Visitor,0,1,0.964,High Intent
0,0.0,0,0.0,8,118.0,0.0,0.0125,0.0,0.2,May,2,2,2,2,Returning_Visitor,0,0,0.0012126111560226355,Low Intent
0,0.0,0,0.0,11,299.5,0.036363636,0.072727273,0.0,0.0,Mar,1,1,3,1,Returning_Visitor,0,0,0.0012126111560226355,Low Intent
7,85.52916667,3,255.5,45,2996.4875,0.014814815,0.02628108,2.0905,0.0,May,2,2,3,3,Returning_Visitor,0,0,0.21727748691099477,Low Intent
9,306.46,0,0.0,40,550.7095238,0.0,0.00952381,0.0,0.0,Sep,2,2,1,2,Returning_Visitor,0,0,0.09202453987730061,Low Intent
1,8.0,0,0.0,14,269.5,0.0,0.019047619,0.0,0.0,Mar,2,2,3,1,Returning_Visitor,0,0,0.02480477721635278,Low Intent
6,60.36666667,3,189.3,12,304.7,0.0,0.038596491,2.848312236,0.0,June,2,2,1,4,Returning_Visitor,0,1,0.2839506172839506,Low Intent
0,0.0,0,0.0,29,740.5,0.0,0.009315376,0.0,0.0,May,1,1,2,4,Returning_Visitor,0,0,0.0012126111560226355,Low Intent
0,0.0,0,0.0,4,104.0,0.0,0.05,0.0,0.0,May,2,10,2,2,Returning_Visitor,0,0,0.0012126111560226355,Low Intent
10,363.3333333,0,0.0,59,2012.900794,0.001538462,0.011431235,54.65714872,0.0,May,1,5,1,4,Returning_Visitor,0,0,0.21727748691099477,Low Intent
2,235.0,0,0.0,23,1193.0,0.0,0.008333333,45.6125,0.0,May,3,2,7,2,New_Visitor,0,1,0.7888446215139442,High Intent
6,75.0,0,0.0,33,1930.333333,0.012222222,0.039074074,0.0,0.0,May,2,2,4,11,Returning_Visitor,0,0,0.02480477721635278,Low Intent
0,0.0,0,0.0,2,41.5,0.0,0.1,0.0,0.0,Dec,2,2,5,1,Returning_Visitor,0,0,0.016100178890876567,Low Intent
12,240.2,0,0.0,90,1221.853846,0.002061856,0.014387171,1.722164948,0.0,May,2,4,1,4,Returning_Visitor,0,0,0.3225806451612903,Medium Intent
1,56.4,1,14.2,24,1183.826667,0.0,0.005128205,0.0,0.0,Jul,2,2,8,2,New_Visitor,1,0,0.128,Low Intent
0,0.0,0,0.0,22,681.58,0.00952381,0.025396825,14.63523974,0.0,Nov,1,1,1,3,Returning_Visitor,1,1,0.39849624060150374,Medium Intent
2,36.5,0,0.0,11,295.9,0.0,0.014219114,0.0,0.0,May,3,2,9,4,Returning_Visitor,1,0,0.02480477721635278,Low Intent
4,71.2,0,0.0,6,178.8,0.0,0.014814815,0.0,0.0,Aug,1,1,1,5,New_Visitor,0,0,0.02480477721635278,Low Intent
12,1276.264286,0,0.0,118,3215.173074,0.0,0.005446194,22.45841786,0.0,Nov,3,2,8,3,Returning_Visitor,0,1,0.5842696629213483,Medium Intent
5,54.83333333,0,0.0,26,986.9166667,0.0,0.010985222,45.69873563,0.0,May,6,2,4,5,Returning_Visitor,0,0,0.7888446215139442,High Intent
0,0.0,0,0.0,9,326.0,0.0,0.055555556,0.0,0.0,May,3,2,4,2,Returning_Visitor,0,0,0.0012126111560226355,Low Intent
3,242.0,0,0.0,12,286.0,0.0,0.014285714,0.0,0.0,Mar,1,1,1,2,New_Visitor,1,0,0.02480477721635278,Low Intent
0,0.0,2,20.0,28,1085.25,0.0,0.01,0.0,0.0,Dec,3,2,1,11,New_Visitor,0,1,0.016100178890876567,Low Intent
1,4.5,0,0.0,39,908.3333333,0.0,0.0125,33.6501,0.0,May,2,2,3,2,Returning_Visitor,0,0,0.964,High Intent
2,36.5,0,0.0,32,770.375,0.0,0.01372549,0.0,0.0,Dec,2,2,3,2,Returning_Visitor,0,0,0.02480477721635278,Low Intent
0,0.0,0,0.0,6,254.5,0.0,0.033333333,0.0,0.0,Nov,2,2,1,2,New_Visitor,0,1,0.11790393013100436,Low Intent
0,0.0,0,0.0,10,824.0,0.06,0.09,0.0,0.0,Dec,1,1,1,3,Returning_Visitor,0,0,0.016100178890876567,Low Intent
0,0.0,0,0.0,140,2404.831006,0.001428571,0.003142857,0.0,0.0,Nov,1,1,4,2,Returning_Visitor,0,0,0.2736318407960199,Low Intent
0,0.0,0,0.0,2,11.0,0.0,0.1,0.0,0.0,Dec,2,2,2,13,Returning_Visitor,0,0,0.016100178890876567,Low Intent
0,0.0,0,0.0,21,331.0833333,0.00952381,0.042857143,0.0,0.0,Dec,2,2,1,2,Returning_Visitor,0,0,0.016100178890876567,Low Intent
5,71.66666667,1,4.0,59,1702.369048,0.00078125,0.009867424,6.560625,0.0,May,2,2,6,1,Returning_Visitor,0,1,0.21727748691099477,Low Intent
4,141.7619048,0,0.0,20,850.0357143,0.025,0.041666667,0.0,0.0,May,2,2,6,4,Returning_Visitor,0,0,0.02480477721635278,Low Intent
7,216.4,0,0.0,37,825.205,0.0,0.004625745,0.0,0.0,Sep,2,2,1,1,Returning_Visitor,0,0,0.09202453987730061,Low Intent
0,0.0,0,0.0,12,440.75,0.0,0.041666667,0.0,0.0,Dec,2,2,6,1,Returning_Visitor,1,0,0.016100178890876567,Low Intent
0,0.0,0,0.0,12,846.25,0.0,0.018181818,40.4014481,0.0,Dec,2,6,1,6,New_Visitor,0,1,0.964,High Intent
2,33.5,0,0.0,108,2270.908333,0.005504587,0.029663609,0.0,0.0,Nov,2,2,1,3,Returning_Visitor,0,0,0.2736318407960199,Low Intent
8,85.5,0,0.0,41,1135.860714,0.0,0.025876068,11.87691429,1.0,May,2,2,1,2,Returning_Visitor,1,0,0.2839506172839506,Low Intent
0,0.0,1,68.5,58,1066.393635,0.000209249,0.034950263,0.0,0.0,June,3,2,3,6,Returning_Visitor,0,0,0.0012126111560226355,Low Intent
8,57.83333333,1,3.0,115,8388.316083,0.01252501,0.029541047,0.0,0.8,May,3,2,2,6,Returning_Visitor,0,0,0.02480477721635278,Low Intent
9,149.9333333,2,26.66666667,67,1783.122222,0.0,0.005855856,0.0,0.0,May,1,1,2,4,Returning_Visitor,0,0,0.02480477721635278,Low Intent
6,192.5,0,0.0,113,3000.666667,0.003478261,0.005217391,0.0,0.0,Mar,2,2,3,2,Returning_Visitor,0,0,0.02480477721635278,Low Intent
0,0.0,0,0.0,39,1346.966667,0.0,0.005128205,67.02771302,0.0,Dec,1,1,4,2,New_Visitor,0,1,0.964,High Intent
0,0.0,0,0.0,2,7.0,0.05,0.15,0.0,0.2,May,2,2,7,4,Returning_Visitor,0,0,0.0012126111560226355,Low Intent
3,49.5,0,0.0,68,2853.020833,0.008823529,0.012826797,0.0,0.0,Nov,1,1,1,3,Returning_Visitor,0,0,0.16939890710382513,Low Intent
0,0.0,0,0.0,3,278.0,0.0,0.066666667,0.0,0.0,May,1,1,1,15,Returning_Visitor,0,0,0.0012126111560226355,Low Intent
2,81.6,1,0.0,32,2230.600476,0.0125,0.023125,0.0,0.0,Jul,2,2,9,1,Returning_Visitor,0,0,0.128,Low Intent
2,118.0,0,0.0,4,42.0,0.0,0.066666667,0.0,0.0,Mar,1,2,7,3,Returning_Visitor,0,0,0.02480477721635278,Low Intent
1,4.0,0,0.0,18,631.6666667,0.0,0.027777778,56.32466667,0.0,May,2,2,1,3,Returning_Visitor,0,1,0.964,High Intent
2,68.6,0,0.0,10,279.7666667,0.0,0.033333333,0.0,0.0,Oct,1,2,7,4,New_Visitor,0,0,0.02480477721635278,Low Intent
9,65.16666667,0,0.0,123,5969.573168,0.001538462,0.013923077,10.69237969,0.0,Nov,2,1,1,2,New_Visitor,0,1,0.7857142857142857,High Intent
0,0.0,0,0.0,4,331.0,0.05,0.1,0.0,0.0,Mar,2,2,1,1,Returning_Visitor,0,0,0.0012126111560226355,Low Intent
0,0.0,0,0.0,3,74.6,0.0,0.066666667,0.0,0.0,Jul,3,2,3,4,Returning_Visitor,1,0,0.0012126111560226355,Low Intent
6,89.0625,2,888.0,275,9139.496696,0.00625,0.018539498,0.0,0.0,Nov,2,2,1,2,Returning_Visitor,0,0,0.2736318407960199,Low Intent
6,131.75,0,0.0,32,789.4166667,0.0,0.00745098,0.0,0.0,Dec,1,1,1,2,Returning_Visitor,1,0,0.02480477721635278,Low Intent
2,56.4,0,0.0,45,3166.333333,0.0,0.004891304,4.859624751,0.0,Aug,2,2,2,1,Returning_Visitor,1,0,0.5813953488372093,Medium Intent
1,0.0,2,11.0,50,1799.666667,0.056410256,0.083012821,0.0,0.0,Dec,1,1,1,3,Returning_Visitor,0,0,0.016100178890876567,Low Intent
1,0.0,3,80.0,125,3835.564121,0.022076923,0.039945665,1.002042069,0.0,Jul,1,1,1,3,Returning_Visitor,0,1,1.0,High Intent
4,71.3,0,0.0,66,4415.333333,0.009950249,0.02453119,0.0,0.4,May,2,2,6,11,Returning_Visitor,0,0,0.02480477721635278,Low Intent
4,73.33333333,0,0.0,17,478.8333333,0.0,0.00877193,0.0,0.0,Mar,1,1,3,2,Returning_Visitor,0,0,0.02480477721635278,Low Intent
6,513.8333333,0,0.0,33,2690.333333,0.0,0.01754386,30.21878011,0.0,Nov,2,4,1,2,Returning_Visitor,0,1,0.7888446215139442,High Intent
6,475.75,1,18.0,28,1559.65,0.0125,0.027083333,15.81839583,0.0,May,2,2,5,4,Returning_Visitor,0,1,0.21727748691099477,Low Intent
0,0.0,0,0.0,21,1041.733333,0.0,0.053333333,0.0,0.0,Nov,3,2,8,1,Returning_Visitor,0,0,0.05405405405405406,Low Intent
0,0.0,0,0.0,13,524.0,0.0,0.016666667,45.4642609,0.0,Nov,2,4,9,8,New_Visitor,1,1,0.964,High Intent
0,0.0,0,0.0,26,810.3713768,0.019230769,0.02530525,0.0,0.8,May,3,2,3,1,Returning_Visitor,0,0,0.0012126111560226355,Low Intent
2,15.6,0,0.0,10,68.0,0.018181818,0.045454545,0.0,0.2,May,2,2,2,3,Returning_Visitor,0,0,0.02480477721635278,Low Intent
0,0.0,0,0.0,8,113.6666667,0.0,0.025,0.0,0.0,Nov,2,2,4,13,Returning_Visitor,0,0,0.05405405405405406,Low Intent
3,99.0,0,0.0,37,2419.133333,0.007894737,0.023245614,0.0,0.0,Mar,2,2,3,1,Returning_Visitor,0,0,0.02480477721635278,Low Intent
5,194.3333333,2,38.0,71,2632.189286,0.000694444,0.008611111,0.0,0.0,Nov,4,2,1,2,Returning_Visitor,1,0,0.16939890710382513,Low Intent
4,131.1,0,0.0,13,777.05,0.0,0.003921569,0.0,0.0,Oct,2,2,1,2,Returning_Visitor,0,0,0.02480477721635278,Low Intent
4,38.5,1,308.0,14,582.0,0.0,0.021875,0.0,0.0,May,2,2,2,13,Returning_Visitor,1,0,0.02480477721635278,Low Intent
4,462.0,0,0.0,51,1873.216667,0.0,0.00754717,0.0,0.6,Feb,2,2,9,3,Returning_Visitor,0,0,0.02480477721635278,Low Intent
0,0.0,0,0.0,1,0.0,0.2,0.2,0.0,0.0,Dec,2,2,8,11,Returning_Visitor,0,0,0.016100178890876567,Low Intent
1,90.6,0,0.0,11,424.5957143,0.053333333,0.055833333,0.0,0.0,Aug,3,2,8,1,Returning_Visitor,0,0,0.02480477721635278,Low Intent
0,0.0,0,0.0,11,919.0,0.0,0.027272727,0.0,0.0,Mar,2,6,2,3,Returning_Visitor,0,0,0.0012126111560226355,Low Intent
1,15.0,1,0.0,62,969.15,0.001092896,0.027790788,0.0,0.0,May,2,2,3,2,Returning_Visitor,0,0,0.02480477721635278,Low Intent
2,52.0,0,0.0,24,427.0833333,0.026388889,0.059722222,0.0,0.0,Mar,2,2,1,1,Returning_Visitor,0,0,0.02480477721635278,Low Intent
3,100.5,0,0.0,95,1453.640882,0.002105263,0.012761333,0.0,0.0,Dec,2,2,3,2,New_Visitor,0,0,0.02480477721635278,Low Intent
10,770.7388889,2,138.6666667,35,726.0388889,0.0,0.005434783,10.82357287,0.0,Nov,2,2,7,2,Returning_Visitor,0,1,0.5428571428571428,Medium Intent
0,0.0,0,0.0,41,647.8166667,0.0125,0.026666667,0.0,0.4,May,2,2,6,1,Returning_Visitor,0,0,0.0012126111560226355,Low Intent
0,0.0,0,0.0,10,250.8,0.0,0.01,0.0,0.0,Mar,2,2,4,3,Returning_Visitor,0,0,0.0012126111560226355,Low Intent
0,0.0,0,0.0,7,67.0,0.0,0.028571429,0.0,0.0,Mar,2,2,1,2,Returning_Visitor,0,0,0.0012126111560226355,Low Intent
0,0.0,0,0.0,12,155.0,0.066666667,0.091666667,0.0,0.0,Nov,4,2,1,1,Returning_Visitor,0,0,0.05405405405405406,Low Intent
0,0.0,0,0.0,15,612.0,0.0,0.013333333,0.0,0.0,Nov,1,2,8,2,Returning_Visitor,1,0,0.05405405405405406,Low Intent
7,157.5,1,23.0,42,3503.025,0.005142857,0.018193939,21.76475048,0.0,May,2,2,1,2,Returning_Visitor,0,0,0.21727748691099477,Low Intent
0,0.0,0,0.0,96,2857.712454,0.002393617,0.019742908,0.0,0.0,Nov,3,2,1,6,Returning_Visitor,1,0,0.2736318407960199,Low Intent
0,0.0,0,0.0,19,1040.2,0.0,0.011111111,115.98,0.0,May,2,2,6,2,New_Visitor,1,1,0.964,High Intent
4,184.4583333,1,8.166666667,44,1398.390775,0.017391304,0.026402848,10.57361945,0.0,Nov,1,2,3,1,Returning_Visitor,1,0,0.39849624060150374,Medium Intent
7,92.5,0,0.0,48,1681.52381,0.0,0.016993464,53.988,0.0,May,2,2,2,2,Returning_Visitor,0,0,0.5842696629213483,Medium Intent
6,465.8333333,2,71.0,26,1558.0,0.006666667,0.013333333,7.169617487,0.0,Mar,2,2,1,1,Returning_Visitor,1,0,0.47761194029850745,Medium Intent
0,0.0,0,0.0,5,116.0,0.0,0.04,0.0,0.0,Mar,2,5,1,1,Returning_Visitor,0,0,0.0012126111560226355,Low Intent
0,0.0,0,0.0,4,214.0,0.0,0.05,0.0,0.0,Mar,2,2,3,3,Returning_Visitor,0,0,0.0012126111560226355,Low Intent
0,0.0,0,0.0,9,771.5,0.022222222,0.044444444,0.0,0.0,Mar,1,1,6,1,Returning_Visitor,0,0,0.0012126111560226355,Low Intent
0,0.0,0,0.0,3,60.5,0.1,0.1,0.0,0.0,Nov,3,2,6,6,Returning_Visitor,0,0,0.05405405405405406,Low Intent
0,0.0,0,0.0,15,269.4,0.053333333,0.064444444,0.0,0.0,Aug,2,2,3,1,Returning_Visitor,0,0,0.0012126111560226355,Low Intent
11,143.8333333,3,404.5833333,58,3473.857143,0.005714286,0.016111111,2.568454762,0.0,May,2,2,2,3,Returning_Visitor,0,0,0.21727748691099477,Low Intent
0,0.0,0,0.0,6,467.0,0.0,0.016666667,0.0,0.4,Feb,1,1,3,3,Returning_Visitor,0,0,0.0012126111560226355,Low Intent
12,214.05,0,0.0,33,536.3227273,0.007317073,0.015853659,0.0,0.0,Dec,1,1,1,2,Returning_Visitor,0,0,0.02480477721635278,Low Intent
0,0.0,0,0.0,11,296.45,0.0,0.007792208,0.0,0.0,Mar,3,2,6,2,Returning_Visitor,0,0,0.0012126111560226355,Low Intent
0,0.0,0,0.0,24,1476.021429,0.013043478,0.024378882,0.0,0.0,Sep,2,2,8,2,Returning_Visitor,0,0,0.0012126111560226355,Low Intent
2,33.0,0,0.0,28,898.5,0.0,0.013333333,0.0,0.0,Mar,2,10,6,10,Returning_Visitor,0,0,0.02480477721635278,Low Intent
0,0.0,2,131.0,36,868.4166667,0.0,0.001081081,33.84778378,0.0,May,3,2,7,2,New_Visitor,1,1,0.964,High Intent
1,9.0,5,86.0,26,466.5,0.0,0.006666667,0.0,0.0,May,2,2,1,4,Returning_Visitor,0,0,0.02480477721635278,Low Intent
12,356.125,0,0.0,44,2187.338725,0.005102041,0.029042386,0.0,0.0,Dec,1,1,8,1,Returning_Visitor,0,0,0.02480477721635278,Low Intent
0,0.0,0,0.0,2,8.0,0.15,0.15,0.0,0.0,Nov,1,1,1,3,Returning_Visitor,0,0,0.05405405405405406,Low Intent
0,0.0,0,0.0,6,224.0,0.0,0.016666667,0.0,0.0,May,4,1,3,2,Returning_Visitor,0,0,0.0012126111560226355,Low Intent
3,148.0,0,0.0,8,292.5,0.0,0.027272727,0.0,0.0,Mar,2,2,1,3,Returning_Visitor,1,0,0.02480477721635278,Low Intent
2,30.0,1,148.5,24,1530.194444,0.007407407,0.014814815,10.10222222,0.0,Mar,1,1,1,10,Returning_Visitor,0,0,0.47761194029850745,Medium Intent
3,97.5,0,0.0,5,155.3333333,0.0,0.028571429,0.0,0.0,Dec,3,2,1,2,New_Visitor,0,0,0.02480477721635278,Low Intent
1,13.83333333,1,0.0,200,8336.039583,0.004207921,0.017597513,3.730318306,0.0,Nov,2,5,4,1,Returning_Visitor,0,1,0.7857142857142857,High Intent
0,0.0,0,0.0,6,231.8,0.066666667,0.066666667,0.0,0.0,Oct,2,5,3,2,Returning_Visitor,0,0,0.0012126111560226355,Low Intent
3,77.0,5,243.0,127,2573.875,0.00025641,0.009196581,0.0,0.0,May,2,2,4,3,Returning_Visitor,0,0,0.02480477721635278,Low Intent
2,45.5,0,0.0,2,317.25,0.0,0.066666667,0.0,0.0,Dec,2,2,1,2,Returning_Visitor,0,0,0.02480477721635278,Low Intent
0,0.0,0,0.0,31,1297.464286,0.0,0.018010753,0.0,0.0,Nov,2,1,1,2,Returning_Visitor,1,0,0.05405405405405406,Low Intent
3,44.22857143,0,0.0,13,311.79,0.0,0.002666667,34.03997536,0.0,June,2,2,1,5,New_Visitor,0,1,0.7888446215139442,High Intent
0,0.0,0,0.0,37,1669.559524,0.016190476,0.051333333,0.0,0.0,May,3,2,3,1,Returning_Visitor,0,0,0.0012126111560226355,Low Intent
0,0.0,0,0.0,7,914.5,0.0,0.028571429,0.0,0.0,Nov,2,2,2,1,Returning_Visitor,0,0,0.05405405405405406,Low Intent
0,0.0,0,0.0,2,42.0,0.0,0.05,0.0,0.0,Mar,2,2,6,3,Returning_Visitor,0,0,0.0012126111560226355,Low Intent
0,0.0,0,0.0,28,1231.233333,0.007142857,0.030357143,0.0,0.0,Feb,1,1,4,3,Returning_Visitor,0,0,0.0012126111560226355,Low Intent
7,150.375,0,0.0,7,219.5833333,0.0,0.018181818,0.0,0.0,Dec,1,1,1,2,Returning_Visitor,1,0,0.02480477721635278,Low Intent
8,440.4615385,1,0.0,89,3236.865632,0.012544803,0.027526998,7.329008963,0.0,Nov,1,1,1,10,Returning_Visitor,1,0,0.39849624060150374,Medium Intent
1,72.66666667,4,345.0,24,879.9090909,0.0,0.035897436,6.482798269,0.0,Mar,2,4,4,1,Returning_Visitor,0,1,0.5813953488372093,Medium Intent
1,0.0,0,0.0,14,503.6333333,0.013333333,0.033333333,0.0,0.0,Aug,2,2,9,2,Returning_Visitor,0,0,0.0012126111560226355,Low Intent
0,0.0,0,0.0,19,5538.916667,0.024,0.055119048,0.0,0.0,May,2,2,1,13,Returning_Visitor,1,0,0.0012126111560226355,Low Intent
0,0.0,0,0.0,70,1473.701515,0.008695652,0.032370528,0.0,0.0,Nov,1,1,1,2,Returning_Visitor,0,0,0.05405405405405406,Low Intent
3,67.4,2,16.2,8,281.1,0.0,0.041666667,15.82044157,0.0,Nov,3,2,1,20,Returning_Visitor,0,1,0.7888446215139442,High Intent
0,0.0,0,0.0,12,304.75,0.0,0.025,0.0,0.8,May,1,2,3,4,Returning_Visitor,0,0,0.0012126111560226355,Low Intent
9,215.2333333,5,450.0,35,1974.352381,0.004761905,0.018866213,15.32910159,0.0,Mar,2,2,3,2,Returning_Visitor,0,0,0.47761194029850745,Medium Intent
9,174.475,0,0.0,43,895.9731685,0.0,0.009929078,30.66624113,0.0,May,1,2,6,2,Returning_Visitor,0,1,0.5842696629213483,Medium Intent
3,423.0,0,0.0,24,1203.533333,0.0,0.011111111,0.0,0.0,Oct,4,1,1,4,New_Visitor,0,0,0.02480477721635278,Low Intent
0,0.0,0,0.0,3,105.25,0.0,0.044444444,0.0,0.0,May,3,2,8,4,Returning_Visitor,1,0,0.0012126111560226355,Low Intent
0,0.0,0,0.0,16,230.5666667,0.0,0.023958333,0.0,0.0,Aug,2,2,3,4,Returning_Visitor,0,0,0.0012126111560226355,Low Intent
4,159.0,2,27.75,33,821.6825397,0.000617284,0.019343434,0.0,0.0,Dec,2,2,1,2,Returning_Visitor,0,1,0.02480477721635278,Low Intent
3,68.0,0,0.0,8,306.0,0.0,0.008888889,0.0,0.0,Mar,1,1,9,3,New_Visitor,1,0,0.02480477721635278,Low Intent
1,13.0,0,0.0,28,611.94,0.0,0.006896552,0.0,0.0,Sep,3,2,1,1,Returning_Visitor,0,0,0.09202453987730061,Low Intent
7,228.25,0,0.0,39,968.0924451,0.01547619,0.023015873,7.497155058,0.0,Nov,3,2,1,1,Returning_Visitor,0,0,0.39849624060150374,Medium Intent
2,146.9,0,0.0,45,6707.54,0.011363636,0.019859307,4.023323663,0.0,Oct,2,2,8,2,Returning_Visitor,0,0,0.21727748691099477,Low Intent
0,0.0,0,0.0,5,476.0,0.013333333,0.093333333,0.0,0.0,May,2,4,1,1,Returning_Visitor,0,0,0.0012126111560226355,Low Intent
1,5.5,0,0.0,103,2429.279762,0.034951923,0.044360501,0.0,0.0,Nov,3,2,1,13,Returning_Visitor,0,0,0.2736318407960199,Low Intent
0,0.0,0,0.0,1,0.0,0.2,0.2,0.0,0.0,Nov,2,6,2,1,Returning_Visitor,0,0,0.05405405405405406,Low Intent
0,0.0,0,0.0,3,12.0,0.0,0.066666667,0.0,0.0,Mar,2,2,1,3,Returning_Visitor,0,0,0.0012126111560226355,Low Intent
2,49.5,0,0.0,260,8555.765985,0.005401961,0.017330846,0.0,0.0,Nov,1,2,1,2,Returning_Visitor,0,1,0.2736318407960199,Low Intent
21,1079.184314,4,176.5,67,2162.840879,0.007407407,0.018259847,0.548811351,0.0,Nov,3,2,1,11,Returning_Visitor,1,0,0.16939890710382513,Low Intent
0,0.0,0,0.0,15,475.6666667,0.013333333,0.013333333,0.0,0.0,Dec,1,1,3,8,New_Visitor,0,0,0.016100178890876567,Low Intent
0,0.0,0,0.0,8,139.0,0.0,0.05,0.0,0.0,May,2,4,3,3,Returning_Visitor,0,0,0.0012126111560226355,Low Intent
6,123.5416667,0,0.0,12,189.0,0.0,0.014285714,0.0,0.0,Dec,3,12,3,1,New_Visitor,0,0,0.02480477721635278,Low Intent
0,0.0,0,0.0,36,851.3333333,0.010810811,0.032432432,0.0,0.2,May,4,1,1,4,Returning_Visitor,0,0,0.0012126111560226355,Low Intent
2,386.0,0,0.0,72,712.2960784,0.0,0.000913242,0.0,0.0,Nov,2,2,4,2,New_Visitor,0,0,0.11790393013100436,Low Intent
2,168.4,0,0.0,10,208.0,0.0,0.008333333,0.0,0.0,Nov,3,2,5,2,New_Visitor,0,0,0.11790393013100436,Low Intent
0,0.0,0,0.0,12,819.9166667,0.005555556,0.040833333,0.0,0.0,May,1,1,2,3,Returning_Visitor,1,0,0.0012126111560226355,Low Intent
2,67.0,0,0.0,59,468.1916667,0.0,0.003278689,0.0,0.2,May,2,2,3,2,Returning_Visitor,0,0,0.02480477721635278,Low Intent
1,55.5,0,0.0,53,4048.583333,0.007843137,0.015490196,0.0,0.0,Dec,4,1,1,1,Returning_Visitor,0,0,0.02480477721635278,Low Intent
3,44.0,0,0.0,14,469.8761905,0.0,0.005357143,0.0,0.0,Mar,2,4,1,10,Returning_Visitor,0,0,0.02480477721635278,Low Intent
0,0.0,0,0.0,4,18.2,0.15,0.15,0.0,0.0,Sep,3,2,1,13,Returning_Visitor,0,0,0.0012126111560226355,Low Intent
0,0.0,0,0.0,15,383.4583333,0.0,0.029333333,0.0,0.0,Dec,2,2,2,2,Returning_Visitor,0,0,0.016100178890876567,Low Intent
4,72.0,0,0.0,32,2258.175,0.0,0.025714286,38.19067209,0.0,Nov,2,2,9,2,Returning_Visitor,0,0,0.7888446215139442,High Intent
0,0.0,0,0.0,5,168.9,0.0,0.011428571,0.0,0.0,Dec,3,2,1,2,New_Visitor,0,0,0.016100178890876567,Low Intent
2,72.5,0,0.0,10,1580.0,0.0,0.018181818,100.0963636,0.0,May,2,2,1,2,Returning_Visitor,0,1,0.7888446215139442,High Intent
1,153.5,0,0.0,20,1002.847222,0.0,0.00952381,41.13433129,0.0,Nov,2,2,4,2,Returning_Visitor,0,0,0.964,High Intent
5,43.5,0,0.0,6,110.3333333,0.0,0.02,0.0,0.0,Dec,2,2,8,8,New_Visitor,1,0,0.02480477721635278,Low Intent
0,0.0,1,6.0,65,2349.101818,0.018785882,0.046505418,0.0,0.0,Jul,2,2,2,3,Returning_Visitor,0,0,0.0012126111560226355,Low Intent
0,0.0,0,0.0,84,4894.851299,0.002682927,0.028446662,0.0,0.0,Nov,2,2,3,1,Returning_Visitor,1,1,0.2736318407960199,Low Intent
2,156.0,1,201.0,14,1033.066667,0.0125,0.012291667,0.0,0.0,May,1,1,6,3,Returning_Visitor,1,0,0.02480477721635278,Low Intent
0,0.0,0,0.0,8,1066.25,0.0,0.028571429,9.0847678,0.0,Nov,1,8,4,11,Returning_Visitor,1,1,0.5813953488372093,Medium Intent
3,231.0,0,0.0,16,386.4444444,0.0,0.02745098,0.0,0.2,May,1,1,1,3,Returning_Visitor,0,0,0.02480477721635278,Low Intent
0,0.0,0,0.0,13,305.0,0.0,0.016666667,0.0,0.0,Mar,1,1,1,2,New_Visitor,0,0,0.0012126111560226355,Low Intent
4,822.7666667,0,0.0,17,1229.466667,0.0,0.041269841,0.0,0.0,June,2,2,1,16,Returning_Visitor,0,1,0.02480477721635278,Low Intent
1,23.0,2,272.5,30,974.2698413,0.006451613,0.007885305,11.47812903,0.0,May,2,2,4,1,Returning_Visitor,1,1,0.5756097560975609,Medium Intent
0,0.0,0,0.0,11,229.9166667,0.018181818,0.040909091,0.0,0.0,Nov,3,2,4,1,Returning_Visitor,1,0,0.05405405405405406,Low Intent
0,0.0,0,0.0,30,1029.583333,0.003571429,0.009166667,0.0,0.0,Dec,3,2,1,2,Returning_Visitor,0,0,0.016100178890876567,Low Intent
0,0.0,0,0.0,37,1254.75,0.002631579,0.010175439,34.15414773,0.0,Nov,2,2,2,7,Returning_Visitor,0,1,0.7857142857142857,High Intent
0,0.0,2,11.0,1,0.0,0.066666667,0.133333333,0.0,0.0,Nov,1,1,1,2,Returning_Visitor,0,0,0.16853932584269662,Low Intent
7,159.3333333,0,0.0,24,520.6666667,0.0,0.006666667,0.0,0.0,Mar,2,10,4,3,New_Visitor,1,0,0.02480477721635278,Low Intent
4,140.0666667,0,0.0,74,3146.709481,0.0192,0.042311111,0.93770521,0.0,Jul,1,1,1,1,Returning_Visitor,0,0,0.128,Low Intent
2,182.4,0,0.0,27,1165.944762,0.0,0.007407407,0.0,0.0,Nov,2,4,6,11,New_Visitor,1,0,0.11790393013100436,Low Intent
7,106.8285714,0,0.0,181,6842.002513,0.0,0.007218823,11.29607044,0.0,May,4,1,3,4,Returning_Visitor,1,0,0.2839506172839506,Low Intent
1,4.0,0,0.0,6,102.0,0.0,0.057142857,0.0,0.0,May,2,2,1,3,New_Visitor,0,0,0.02480477721635278,Low Intent
0,0.0,0,0.0,6,222.4,0.0,0.033333333,63.55337685,0.0,Jul,1,1,4,4,Returning_Visitor,1,0,0.964,High Intent
9,352.2333333,0,0.0,49,2268.900677,0.0,0.017407407,0.0,0.0,Aug,1,2,9,2,Returning_Visitor,0,0,0.02480477721635278,Low Intent
4,48.83243423,4,165.6666667,22,365.774339,0.004365079,0.015583028,0.0,0.0,Aug,3,2,1,4,Returning_Visitor,0,0,0.02480477721635278,Low Intent
0,0.0,0,0.0,39,1262.651515,0.005128205,0.007264957,0.0,0.0,Nov,3,2,2,10,Returning_Visitor,0,1,0.05405405405405406,Low Intent
1,114.0,1,173.0,36,2542.333333,0.042592593,0.059814815,33.44055556,0.0,May,2,2,7,1,Returning_Visitor,1,0,0.21727748691099477,Low Intent
0,0.0,0,0.0,4,121.5,0.0,0.05,0.0,0.0,Nov,1,1,4,8,Returning_Visitor,0,0,0.05405405405405406,Low Intent
0,0.0,0,0.0,33,2199.5,0.0,0.008080808,0.0,0.0,Dec,2,2,6,2,New_Visitor,0,0,0.016100178890876567,Low Intent
3,68.58333333,0,0.0,72,1781.191667,0.008219178,0.015174871,0.0,0.0,Nov,1,1,1,8,Returning_Visitor,1,0,0.05405405405405406,Low Intent
1,20.0,0,0.0,20,219.5,0.12,0.129761905,0.0,0.8,May,3,2,1,13,Returning_Visitor,0,0,0.02480477721635278,Low Intent
11,385.5666667,0,0.0,54,1256.293333,0.010344828,0.014367816,0.0,0.0,Oct,2,2,7,3,Returning_Visitor,0,0,0.02480477721635278,Low Intent
5,69.0,4,163.0,50,2424.75,0.0,0.023333333,2.973214286,0.0,May,2,2,3,3,Returning_Visitor,0,0,0.2839506172839506,Low Intent
0,0.0,0,0.0,2,46.5,0.0,0.05,0.0,0.0,Dec,1,1,2,2,New_Visitor,0,0,0.016100178890876567,Low Intent
1,41.0,0,0.0,30,1018.0,0.0,0.003448276,54.21806897,0.0,May,2,2,1,2,Returning_Visitor,0,1,0.964,High Intent
7,122.875,0,0.0,22,250.0357143,0.0,0.03974359,0.0,0.0,Dec,2,2,1,2,New_Visitor,0,0,0.02480477721635278,Low Intent
7,667.25,0,0.0,4,101.8,0.0,0.01,0.0,0.0,Jul,3,2,6,2,Returning_Visitor,1,0,0.128,Low Intent
3,89.6,0,0.0,57,1721.906667,0.0,0.005932203,204.0079491,0.0,Nov,2,2,1,4,Returning_Visitor,1,1,0.7888446215139442,High Intent
4,116.0,1,8.0,59,1828.774603,0.003874092,0.023361582,26.93792373,0.0,May,2,2,7,6,Returning_Visitor,0,0,0.21727748691099477,Low Intent
1,26.0,1,55.0,12,457.0,0.014285714,0.04047619,0.0,0.0,Mar,2,2,9,6,Returning_Visitor,1,0,0.02480477721635278,Low Intent
3,69.6,0,0.0,9,199.1333333,0.0,0.006060606,0.0,0.0,Jul,1,1,1,2,New_Visitor,0,0,0.128,Low Intent
3,55.0,0,0.0,18,376.5,0.021052632,0.040350877,0.0,0.4,May,4,2,3,11,Returning_Visitor,0,0,0.02480477721635278,Low Intent
2,79.0,0,0.0,7,823.0,0.0,0.028571429,0.0,0.0,Dec,1,1,3,2,Returning_Visitor,1,0,0.02480477721635278,Low Intent
9,269.8,0,0.0,112,2478.622727,0.0,0.004005848,60.43385263,0.2,May,2,2,4,3,Returning_Visitor,0,1,0.5842696629213483,Medium Intent
3,68.28571429,0,0.0,26,741.0555556,0.014285714,0.039707071,13.24667166,0.0,Nov,3,2,4,10,Returning_Visitor,0,1,0.39849624060150374,Medium Intent
12,1098.5,1,0.0,115,6367.506345,0.016,0.030930013,0.0,0.0,Nov,1,1,1,3,Returning_Visitor,0,1,0.2736318407960199,Low Intent
1,46.0,0,0.0,17,931.0,0.027777778,0.062962963,0.0,0.0,May,3,2,1,13,Returning_Visitor,0,0,0.02480477721635278,Low Intent
6,190.2857143,6,609.0,47,2989.494048,0.0,0.004813218,30.897985,0.0,Mar,2,2,1,8,New_Visitor,1,1,0.7888446215139442,High Intent
11,169.8833333,2,160.4,25,489.15,0.0125,0.0171875,0.0,0.0,Aug,3,2,3,5,Returning_Visitor,1,0,0.02480477721635278,Low Intent
1,112.8,0,0.0,8,543.7333333,0.0,0.011111111,28.69843548,0.0,Oct,1,1,6,2,New_Visitor,1,1,0.964,High Intent
0,0.0,0,0.0,2,0.0,0.2,0.2,0.0,0.0,May,2,2,2,3,Returning_Visitor,0,0,0.0012126111560226355,Low Intent
0,0.0,0,0.0,34,933.85,0.021875,0.031505682,0.0,0.0,Nov,1,1,1,2,Returning_Visitor,1,0,0.05405405405405406,Low Intent
0,0.0,0,0.0,5,384.0,0.0,0.05,0.0,0.0,May,2,4,4,2,Returning_Visitor,0,0,0.0012126111560226355,Low Intent
4,302.0,0,0.0,29,675.375,0.0,0.001333333,0.0,0.0,Dec,2,2,1,6,Returning_Visitor,1,0,0.02480477721635278,Low Intent
1,62.0,1,172.0,58,1341.261111,0.004597701,0.009827586,0.0,0.0,May,3,2,4,4,Returning_Visitor,0,0,0.02480477721635278,Low Intent
0,0.0,0,0.0,16,450.8333333,0.04375,0.06875,0.0,0.0,May,2,2,2,1,Returning_Visitor,0,0,0.0012126111560226355,Low Intent
3,115.5,0,0.0,55,1833.244643,0.0,0.008286252,18.61684302,0.0,Nov,2,2,6,2,Returning_Visitor,1,1,0.7888446215139442,High Intent
0,0.0,1,0.0,23,456.3333333,0.043478261,0.068115942,0.0,0.0,May,2,4,3,6,Returning_Visitor,0,0,0.0012126111560226355,Low Intent
1,4.0,0,0.0,9,495.0,0.022222222,0.044444444,0.0,0.2,May,3,2,2,19,Returning_Visitor,0,0,0.02480477721635278,Low Intent
3,61.5,0,0.0,16,946.1666667,0.0,0.010526316,0.0,0.0,Mar,2,2,1,10,New_Visitor,0,0,0.02480477721635278,Low Intent
0,0.0,0,0.0,17,349.375,0.0125,0.01875,0.0,0.0,Nov,3,2,9,20,Returning_Visitor,0,0,0.05405405405405406,Low Intent
0,0.0,0,0.0,47,1230.368182,0.004347826,0.020724638,0.0,0.0,May,2,5,1,2,Returning_Visitor,0,0,0.0012126111560226355,Low Intent
0,0.0,0,0.0,38,1372.0,0.005405405,0.018918919,0.0,0.0,Mar,2,2,1,2,Returning_Visitor,0,0,0.0012126111560226355,Low Intent
1,81.0,0,0.0,93,3359.625,0.0,0.015104167,0.0,0.0,Nov,2,2,3,1,Returning_Visitor,0,1,0.2736318407960199,Low Intent
9,250.0833333,2,30.5,155,4643.283732,0.002073171,0.007466851,10.11599409,0.0,Nov,2,2,1,3,Returning_Visitor,0,1,0.7857142857142857,High Intent
2,90.0,0,0.0,22,650.6666667,0.026086957,0.045217391,0.0,0.0,May,2,2,4,1,Returning_Visitor,0,0,0.02480477721635278,Low Intent
7,146.25,0,0.0,42,1030.266667,0.0,0.008695652,0.0,0.0,Mar,2,2,1,2,New_Visitor,0,0,0.02480477721635278,Low Intent
0,0.0,1,30.5,14,327.0,0.013333333,0.026666667,0.0,0.0,Nov,1,1,4,3,Returning_Visitor,0,0,0.05405405405405406,Low Intent
0,0.0,0,0.0,6,2017.166667,0.0,0.011111111,0.0,0.8,Feb,2,2,4,3,Returning_Visitor,0,0,0.0012126111560226355,Low Intent
0,0.0,0,0.0,80,1566.333333,0.005,0.027916667,0.720181023,0.0,Sep,2,2,6,1,Returning_Visitor,0,1,0.0,Low Intent
1,32.2,0,0.0,32,396.4714286,0.021212121,0.050688705,0.0,0.0,Jul,1,1,2,3,Returning_Visitor,1,0,0.128,Low Intent
0,0.0,0,0.0,13,255.0,0.0,0.015384615,0.0,0.0,Mar,2,4,1,1,Returning_Visitor,1,0,0.0012126111560226355,Low Intent
0,0.0,0,0.0,28,1283.75,0.014285714,0.023809524,0.0,0.0,Dec,2,2,1,2,Returning_Visitor,1,0,0.016100178890876567,Low Intent
4,22.5,0,0.0,15,289.85,0.0,0.022222222,57.96417654,0.0,Mar,2,2,2,3,New_Visitor,1,1,0.7888446215139442,High Intent
0,0.0,0,0.0,4,44.0,0.0,0.05,0.0,0.0,May,2,2,2,1,Returning_Visitor,0,0,0.0012126111560226355,Low Intent
1,12.5,0,0.0,3,55.5,0.0,0.08,0.0,0.0,Nov,1,1,1,8,Returning_Visitor,1,0,0.05405405405405406,Low Intent
12,430.1570175,14,622.4,85,3684.855282,0.000934579,0.009959744,34.45943549,0.0,Nov,3,2,1,2,Returning_Visitor,1,0,0.5,Medium Intent
1,22.2,0,0.0,5,136.1,0.066666667,0.066666667,0.0,0.0,Oct,1,1,1,20,Returning_Visitor,0,1,0.02480477721635278,Low Intent
0,0.0,0,0.0,51,6505.333333,0.036,0.050333333,0.0,0.0,Dec,2,2,6,1,Returning_Visitor,1,0,0.016100178890876567,Low Intent
0,0.0,0,0.0,2,114.0,0.05,0.066666667,0.0,0.8,Feb,3,3,1,3,Returning_Visitor,0,0,0.0012126111560226355,Low Intent
4,134.1,0,0.0,7,110.3,0.0,0.015151515,0.0,0.0,Sep,3,2,1,5,New_Visitor,0,0,0.09202453987730061,Low Intent
4,218.9666667,0,0.0,12,672.7,0.0,0.004444444,83.10114264,0.0,Nov,2,2,3,2,Returning_Visitor,1,1,0.7888446215139442,High Intent
0,0.0,0,0.0,32,1916.633333,0.015625,0.0265625,0.0,0.0,Mar,2,2,1,10,Returning_Visitor,0,0,0.0012126111560226355,Low Intent
0,0.0,0,0.0,23,709.75,0.029166667,0.043055556,0.0,0.0,Nov,2,2,1,2,Returning_Visitor,1,0,0.05405405405405406,Low Intent
9,124.4266667,0,0.0,19,720.6766667,0.0,0.018933333,0.0,0.0,Oct,2,2,7,4,Returning_Visitor,0,0,0.02480477721635278,Low Intent
13,295.9285714,5,17.9,154,6759.311928,0.005767417,0.02883646,0.0,0.0,Nov,2,2,3,10,Returning_Visitor,0,0,0.2736318407960199,Low Intent
6,85.96666667,1,2.0,76,1464.209618,0.009803094,0.01785746,0.0,0.0,Aug,3,2,8,4,Returning_Visitor,0,0,0.02480477721635278,Low Intent
1,2.0,0,0.0,6,106.75,0.033333333,0.044444444,0.0,0.0,Nov,3,2,3,3,Returning_Visitor,0,0,0.05405405405405406,Low Intent
0,0.0,0,0.0,8,83.5,0.075,0.1,0.0,0.0,Dec,2,2,5,2,Returning_Visitor,0,0,0.016100178890876567,Low Intent
4,56.0,0,0.0,31,270.4916667,0.0,0.00234375,0.0,0.0,Mar,2,2,1,3,Returning_Visitor,0,0,0.02480477721635278,Low Intent
0,0.0,0,0.0,18,432.7666667,0.0,0.027777778,0.0,0.0,Oct,3,2,1,2,Returning_Visitor,0,0,0.0012126111560226355,Low Intent
0,0.0,0,0.0,45,1478.07381,0.020454545,0.038636364,0.0,0.0,Nov,2,2,7,13,Returning_Visitor,0,0,0.05405405405405406,Low Intent
0,0.0,0,0.0,6,579.0,0.0,0.033333333,0.0,0.0,Dec,1,1,7,3,Returning_Visitor,1,0,0.016100178890876567,Low Intent
0,0.0,0,0.0,9,521.0,0.0,0.02962963,0.0,0.0,Dec,3,2,3,11,New_Visitor,0,0,0.016100178890876567,Low Intent
5,50.0,0,0.0,234,5246.435176,0.002616034,0.011613896,21.03233592,0.0,Nov,2,2,3,3,Returning_Visitor,0,1,0.7857142857142857,High Intent
13,110.7583333,1,3.0,34,858.9464286,0.0,0.011627907,17.78585727,0.0,Nov,2,2,5,10,Returning_Visitor,1,0,0.5842696629213483,Medium Intent
1,7.0,4,364.9166667,248,7445.957075,0.004316069,0.015735624,1.26665917,0.0,Nov,2,2,1,2,Returning_Visitor,0,1,0.7857142857142857,High Intent
0,0.0,0,0.0,6,56.0,0.0,0.033333333,0.0,0.8,May,2,2,1,13,Returning_Visitor,0,0,0.0012126111560226355,Low Intent
0,0.0,0,0.0,1,0.0,0.2,0.2,0.0,1.0,May,4,1,2,3,Returning_Visitor,1,0,0.0012126111560226355,Low Intent
1,10.0,0,0.0,30,602.5,0.009677419,0.014910394,0.0,0.0,Dec,2,2,2,10,Returning_Visitor,0,0,0.02480477721635278,Low Intent
2,38.5,0,0.0,28,770.3095238,0.026666667,0.035396825,0.0,0.0,Nov,1,1,1,3,Returning_Visitor,0,0,0.05405405405405406,Low Intent
8,111.0,0,0.0,32,1206.833333,0.005263158,0.014473684,19.27621155,0.0,Nov,2,2,1,2,Returning_Visitor,0,1,0.7857142857142857,High Intent
1,492.1666667,0,0.0,63,4518.297619,0.012698413,0.039761905,8.137274079,0.0,Nov,2,2,2,1,Returning_Visitor,0,1,0.39849624060150374,Medium Intent
12,158.5952381,2,167.0,48,1256.291667,0.003846154,0.016570513,29.76290794,0.0,Nov,3,2,1,2,Returning_Visitor,0,0,0.7857142857142857,High Intent
0,0.0,0,0.0,3,77.0,0.0,0.066666667,0.0,0.0,Mar,4,2,6,1,Returning_Visitor,0,0,0.0012126111560226355,Low Intent
19,230.3948365,3,48.3,111,3276.190541,0.0088,0.011027644,0.447038663,0.0,Jul,1,1,3,3,Returning_Visitor,0,0,0.128,Low Intent
1,31.25,0,0.0,31,1470.208333,0.0,0.012222222,0.0,0.0,Nov,3,2,3,8,New_Visitor,0,1,0.11790393013100436,Low Intent
7,73.9,0,0.0,58,3441.806667,0.0,0.010752688,0.0,0.0,Oct,2,2,1,2,Returning_Visitor,0,0,0.02480477721635278,Low Intent
1,76.75,0,0.0,33,1356.458333,0.0,0.020833333,0.0,0.0,Nov,2,2,1,10,Returning_Visitor,1,0,0.05405405405405406,Low Intent
0,0.0,0,0.0,1,0.0,0.2,0.2,0.0,0.0,Mar,2,2,9,2,New_Visitor,1,0,0.0012126111560226355,Low Intent
1,10.0,0,0.0,23,271.5785714,0.0,0.008333333,0.0,0.0,Aug,2,2,4,1,Returning_Visitor,0,0,0.02480477721635278,Low Intent
0,0.0,0,0.0,32,2180.933333,0.00625,0.032291667,0.0,0.0,Dec,4,2,3,1,Returning_Visitor,0,0,0.016100178890876567,Low Intent
0,0.0,0,0.0,3,56.5,0.066666667,0.133333333,0.0,0.0,Nov,2,2,3,1,Returning_Visitor,0,0,0.05405405405405406,Low Intent
2,50.5,0,0.0,29,2147.375,0.0,0.006896552,0.0,0.0,Dec,2,2,7,2,New_Visitor,0,0,0.02480477721635278,Low Intent
5,140.0,0,0.0,21,839.4166667,0.011594203,0.008695652,30.83748589,0.0,Dec,3,2,3,1,Returning_Visitor,0,1,0.5756097560975609,Medium Intent
0,0.0,0,0.0,41,963.0,0.0,0.015811966,0.0,0.0,May,2,2,6,1,Returning_Visitor,0,0,0.0012126111560226355,Low Intent
7,132.0,4,256.0666667,125,3674.803673,0.023134328,0.032705748,5.613708292,0.0,Aug,3,2,3,13,Returning_Visitor,0,0,0.21727748691099477,Low Intent
3,96.8,0,0.0,29,2041.626667,0.026075269,0.047324629,0.0,0.0,Sep,2,2,3,1,Returning_Visitor,0,0,0.09202453987730061,Low Intent
4,23.375,2,231.6,35,996.1480769,0.006081081,0.041741742,0.0,0.0,Nov,2,2,5,2,Returning_Visitor,1,0,0.16853932584269662,Low Intent
0,0.0,0,0.0,14,108.0,0.0,0.007142857,0.0,0.0,May,2,2,1,19,Returning_Visitor,0,0,0.0012126111560226355,Low Intent
5,168.0,0,0.0,31,1239.083333,0.006666667,0.02,0.0,0.0,May,3,2,6,13,Returning_Visitor,0,0,0.02480477721635278,Low Intent
0,0.0,0,0.0,77,1903.601743,0.003151515,0.029314358,0.0,0.0,Dec,1,1,3,1,Returning_Visitor,0,0,0.016100178890876567,Low Intent
7,75.84615385,4,246.3333333,16,672.8794872,0.021428571,0.029027611,0.0,0.0,May,1,1,1,3,Returning_Visitor,0,0,0.02480477721635278,Low Intent
1,20.0,1,35.5,35,946.5952381,0.0,0.013333333,0.0,0.0,Nov,2,2,1,2,Returning_Visitor,0,0,0.05405405405405406,Low Intent
2,50.0,0,0.0,24,602.25,0.0,0.003846154,0.0,0.0,Nov,2,2,1,2,Returning_Visitor,1,0,0.05405405405405406,Low Intent
0,0.0,0,0.0,16,462.7333333,0.0125,0.046875,0.0,0.0,May,1,1,1,3,Returning_Visitor,0,0,0.0012126111560226355,Low Intent
11,100.0965368,0,0.0,122,6141.432139,0.013593814,0.030060022,0.0,0.2,May,3,2,1,1,Returning_Visitor,0,0,0.02480477721635278,Low Intent
13,313.0333333,0,0.0,135,3700.495815,0.004662005,0.014626073,3.348407692,0.0,May,2,4,1,4,Returning_Visitor,0,0,0.21727748691099477,Low Intent
1,6.0,0,0.0,44,2011.305556,0.0,0.012301587,0.0,0.0,Nov,2,2,1,3,Returning_Visitor,0,0,0.16939890710382513,Low Intent
0,0.0,0,0.0,6,301.5,0.0,0.111111111,0.0,0.0,Feb,2,4,9,3,Returning_Visitor,0,0,0.0012126111560226355,Low Intent
0,0.0,2,193.5,29,2141.902778,0.029032258,0.042319508,0.0,0.0,Dec,2,2,1,3,Returning_Visitor,0,0,0.016100178890876567,Low Intent
12,275.5166667,2,288.375,60,1276.594048,0.0,0.00952381,5.45243266,0.0,Nov,4,1,1,2,Returning_Visitor,0,1,0.5428571428571428,Medium Intent
0,0.0,0,0.0,13,979.0833333,0.0,0.006060606,0.0,0.0,Dec,3,2,6,2,New_Visitor,1,0,0.016100178890876567,Low Intent
0,0.0,0,0.0,12,201.3333333,0.016666667,0.035714286,0.0,0.0,Nov,3,2,1,13,Returning_Visitor,1,0,0.05405405405405406,Low Intent
8,466.5,2,75.25,44,1616.425824,0.006944444,0.010974434,0.0,0.0,Mar,3,2,4,1,Returning_Visitor,0,0,0.02480477721635278,Low Intent
2,126.0,0,0.0,6,127.1666667,0.05,0.04375,0.0,0.0,Dec,3,2,5,3,Returning_Visitor,1,0,0.02480477721635278,Low Intent
0,0.0,0,0.0,34,4190.75,0.021764706,0.074369748,0.0,0.0,May,2,2,8,6,Returning_Visitor,0,0,0.0012126111560226355,Low Intent
0,0.0,0,0.0,18,490.3,0.011111111,0.022222222,0.0,0.0,Sep,2,2,1,13,Returning_Visitor,0,0,0.0012126111560226355,Low Intent
6,102.4,2,44.4,33,688.3142857,0.0,0.022222222,0.0,0.0,Sep,2,2,3,3,Returning_Visitor,0,0,0.09202453987730061,Low Intent
4,209.0625,0,0.0,71,3401.050687,0.005128205,0.026238576,0.0,0.0,Nov,2,2,2,2,Returning_Visitor,0,0,0.16939890710382513,Low Intent
4,190.5,0,0.0,29,867.9915152,0.012903226,0.019354839,0.0,0.0,Sep,3,2,3,4,Returning_Visitor,0,0,0.09202453987730061,Low Intent
2,172.0,0,0.0,61,3374.916667,0.001111111,0.021388889,0.0,0.0,May,2,2,2,1,Returning_Visitor,0,0,0.02480477721635278,Low Intent
0,0.0,0,0.0,6,34.0,0.133333333,0.166666667,0.0,0.4,May,3,2,4,13,Returning_Visitor,0,0,0.0012126111560226355,Low Intent
5,215.5,0,0.0,61,1238.066667,0.004761905,0.020740741,0.0,0.6,May,3,2,3,13,Returning_Visitor,0,0,0.02480477721635278,Low Intent
5,237.25,1,181.0,63,3445.0125,0.011897436,0.028190306,0.0,0.0,Dec,3,2,1,2,Returning_Visitor,0,0,0.02480477721635278,Low Intent
0,0.0,0,0.0,13,283.5,0.0,0.030769231,0.0,0.4,May,2,2,5,3,Returning_Visitor,0,0,0.0012126111560226355,Low Intent
0,0.0,0,0.0,6,234.5,0.1,0.133333333,0.0,0.0,Nov,1,1,7,10,Returning_Visitor,1,0,0.05405405405405406,Low Intent
6,124.2,0,0.0,5,94.6,0.0,0.022222222,0.0,0.0,Nov,1,1,2,5,New_Visitor,0,1,0.11790393013100436,Low Intent
5,154.2,0,0.0,12,269.5357143,0.004444444,0.006111111,0.0,0.0,Aug,3,2,1,4,Returning_Visitor,0,0,0.02480477721635278,Low Intent
13,83.9952381,2,99.8,24,364.9619048,0.0,0.018181818,0.0,0.0,Nov,2,2,1,2,Returning_Visitor,0,0,0.16853932584269662,Low Intent
0,0.0,0,0.0,6,64.0,0.1,0.133333333,0.0,0.0,Mar,4,1,1,1,Returning_Visitor,0,0,0.0012126111560226355,Low Intent
0,0.0,0,0.0,3,13.0,0.133333333,0.166666667,0.0,0.0,Feb,2,4,1,1,Returning_Visitor,0,0,0.0012126111560226355,Low Intent
0,0.0,0,0.0,22,348.4333333,0.028571429,0.041269841,0.0,0.0,Nov,1,8,6,11,Returning_Visitor,0,1,0.05405405405405406,Low Intent
9,124.0,1,61.5,25,432.1666667,0.0,0.007692308,0.0,0.0,Dec,2,2,8,2,New_Visitor,0,0,0.02480477721635278,Low Intent
8,102.6666667,0,0.0,49,4051.375,0.007272727,0.022949495,0.0,0.0,May,2,4,7,4,Returning_Visitor,0,0,0.02480477721635278,Low Intent
3,60.0,0,0.0,34,783.6363636,0.0,0.000505051,0.0,0.0,Dec,2,2,1,1,Returning_Visitor,1,0,0.02480477721635278,Low Intent
2,88.0,10,719.0,54,1986.553118,0.005128205,0.019939049,25.82676446,0.0,Dec,1,1,2,2,Returning_Visitor,0,0,0.21727748691099477,Low Intent
13,297.75,3,352.5,41,2422.375,0.0,0.016037736,72.43846009,0.0,Dec,2,2,1,8,Returning_Visitor,0,1,0.5842696629213483,Medium Intent
0,0.0,0,0.0,1,0.0,0.2,0.2,0.0,0.0,Mar,3,2,2,10,Returning_Visitor,0,0,0.0012126111560226355,Low Intent
0,0.0,0,0.0,5,337.25,0.0,0.02,0.0,0.0,Mar,2,2,2,10,Returning_Visitor,0,0,0.0012126111560226355,Low Intent
8,212.625,3,124.5,52,968.1964286,0.0,0.005172414,214.3066627,0.0,Nov,2,2,1,2,Returning_Visitor,0,1,0.5842696629213483,Medium Intent
1,10.0,0,0.0,23,660.8166667,0.0,0.025,0.0,0.0,Mar,2,4,1,3,Returning_Visitor,1,0,0.02480477721635278,Low Intent
0,0.0,0,0.0,19,1210.1,0.0,0.005555556,0.0,0.0,Nov,1,1,3,10,Returning_Visitor,0,0,0.05405405405405406,Low Intent
4,197.0,1,25.0,46,1596.672282,0.0,0.008,19.92584938,0.0,Mar,4,2,2,2,New_Visitor,1,0,0.7888446215139442,High Intent
0,0.0,0,0.0,74,1146.469048,0.021621622,0.031306306,0.408238132,0.0,Nov,2,2,1,1,Returning_Visitor,0,0,0.05405405405405406,Low Intent
4,169.2,0,0.0,14,315.4666667,0.0,0.011111111,34.75023292,0.0,Jul,2,2,1,2,Returning_Visitor,1,1,0.7888446215139442,High Intent
5,41.0,1,9.307692308,49,1042.416667,0.012,0.025444444,0.0,0.6,May,2,2,6,3,Returning_Visitor,0,0,0.02480477721635278,Low Intent
0,0.0,0,0.0,24,381.25,0.0125,0.0625,0.0,0.0,Nov,2,2,1,11,New_Visitor,1,0,0.11790393013100436,Low Intent
15,238.6838095,0,0.0,33,799.1049417,0.004347826,0.017574237,19.03293603,0.0,Sep,3,2,3,2,Returning_Visitor,1,0,0.5756097560975609,Medium Intent
0,0.0,0,0.0,1,15.6,0.0,0.0,47.7917708,0.0,Sep,1,1,6,3,New_Visitor,0,1,0.964,High Intent
0,0.0,0,0.0,11,253.0,0.0,0.027272727,0.0,0.0,Mar,2,2,2,1,Returning_Visitor,0,0,0.0012126111560226355,Low Intent
2,76.6,0,0.0,16,368.4666667,0.0,0.021568627,0.0,0.0,Oct,4,1,4,1,Returning_Visitor,1,0,0.02480477721635278,Low Intent
2,21.25,0,0.0,33,968.6444444,0.019191919,0.023480257,0.0,0.0,Nov,3,2,1,8,Returning_Visitor,1,0,0.05405405405405406,Low Intent
0,0.0,0,0.0,3,75.0,0.066666667,0.133333333,0.0,0.0,Dec,3,2,1,20,Returning_Visitor,0,0,0.016100178890876567,Low Intent
0,0.0,0,0.0,10,22.5,0.1,0.106666667,0.0,0.4,May,2,5,1,4,Returning_Visitor,0,0,0.0012126111560226355,Low Intent
1,19.0,0,0.0,24,3209.0,0.008695652,0.017391304,64.33043478,0.0,May,2,2,9,3,New_Visitor,0,0,0.21727748691099477,Low Intent
0,0.0,0,0.0,3,5.0,0.1,0.166666667,0.0,0.0,May,1,1,3,6,Returning_Visitor,0,0,0.0012126111560226355,Low Intent
4,47.83333333,0,0.0,69,2499.990079,0.0,0.007608395,0.0,0.0,Nov,2,2,8,2,New_Visitor,0,0,0.16939890710382513,Low Intent
0,0.0,0,0.0,38,454.2891775,0.011111111,0.014074074,0.0,0.6,May,2,2,1,3,Returning_Visitor,0,0,0.0012126111560226355,Low Intent
1,28.0,1,47.0,13,224.5,0.0,0.014285714,0.0,0.0,Mar,1,1,1,8,New_Visitor,0,0,0.02480477721635278,Low Intent
0,0.0,0,0.0,58,2665.798039,0.007142857,0.027288961,0.0,0.8,May,2,2,3,4,Returning_Visitor,0,0,0.0012126111560226355,Low Intent
0,0.0,0,0.0,1,0.0,0.2,0.2,0.0,0.0,Dec,2,2,3,13,Returning_Visitor,0,0,0.016100178890876567,Low Intent
2,37.33333333,1,5.0,30,797.7619048,0.012121212,0.034343434,0.0,0.0,Nov,1,1,1,2,Returning_Visitor,0,0,0.05405405405405406,Low Intent
4,133.8,2,54.4,13,421.7857143,0.0,0.023529412,0.0,0.0,Nov,1,1,3,2,New_Visitor,0,0,0.16853932584269662,Low Intent
1,2.0,0,0.0,27,463.8333333,0.040740741,0.067530864,0.0,0.0,May,3,2,2,4,Returning_Visitor,0,0,0.02480477721635278,Low Intent
4,207.0,0,0.0,31,1592.233333,0.0,0.011574074,57.06546413,0.0,Dec,2,2,4,1,Returning_Visitor,0,0,0.7888446215139442,High Intent
1,28.5,2,44.5,12,445.5,0.00625,0.022916667,0.0,0.0,Nov,3,2,1,8,New_Visitor,0,0,0.16853932584269662,Low Intent
0,0.0,0,0.0,6,127.4,0.0,0.0,0.0,0.0,Aug,1,1,8,2,Returning_Visitor,0,0,0.0012126111560226355,Low Intent
5,140.6,0,0.0,81,2408.312828,0.002554278,0.007459475,23.07581495,0.0,Oct,2,4,1,2,Returning_Visitor,0,1,0.21727748691099477,Low Intent
6,239.3333333,0,0.0,31,1875.169444,0.0,0.025324675,21.85958403,0.0,Nov,1,1,1,2,Returning_Visitor,0,0,0.7888446215139442,High Intent
3,172.0,0,0.0,53,1299.383333,0.0,0.003703704,0.0,0.0,Mar,2,6,7,2,Returning_Visitor,1,0,0.02480477721635278,Low Intent
0,0.0,0,0.0,14,502.9166667,0.0,0.021428571,0.0,0.0,Dec,1,1,2,1,Returning_Visitor,0,0,0.016100178890876567,Low Intent
0,0.0,0,0.0,2,36.5,0.0,0.033333333,0.0,0.0,Mar,3,2,1,1,Returning_Visitor,0,0,0.0012126111560226355,Low Intent
2,75.6,2,652.8,10,1143.666667,0.0,0.023333333,0.0,0.0,Aug,2,2,4,2,Returning_Visitor,0,0,0.02480477721635278,Low Intent
0,0.0,0,0.0,19,154.2166667,0.015789474,0.024561404,0.0,0.0,Feb,2,2,1,3,Returning_Visitor,0,0,0.0012126111560226355,Low Intent
0,0.0,0,0.0,15,455.5,0.0,0.014285714,0.0,0.0,May,2,10,3,2,New_Visitor,0,0,0.0012126111560226355,Low Intent
0,0.0,0,0.0,13,210.5,0.030769231,0.046153846,0.0,0.0,Dec,2,2,1,1,Returning_Visitor,0,0,0.016100178890876567,Low Intent
0,0.0,0,0.0,55,1165.623254,0.013207547,0.018742138,0.0,0.0,May,3,2,1,19,Returning_Visitor,0,0,0.0012126111560226355,Low Intent
0,0.0,0,0.0,81,2071.0,0.012345679,0.025308642,0.0,0.6,May,1,8,3,2,Returning_Visitor,0,0,0.0012126111560226355,Low Intent
7,98.17261905,0,0.0,47,1889.953409,0.014814815,0.028251029,0.0,0.0,Nov,2,2,1,1,Returning_Visitor,0,0,1.0,High Intent
3,82.6,0,0.0,33,598.7611111,0.0,0.007843137,0.0,0.0,Sep,2,2,2,1,Returning_Visitor,0,0,0.09202453987730061,Low Intent
2,15.0,0,0.0,26,601.7681818,0.0,0.007407407,0.0,0.8,May,2,4,1,2,New_Visitor,0,0,0.02480477721635278,Low Intent
3,216.5,3,127.5,151,7700.501461,0.002597403,0.012782022,4.074920999,0.0,Dec,2,2,3,2,Returning_Visitor,0,0,0.21727748691099477,Low Intent
0,0.0,0,0.0,3,50.2,0.0,0.066666667,0.0,0.0,Sep,2,2,1,13,Returning_Visitor,0,0,0.0012126111560226355,Low Intent
3,180.0,0,0.0,12,1436.5,0.0,0.013333333,27.75904925,0.0,Mar,2,2,2,2,Returning_Visitor,1,1,0.7888446215139442,High Intent
5,60.5,0,0.0,9,111.5,0.026666667,0.04,0.0,0.0,Nov,2,2,9,1,Returning_Visitor,0,0,0.05405405405405406,Low Intent
2,11.0,0,0.0,12,347.0,0.0,0.023076923,9.960923077,0.0,May,1,1,3,3,Returning_Visitor,1,1,0.5813953488372093,Medium Intent
3,81.0,0,0.0,19,448.0333333,0.0,0.012857143,0.0,0.0,May,3,2,5,4,Returning_Visitor,1,0,0.02480477721635278,Low Intent
0,0.0,0,0.0,7,705.8333333,0.028571429,0.085714286,0.0,0.0,Dec,5,11,4,1,Returning_Visitor,1,0,0.016100178890876567,Low Intent
5,72.57333333,10,208.6,27,1091.323333,0.005,0.029166667,0.0,0.0,Sep,2,2,1,2,Returning_Visitor,0,1,0.09202453987730061,Low Intent
0,0.0,1,108.8,10,322.3666667,0.0,0.009090909,61.80843596,0.0,Nov,2,5,4,2,Returning_Visitor,0,1,0.964,High Intent
0,0.0,0,0.0,3,98.0,0.0,0.066666667,0.0,0.0,Nov,4,1,6,2,Returning_Visitor,0,0,0.05405405405405406,Low Intent
3,48.33333333,0,0.0,15,245.5,0.014285714,0.028571429,0.0,0.0,Mar,3,2,3,1,Returning_Visitor,0,0,0.02480477721635278,Low Intent
0,0.0,0,0.0,2,59.0,0.0,0.1,0.0,0.0,May,1,2,1,6,Returning_Visitor,0,0,0.0012126111560226355,Low Intent
5,210.7777778,3,215.0,33,1887.694444,0.008571429,0.032380952,11.69485714,0.0,May,3,2,3,13,Returning_Visitor,0,1,0.21727748691099477,Low Intent
0,0.0,0,0.0,5,53.0,0.04,0.08,0.0,0.0,Mar,2,5,2,2,Returning_Visitor,1,0,0.0012126111560226355,Low Intent
3,61.65,7,380.9571429,102,3025.290325,0.014102564,0.019800052,11.43180835,0.0,Sep,3,2,1,2,Returning_Visitor,0,0,0.21727748691099477,Low Intent
0,0.0,0,0.0,14,342.5,0.0,0.021428571,0.0,0.0,May,2,2,8,4,Returning_Visitor,0,0,0.0012126111560226355,Low Intent
0,0.0,0,0.0,1,0.0,0.2,0.2,0.0,0.0,June,2,2,1,1,Returning_Visitor,0,0,0.0012126111560226355,Low Intent
0,0.0,0,0.0,13,152.25,0.030769231,0.025641026,0.0,0.0,May,1,2,5,2,Returning_Visitor,0,0,0.0012126111560226355,Low Intent
1,9.0,0,0.0,15,688.1833333,0.0,0.011904762,43.03066045,0.0,Dec,1,1,3,2,New_Visitor,0,1,0.964,High Intent
0,0.0,0,0.0,65,3873.02197,0.014393939,0.01991342,0.0,0.0,Nov,3,2,1,2,Returning_Visitor,1,1,0.16939890710382513,Low Intent
4,149.5,3,56.5,10,368.0,0.0,0.013333333,0.0,0.0,May,3,2,8,2,Returning_Visitor,0,0,0.02480477721635278,Low Intent
4,229.25,0,0.0,8,372.25,0.022222222,0.00952381,0.0,0.0,Dec,1,2,1,8,Returning_Visitor,0,0,0.02480477721635278,Low Intent
0,0.0,0,0.0,15,309.8,0.0,0.016666667,0.0,0.2,May,2,2,6,4,Returning_Visitor,0,0,0.0012126111560226355,Low Intent
1,0.0,0,0.0,59,1669.940186,0.004137931,0.011611098,0.0,0.0,Dec,2,2,3,7,Returning_Visitor,1,0,0.016100178890876567,Low Intent
0,0.0,0,0.0,15,239.0,0.048888889,0.072,0.0,0.0,May,3,2,1,3,Returning_Visitor,1,0,0.0012126111560226355,Low Intent
2,77.5,1,17.0,46,1066.566667,0.004255319,0.019148936,51.00308169,0.0,Dec,3,2,4,10,Returning_Visitor,0,1,0.5756097560975609,Medium Intent
2,95.0,0,0.0,20,1031.083333,0.0,0.021052632,68.20038032,0.0,Dec,2,2,1,10,Returning_Visitor,0,0,0.7888446215139442,High Intent
0,0.0,0,0.0,4,992.0,0.0,0.05,0.0,0.2,May,2,2,4,13,Returning_Visitor,0,0,0.0012126111560226355,Low Intent
0,0.0,0,0.0,10,249.5,0.0,0.02,0.0,0.0,Dec,2,2,3,8,Returning_Visitor,0,0,0.016100178890876567,Low Intent
1,19.0,0,0.0,43,1457.113095,0.023809524,0.04015873,0.0,0.0,Nov,3,6,1,2,Returning_Visitor,1,0,0.05405405405405406,Low Intent
0,0.0,0,0.0,28,630.0833333,0.013580247,0.032839506,0.0,0.0,Nov,1,1,1,10,Returning_Visitor,1,0,0.05405405405405406,Low Intent
8,125.1666667,0,0.0,27,1802.25,0.006060606,0.011774152,0.0,0.0,Mar,3,2,1,8,Returning_Visitor,1,0,0.02480477721635278,Low Intent
3,84.5,0,0.0,6,53.375,0.05,0.035,0.0,0.0,Nov,1,1,3,10,Returning_Visitor,1,0,0.05405405405405406,Low Intent
0,0.0,0,0.0,2,13.0,0.0,0.1,0.0,0.0,May,2,2,1,3,Returning_Visitor,0,0,0.0012126111560226355,Low Intent
3,50.0,5,248.75,39,1034.3125,0.013043478,0.017826087,0.0,0.0,Dec,1,1,1,2,Returning_Visitor,0,0,0.02480477721635278,Low Intent
0,0.0,1,0.0,20,581.5,0.015,0.051666667,0.0,0.0,Sep,2,2,1,1,Returning_Visitor,0,0,0.0012126111560226355,Low Intent
0,0.0,0,0.0,8,134.0,0.0,0.025,0.0,0.0,May,2,2,1,2,Returning_Visitor,0,0,0.0012126111560226355,Low Intent
0,0.0,0,0.0,4,352.0,0.1,0.15,0.0,0.8,May,2,2,1,13,Returning_Visitor,0,0,0.0012126111560226355,Low Intent
4,48.66666667,0,0.0,66,2436.106169,0.006036217,0.034560698,12.02904527,0.0,Nov,2,2,3,6,Returning_Visitor,0,0,0.39849624060150374,Medium Intent
2,82.0,0,0.0,13,155.9833333,0.0,0.037777778,0.0,0.0,Dec,2,2,1,2,Returning_Visitor,0,0,0.02480477721635278,Low Intent
3,66.33333333,0,0.0,12,368.68,0.04,0.084444444,21.24191985,0.0,Nov,2,2,1,2,Returning_Visitor,0,1,0.39849624060150374,Medium Intent
1,11.0,0,0.0,5,71.0,0.0,0.033333333,0.0,0.0,Mar,2,2,6,3,Returning_Visitor,0,0,0.02480477721635278,Low Intent
0,0.0,0,0.0,19,220.3848485,0.010526316,0.024642375,0.0,0.0,May,2,4,1,4,Returning_Visitor,0,0,0.0012126111560226355,Low Intent
3,75.5,1,0.0,130,4737.087716,0.006060606,0.011475964,43.77424082,0.0,Nov,2,2,1,2,Returning_Visitor,0,1,0.7857142857142857,High Intent
5,339.1666667,0,0.0,20,525.6666667,0.0,0.004545455,0.0,0.0,May,1,2,3,2,Returning_Visitor,0,0,0.02480477721635278,Low Intent
0,0.0,0,0.0,7,123.5,0.0,0.057142857,0.0,0.0,May,1,1,1,3,Returning_Visitor,0,0,0.0012126111560226355,Low Intent
4,226.0,0,0.0,81,4836.486905,0.002380952,0.010714286,5.312300227,0.0,Nov,2,2,1,2,Returning_Visitor,0,1,0.7857142857142857,High Intent
2,50.0,0,0.0,29,598.297619,0.0,0.016666667,0.0,0.0,Mar,2,6,3,1,Returning_Visitor,0,0,0.02480477721635278,Low Intent
6,51.0,0,0.0,26,536.0,0.007407407,0.012345679,0.0,0.0,May,2,2,1,4,Returning_Visitor,0,0,0.02480477721635278,Low Intent
0,0.0,0,0.0,3,69.0,0.0,0.066666667,0.0,0.0,Mar,2,2,2,6,Returning_Visitor,0,0,0.0012126111560226355,Low Intent
5,171.7333333,0,0.0,93,2087.64987,0.013829787,0.023551165,0.0,0.0,Oct,3,2,1,4,Returning_Visitor,1,0,0.02480477721635278,Low Intent
7,54.63636364,1,75.0,67,1336.554221,0.0,0.027327327,4.148878378,0.0,May,2,2,7,4,Returning_Visitor,0,0,0.2839506172839506,Low Intent
0,0.0,0,0.0,47,636.7,0.0,0.0,0.0,0.0,Aug,2,4,1,2,New_Visitor,0,0,0.0012126111560226355,Low Intent
4,196.5,3,72.5,245,7569.248612,0.007646236,0.016468484,4.770910365,0.0,Nov,3,2,1,13,Returning_Visitor,1,0,0.7857142857142857,High Intent
2,35.3,0,0.0,3,18.1,0.033333333,0.061111111,0.0,0.0,Jul,3,2,3,3,Returning_Visitor,1,1,0.128,Low Intent
2,58.5,0,0.0,11,1568.5,0.0,0.036363636,0.0,0.0,Nov,2,2,7,2,Returning_Visitor,0,0,0.05405405405405406,Low Intent
1,0.0,0,0.0,19,867.8333333,0.015,0.028333333,0.0,0.0,May,2,2,7,6,Returning_Visitor,0,0,0.0012126111560226355,Low Intent
7,169.5,0,0.0,50,1557.916667,0.003773585,0.013207547,0.0,0.0,Dec,1,1,3,2,Returning_Visitor,0,0,0.02480477721635278,Low Intent
0,0.0,0,0.0,7,61.33333333,0.014285714,0.068571429,0.0,0.0,May,1,2,1,2,Returning_Visitor,1,0,0.0012126111560226355,Low Intent
0,0.0,0,0.0,25,954.4702381,0.0,0.012742857,0.0,0.0,Mar,3,2,1,1,Returning_Visitor,1,0,0.0012126111560226355,Low Intent
0,0.0,0,0.0,31,558.3333333,0.0,0.026666667,0.0,0.8,May,2,2,8,3,Returning_Visitor,0,0,0.0012126111560226355,Low Intent
0,0.0,0,0.0,2,11.0,0.0,0.1,0.0,0.0,Nov,3,2,1,10,Returning_Visitor,0,0,0.05405405405405406,Low Intent
5,87.8,0,0.0,38,842.4235931,0.0,0.011382114,52.28594057,0.0,Oct,1,1,1,2,Returning_Visitor,1,1,0.7888446215139442,High Intent
0,0.0,0,0.0,2,8.0,0.0,0.1,0.0,0.0,Mar,2,4,2,1,Returning_Visitor,0,0,0.0012126111560226355,Low Intent
13,301.5616883,1,14.0,55,3328.903752,0.007936508,0.014212018,38.60204838,0.0,Nov,1,1,1,2,Returning_Visitor,0,0,0.7857142857142857,High Intent
0,0.0,0,0.0,1,0.0,0.2,0.2,0.0,0.0,Mar,2,2,7,1,Returning_Visitor,0,0,0.0012126111560226355,Low Intent
0,0.0,1,0.0,24,2244.666667,0.008,0.028,0.0,0.0,Mar,2,2,1,1,Returning_Visitor,0,0,0.0012126111560226355,Low Intent
0,0.0,1,20.0,13,816.9545455,0.028571429,0.047619048,0.0,0.0,May,3,2,8,1,Returning_Visitor,0,0,0.0012126111560226355,Low Intent
3,117.0,0,0.0,5,68.0,0.0,0.033333333,0.0,1.0,May,2,2,6,5,New_Visitor,1,0,0.02480477721635278,Low Intent
0,0.0,0,0.0,3,34.0,0.0,0.066666667,0.0,0.0,May,1,1,6,3,Returning_Visitor,0,0,0.0012126111560226355,Low Intent
0,0.0,0,0.0,16,973.5,0.025,0.045833333,0.0,0.0,May,2,2,1,1,Returning_Visitor,0,0,0.0012126111560226355,Low Intent
5,89.625,2,11.5,31,1063.420238,0.011111111,0.019961874,0.0,0.0,Nov,3,2,1,13,Returning_Visitor,1,0,0.16853932584269662,Low Intent
0,0.0,0,0.0,8,372.8333333,0.0,0.0125,0.0,0.0,Mar,1,1,1,1,Returning_Visitor,0,0,0.0012126111560226355,Low Intent
7,76.15,0,0.0,67,1553.696667,0.008571429,0.019047619,0.68291229,0.0,June,2,2,2,13,Returning_Visitor,0,0,0.02480477721635278,Low Intent
0,0.0,0,0.0,20,2001.833333,0.00952381,0.013492063,0.0,0.0,Nov,2,2,9,6,Returning_Visitor,0,0,0.16939890710382513,Low Intent
6,34.0,0,0.0,69,2456.297619,0.001408451,0.003553372,0.0,0.0,May,2,2,3,2,Returning_Visitor,0,0,0.02480477721635278,Low Intent
0,0.0,0,0.0,84,1460.256115,0.004703833,0.013205032,0.0,0.0,Nov,1,1,1,2,Returning_Visitor,1,0,0.05405405405405406,Low Intent
4,133.8,0,0.0,10,299.5,0.072222222,0.063095238,0.0,0.0,Jul,1,8,7,1,Returning_Visitor,0,0,0.128,Low Intent
0,0.0,0,0.0,3,71.16666667,0.066666667,0.083333333,0.0,0.0,Nov,3,2,1,3,Returning_Visitor,0,1,0.05405405405405406,Low Intent
3,83.8,0,0.0,20,798.3,0.0,0.009090909,0.0,0.0,Nov,1,1,1,3,Returning_Visitor,0,0,0.05405405405405406,Low Intent
5,218.5833333,0,0.0,11,370.4583333,0.0,0.003076923,0.0,0.0,Dec,3,7,4,2,Returning_Visitor,0,0,0.02480477721635278,Low Intent
1,49.4,0,0.0,4,111.6,0.04,0.04,0.0,0.0,Jul,1,8,9,4,New_Visitor,0,0,0.128,Low Intent
1,0.0,0,0.0,55,2780.609524,0.019242424,0.045272727,9.137331307,0.0,Dec,2,2,8,3,Returning_Visitor,0,0,0.21727748691099477,Low Intent
1,4.0,0,0.0,13,161.1666667,0.024615385,0.061538462,0.0,0.6,May,2,5,9,5,Returning_Visitor,0,0,0.02480477721635278,Low Intent
3,199.75,0,0.0,8,331.4,0.0,0.003333333,0.0,0.0,Mar,3,2,2,10,New_Visitor,0,0,0.02480477721635278,Low Intent
0,0.0,1,33.0,25,972.25,0.019230769,0.012937063,0.0,0.0,May,1,2,1,1,Returning_Visitor,0,0,0.0012126111560226355,Low Intent
0,0.0,0,0.0,9,269.7,0.0,0.033333333,0.0,0.0,Dec,3,2,3,10,New_Visitor,0,0,0.016100178890876567,Low Intent
0,0.0,0,0.0,3,0.0,0.2,0.2,0.0,0.0,Nov,3,2,6,13,Returning_Visitor,0,0,0.05405405405405406,Low Intent
4,82.0,0,0.0,23,570.5166667,0.007407407,0.024074074,0.0,0.0,Mar,1,2,7,8,Returning_Visitor,0,0,0.02480477721635278,Low Intent
9,177.2,0,0.0,34,817.4333333,0.0,0.011111111,0.0,0.0,Nov,2,2,3,2,Returning_Visitor,0,0,0.05405405405405406,Low Intent
3,37.0,0,0.0,53,2409.068434,0.001960784,0.018076564,0.0,0.0,May,3,2,1,1,Returning_Visitor,0,0,0.02480477721635278,Low Intent
6,571.5,0,0.0,49,1196.25,0.007843137,0.018954248,0.0,0.0,Dec,2,2,3,13,Returning_Visitor,1,0,0.02480477721635278,Low Intent
3,62.0,2,193.0,4,139.0,0.0,0.0125,0.0,0.0,Mar,3,2,1,10,Returning_Visitor,0,0,0.02480477721635278,Low Intent
0,0.0,0,0.0,16,898.7583333,0.00625,0.014583333,0.0,0.0,Nov,1,1,1,1,Returning_Visitor,0,1,0.05405405405405406,Low Intent
0,0.0,1,0.0,18,648.0,0.0,0.021052632,0.0,0.0,Nov,2,4,1,2,New_Visitor,0,0,0.11790393013100436,Low Intent
1,12.0,0,0.0,22,380.8066667,0.019047619,0.013333333,0.0,0.0,Jul,1,2,3,2,Returning_Visitor,0,0,0.128,Low Intent
0,0.0,3,75.5,60,2050.191803,0.008758782,0.028381703,0.0,0.0,Nov,3,2,1,3,Returning_Visitor,0,0,0.16939890710382513,Low Intent
0,0.0,0,0.0,3,60.4,0.0,0.066666667,0.0,0.0,Sep,1,1,1,5,Returning_Visitor,0,0,0.0012126111560226355,Low Intent
0,0.0,0,0.0,8,764.6666667,0.025,0.04375,0.0,0.0,Nov,3,2,4,10,Returning_Visitor,0,0,0.05405405405405406,Low Intent
0,0.0,0,0.0,21,499.75,0.00952381,0.033333333,0.0,0.0,Nov,2,4,3,10,Returning_Visitor,0,1,0.05405405405405406,Low Intent
0,0.0,0,0.0,16,571.5,0.041666667,0.091666667,0.0,0.4,May,7,1,6,3,Returning_Visitor,0,0,0.0012126111560226355,Low Intent
5,181.3333333,0,0.0,42,792.6666667,0.0,0.001626016,113.1512195,0.0,May,2,2,1,4,New_Visitor,1,1,0.7888446215139442,High Intent
2,48.5,0,0.0,77,1069.97381,0.002531646,0.012466437,0.0,0.0,Dec,2,2,3,2,Returning_Visitor,0,0,0.02480477721635278,Low Intent
0,0.0,0,0.0,12,166.0,0.028571429,0.071428571,0.0,0.0,Mar,2,2,1,1,Returning_Visitor,1,0,0.0012126111560226355,Low Intent
7,52.4,3,202.5,55,1995.466667,0.003333333,0.025396825,1.8315,0.0,May,2,2,6,13,Returning_Visitor,0,0,0.21727748691099477,Low Intent
0,0.0,0,0.0,9,867.0,0.022222222,0.051851852,0.0,0.0,Nov,1,1,1,3,Returning_Visitor,0,0,0.05405405405405406,Low Intent
0,0.0,0,0.0,4,103.5,0.0,0.05,0.0,0.0,Nov,2,2,1,6,Returning_Visitor,0,0,0.05405405405405406,Low Intent
5,158.7,0,0.0,51,1364.266667,0.007692308,0.011987179,0.0,0.0,Nov,3,2,3,2,Returning_Visitor,1,0,0.05405405405405406,Low Intent
7,112.375,0,0.0,24,916.5,0.010967742,0.036129032,0.0,0.0,Nov,3,2,3,3,Returning_Visitor,0,0,0.05405405405405406,Low Intent
0,0.0,0,0.0,9,181.3333333,0.02962963,0.055026455,0.0,0.0,Mar,2,2,1,1,Returning_Visitor,0,0,0.0012126111560226355,Low Intent
0,0.0,0,0.0,9,153.2,0.02,0.06,27.8892456,0.0,Aug,2,2,7,13,Returning_Visitor,0,1,0.5756097560975609,Medium Intent
2,41.0,0,0.0,7,139.0,0.022222222,0.055555556,0.0,0.0,Mar,2,5,6,2,Returning_Visitor,1,0,0.02480477721635278,Low Intent
1,15.2,0,0.0,6,199.6,0.0,0.014285714,0.0,0.0,Oct,1,8,2,6,New_Visitor,0,0,0.02480477721635278,Low Intent
6,77.75,0,0.0,18,941.9166667,0.0,0.001428571,0.0,0.0,Nov,2,2,1,2,New_Visitor,0,0,0.11790393013100436,Low Intent
8,274.5,0,0.0,24,515.5757576,0.0,0.003703704,0.0,0.0,Mar,3,2,2,2,Returning_Visitor,1,0,0.02480477721635278,Low Intent
2,42.0,0,0.0,17,275.702381,0.04,0.06,0.0,0.6,May,3,2,8,2,Returning_Visitor,0,0,0.02480477721635278,Low Intent
2,23.0,0,0.0,22,335.6666667,0.0,0.011904762,0.0,0.0,May,2,2,1,2,New_Visitor,1,0,0.02480477721635278,Low Intent
0,0.0,0,0.0,64,1911.610665,0.0125,0.026739194,0.0,0.0,Nov,1,2,2,10,Returning_Visitor,1,0,0.16939890710382513,Low Intent
0,0.0,0,0.0,5,82.0,0.1,0.146666667,0.0,0.0,Mar,1,1,3,1,Returning_Visitor,0,0,0.0012126111560226355,Low Intent
0,0.0,0,0.0,2,41.5,0.1,0.1,0.0,0.0,Dec,1,1,3,1,Returning_Visitor,1,0,0.016100178890876567,Low Intent
0,0.0,0,0.0,7,56.625,0.028571429,0.066666667,0.0,0.0,Dec,3,2,1,20,Returning_Visitor,0,0,0.016100178890876567,Low Intent
3,33.0,0,0.0,17,386.4166667,0.0,0.01,0.0,0.0,Dec,2,2,1,2,New_Visitor,0,1,0.02480477721635278,Low Intent
1,0.0,0,0.0,1,0.0,0.2,0.2,0.0,0.0,Dec,1,1,1,10,Returning_Visitor,0,0,0.016100178890876567,Low Intent
0,0.0,0,0.0,1,0.0,0.2,0.2,0.0,0.2,Feb,2,4,1,3,Returning_Visitor,0,0,0.0012126111560226355,Low Intent
0,0.0,0,0.0,1,0.0,0.2,0.2,0.0,0.0,Mar,2,2,1,2,Returning_Visitor,0,0,0.0012126111560226355,Low Intent
3,224.0,2,42.0,132,5098.75498,0.010632603,0.014962157,2.209003373,0.0,Nov,1,2,1,2,Returning_Visitor,0,1,0.7857142857142857,High Intent
2,48.0,0,0.0,24,543.75,0.016,0.0408,0.0,0.8,May,2,2,3,2,Returning_Visitor,0,0,0.02480477721635278,Low Intent
0,0.0,0,0.0,39,1858.566667,0.0,0.002564103,0.0,0.0,Nov,2,2,3,2,New_Visitor,0,0,0.11790393013100436,Low Intent
4,102.6,0,0.0,34,2633.4,0.018974359,0.020989011,0.0,0.0,Sep,1,1,3,4,Returning_Visitor,0,0,0.09202453987730061,Low Intent
0,0.0,0,0.0,1,0.0,0.2,0.2,0.0,0.0,Nov,3,2,1,1,Returning_Visitor,0,0,0.05405405405405406,Low Intent
0,0.0,0,0.0,5,162.5,0.04,0.073333333,0.0,0.0,May,3,2,1,3,Returning_Visitor,0,0,0.0012126111560226355,Low Intent
0,0.0,0,0.0,2,210.0,0.0,0.1,0.0,0.0,Mar,3,2,1,2,Returning_Visitor,0,0,0.0012126111560226355,Low Intent
2,69.5,0,0.0,21,308.4583333,0.027272727,0.043939394,0.0,0.0,Dec,2,2,1,13,Returning_Visitor,0,0,0.02480477721635278,Low Intent
3,151.0,0,0.0,21,840.2863203,0.0,0.010763889,0.0,0.0,Oct,2,2,3,2,Returning_Visitor,0,0,0.02480477721635278,Low Intent
1,41.125,0,0.0,126,4310.004668,0.000687831,0.012822843,3.451072113,0.0,Nov,2,2,2,2,Returning_Visitor,0,0,0.7857142857142857,High Intent
0,0.0,0,0.0,1,0.0,0.2,0.2,0.0,0.0,Feb,2,2,4,3,Returning_Visitor,0,0,0.0012126111560226355,Low Intent
3,230.1,0,0.0,35,905.1226263,0.017647059,0.019206774,0.0,0.0,Jul,3,2,6,1,Returning_Visitor,0,0,0.128,Low Intent
0,0.0,1,6.0,71,1375.264286,0.005633803,0.017425336,0.0,0.0,Dec,2,2,3,2,New_Visitor,0,1,0.016100178890876567,Low Intent
0,0.0,0,0.0,2,3.0,0.0,0.1,0.0,0.6,May,2,10,3,1,Returning_Visitor,0,0,0.0012126111560226355,Low Intent
2,20.2,0,0.0,14,1261.316667,0.0,0.009183673,0.0,0.0,Aug,2,2,1,5,Returning_Visitor,0,0,0.02480477721635278,Low Intent
1,12.0,0,0.0,43,2209.554876,0.01031746,0.022317022,0.0,0.0,Dec,1,1,1,2,Returning_Visitor,0,0,0.02480477721635278,Low Intent
3,95.6,0,0.0,10,337.1,0.008333333,0.029166667,0.0,0.0,Jul,1,1,9,3,Returning_Visitor,0,0,0.128,Low Intent
0,0.0,0,0.0,2,0.0,0.2,0.2,0.0,0.0,Mar,2,4,1,1,Returning_Visitor,0,0,0.0012126111560226355,Low Intent
0,0.0,0,0.0,28,527.8333333,0.02962963,0.048148148,0.0,0.0,Oct,2,2,2,13,Returning_Visitor,0,0,0.0012126111560226355,Low Intent
2,71.3,0,0.0,18,813.8,0.010526316,0.045438596,0.0,0.8,May,3,2,8,13,Returning_Visitor,0,0,0.02480477721635278,Low Intent
2,83.4,2,385.8,41,1194.988132,0.0,0.018043478,10.25950957,0.0,Oct,1,1,3,2,Returning_Visitor,0,0,0.5813953488372093,Medium Intent
2,13.875,0,0.0,26,1939.155952,0.006451613,0.026352357,24.69983785,0.0,Nov,3,2,1,2,Returning_Visitor,1,0,0.39849624060150374,Medium Intent
4,63.0,0,0.0,5,95.5,0.0,0.025,0.0,0.0,Mar,3,2,1,9,New_Visitor,1,0,0.02480477721635278,Low Intent
0,0.0,0,0.0,13,281.547619,0.003846154,0.017307692,0.0,0.0,Mar,1,1,2,2,Returning_Visitor,1,0,0.0012126111560226355,Low Intent
0,0.0,1,14.0,34,3900.428571,0.035714286,0.078938839,0.0,0.6,May,1,1,1,4,Returning_Visitor,0,0,0.0012126111560226355,Low Intent
7,67.0,2,725.5,101,4713.8,0.009444444,0.010481956,20.62474136,0.0,May,1,1,6,3,Returning_Visitor,1,1,0.21727748691099477,Low Intent
4,28.73333333,0,0.0,12,243.75,0.0,0.038571429,8.150811238,0.0,June,3,2,4,2,Returning_Visitor,1,1,0.5813953488372093,Medium Intent
0,0.0,0,0.0,2,0.0,0.2,0.2,0.0,0.6,May,2,2,7,3,Returning_Visitor,0,0,0.0012126111560226355,Low Intent
4,26.75,1,0.0,20,1029.25,0.021153846,0.03974359,0.0,0.0,Nov,1,1,1,2,Returning_Visitor,0,0,0.05405405405405406,Low Intent
0,0.0,0,0.0,18,103.8333333,0.033333333,0.055555556,0.0,0.0,May,2,2,3,3,Returning_Visitor,0,0,0.0012126111560226355,Low Intent
0,0.0,0,0.0,43,1606.45,0.0,0.004761905,18.51505467,0.0,June,4,1,1,2,New_Visitor,0,1,0.7916666666666666,High Intent
7,123.5,0,0.0,27,477.5,0.005,0.012,0.0,0.0,May,2,2,9,4,Returning_Visitor,0,0,0.02480477721635278,Low Intent
0,0.0,0,0.0,3,55.0,0.066666667,0.1,0.0,0.0,Mar,3,2,3,3,Returning_Visitor,0,0,0.0012126111560226355,Low Intent
0,0.0,0,0.0,35,2381.097222,0.005714286,0.021959184,0.0,0.0,Nov,2,2,1,2,Returning_Visitor,0,0,0.16939890710382513,Low Intent
0,0.0,0,0.0,6,48.0,0.0,0.066666667,0.0,0.0,Nov,2,2,4,1,Returning_Visitor,0,0,0.05405405405405406,Low Intent
5,118.9,4,380.7,4,188.4,0.0,0.006666667,0.0,0.0,Oct,4,2,1,4,Returning_Visitor,0,0,0.02480477721635278,Low Intent
3,35.33333333,0,0.0,13,151.5,0.003333333,0.016444444,0.0,0.8,May,2,2,3,2,Returning_Visitor,0,0,0.02480477721635278,Low Intent
0,0.0,0,0.0,5,99.66666667,0.0,0.04,0.0,0.6,May,2,2,5,4,Returning_Visitor,0,0,0.0012126111560226355,Low Intent
1,7.0,0,0.0,14,183.3333333,0.0,0.006666667,0.0,0.0,Mar,2,2,3,10,Returning_Visitor,0,0,0.02480477721635278,Low Intent
0,0.0,0,0.0,5,214.0,0.0,0.04,0.0,0.0,May,3,2,8,1,Returning_Visitor,0,0,0.0012126111560226355,Low Intent
6,128.5,1,0.0,32,796.7066667,0.027027027,0.041441441,0.0,0.0,Nov,2,4,1,1,Returning_Visitor,1,0,0.05405405405405406,Low Intent
4,32.0,1,43.5,311,12500.35306,0.001387656,0.014687275,0.0,0.0,Nov,2,2,7,2,Returning_Visitor,0,0,0.2736318407960199,Low Intent
5,72.5,0,0.0,55,936.1333333,0.003571429,0.020238095,23.27552205,0.0,Nov,2,2,1,2,Returning_Visitor,0,1,0.7857142857142857,High Intent
0,0.0,0,0.0,8,83.0,0.057142857,0.095238095,0.0,0.0,Mar,1,2,2,1,Returning_Visitor,0,0,0.0012126111560226355,Low Intent
0,0.0,3,584.0,66,2060.508333,0.005797101,0.022567288,0.0,0.0,Nov,2,2,1,1,Returning_Visitor,0,0,0.16939890710382513,Low Intent
0,0.0,0,0.0,2,0.0,0.0,0.1,0.0,0.0,May,2,2,1,13,Returning_Visitor,1,0,0.0012126111560226355,Low Intent
0,0.0,0,0.0,6,92.0,0.0,0.066666667,0.0,0.0,Mar,1,1,3,10,Returning_Visitor,0,0,0.0012126111560226355,Low Intent
0,0.0,0,0.0,13,541.9166667,0.0,0.015384615,26.09995422,0.0,Dec,2,4,1,2,New_Visitor,0,1,0.964,High Intent
0,0.0,0,0.0,2,0.0,0.2,0.2,0.0,0.0,Feb,3,3,1,3,Returning_Visitor,0,0,0.0012126111560226355,Low Intent
0,0.0,0,0.0,1,0.0,0.2,0.2,0.0,0.4,Feb,2,2,3,4,Returning_Visitor,0,0,0.0012126111560226355,Low Intent
12,152.75,1,0.0,219,7044.064508,0.003312325,0.015735853,11.65798375,0.0,Nov,2,2,1,1,Returning_Visitor,0,1,0.7857142857142857,High Intent
13,869.1666667,2,28.2,97,2865.817778,0.009345794,0.024205607,0.0,0.0,Oct,2,6,1,1,Returning_Visitor,0,0,0.02480477721635278,Low Intent
0,0.0,0,0.0,1,0.0,0.2,0.2,0.0,0.0,May,2,2,1,13,Returning_Visitor,1,0,0.0012126111560226355,Low Intent
6,65.25,0,0.0,21,829.3333333,0.0,0.008333333,0.0,0.0,Nov,2,5,4,1,Returning_Visitor,1,0,0.05405405405405406,Low Intent
0,0.0,2,101.7,42,1892.198319,0.0,0.004545455,153.5776975,0.0,Aug,2,2,1,1,Returning_Visitor,0,1,0.964,High Intent
11,250.25,0,0.0,169,8276.292565,0.002406417,0.016051967,8.174728678,0.0,Nov,4,1,1,8,Returning_Visitor,1,0,0.7857142857142857,High Intent
0,0.0,0,0.0,20,438.3333333,0.02,0.04,0.0,0.0,Mar,2,2,7,1,Returning_Visitor,0,0,0.0012126111560226355,Low Intent
2,54.0,0,0.0,11,220.9666667,0.020512821,0.029487179,0.0,0.0,May,1,1,4,6,Returning_Visitor,0,0,0.02480477721635278,Low Intent
0,0.0,0,0.0,13,253.3333333,0.030769231,0.073076923,0.0,0.8,May,2,2,5,3,Returning_Visitor,0,0,0.0012126111560226355,Low Intent
9,74.33333333,1,419.0,63,2717.327381,0.002857143,0.012857143,0.0,0.0,Mar,2,2,3,2,Returning_Visitor,1,0,0.02480477721635278,Low Intent
0,0.0,0,0.0,18,5188.5,0.0,0.05,0.0,0.0,Mar,2,5,1,1,Returning_Visitor,0,0,0.0012126111560226355,Low Intent
0,0.0,0,0.0,12,168.2857143,0.0,0.069444444,0.0,0.8,May,2,2,2,2,Returning_Visitor,0,0,0.0012126111560226355,Low Intent
0,0.0,0,0.0,7,116.8,0.028571429,0.114285714,0.0,0.0,Jul,2,2,6,13,Returning_Visitor,0,0,0.0012126111560226355,Low Intent
5,187.875,1,32.5,34,2719.525974,0.016447876,0.029992691,3.222261703,0.0,Nov,3,2,3,2,Returning_Visitor,0,0,0.39849624060150374,Medium Intent
2,77.0,0,0.0,6,112.0,0.0,0.028571429,0.0,0.0,Mar,1,1,2,2,Returning_Visitor,1,0,0.02480477721635278,Low Intent
0,0.0,1,0.0,13,268.75,0.007692308,0.038461538,13.43133991,0.0,Dec,1,1,1,1,Returning_Visitor,0,0,0.5756097560975609,Medium Intent
0,0.0,0,0.0,7,442.1666667,0.0,0.057142857,0.0,0.0,May,4,2,3,3,Returning_Visitor,0,0,0.0012126111560226355,Low Intent
12,331.3,0,0.0,206,9997.728571,0.001439737,0.010741385,26.02377063,0.0,May,2,2,1,1,Returning_Visitor,0,0,0.21727748691099477,Low Intent
2,675.3333333,0,0.0,46,1103.916667,0.0,0.004081633,0.0,0.8,May,2,4,4,4,Returning_Visitor,0,0,0.02480477721635278,Low Intent
0,0.0,0,0.0,2,68.5,0.0,0.033333333,0.0,0.0,Mar,3,2,1,10,Returning_Visitor,0,0,0.0012126111560226355,Low Intent
0,0.0,0,0.0,15,176.5,0.04,0.12,0.0,0.0,Jul,2,2,1,3,Returning_Visitor,0,0,0.0012126111560226355,Low Intent
3,112.9607843,0,0.0,13,3014.018519,0.013068182,0.06140625,0.0,0.0,Mar,2,2,1,2,Returning_Visitor,0,0,0.02480477721635278,Low Intent
0,0.0,0,0.0,3,16.0,0.066666667,0.133333333,0.0,0.0,Dec,2,4,7,3,Returning_Visitor,0,0,0.016100178890876567,Low Intent
3,48.35,2,358.6,35,676.2666667,0.005128205,0.013675214,0.0,0.0,Oct,2,2,2,2,New_Visitor,0,0,0.02480477721635278,Low Intent
8,121.1666667,0,0.0,70,961.5493506,0.005263158,0.013089192,26.27933158,0.4,May,2,2,2,3,Returning_Visitor,0,1,0.5756097560975609,Medium Intent
2,48.66666667,4,155.3333333,20,540.75,0.0,0.004166667,38.88816225,0.0,Nov,2,2,3,2,Returning_Visitor,0,1,0.7888446215139442,High Intent
0,0.0,0,0.0,43,1425.183333,0.004651163,0.006976744,0.0,0.8,May,2,6,1,1,Returning_Visitor,0,0,0.0012126111560226355,Low Intent
7,98.8,0,0.0,5,69.4,0.022222222,0.033333333,0.0,0.0,Jul,3,2,2,5,New_Visitor,1,0,0.128,Low Intent
5,224.8,0,0.0,30,974.9,0.00625,0.0140625,25.11150884,0.0,Nov,2,2,4,4,Returning_Visitor,0,0,0.7857142857142857,High Intent
6,224.875,0,0.0,21,845.75,0.0,0.008695652,0.0,0.0,Dec,8,13,9,20,Other,0,0,0.02480477721635278,Low Intent
5,127.2,2,33.0,93,2720.265368,0.007142857,0.034701976,0.0,0.0,Nov,3,2,4,1,Returning_Visitor,1,0,0.2736318407960199,Low Intent
0,0.0,1,0.0,10,1584.25,0.02,0.05,0.0,0.0,Dec,2,2,1,8,Returning_Visitor,0,0,0.016100178890876567,Low Intent
14,416.2,0,0.0,90,8024.509197,0.008247423,0.032048254,10.31930868,0.0,Sep,3,2,8,2,Returning_Visitor,0,0,0.21727748691099477,Low Intent
0,0.0,0,0.0,7,178.25,0.028571429,0.057142857,0.0,0.0,Dec,2,10,6,3,Returning_Visitor,0,0,0.016100178890876567,Low Intent
3,98.5,0,0.0,27,702.3333333,0.023214286,0.042261905,0.0,0.0,Dec,2,2,7,2,Returning_Visitor,0,0,0.02480477721635278,Low Intent
4,99.5,0,0.0,16,315.1666667,0.0,0.016666667,12.53314286,0.0,Mar,1,1,6,3,Returning_Visitor,0,1,0.5813953488372093,Medium Intent
2,10.0,1,17.0,21,1647.5,0.0,0.013043478,0.0,0.0,May,2,2,4,4,Returning_Visitor,0,0,0.02480477721635278,Low Intent
4,102.2,0,0.0,10,226.4,0.015384615,0.076923077,0.0,0.0,Oct,3,2,1,13,Returning_Visitor,0,0,0.02480477721635278,Low Intent
3,33.0,0,0.0,8,182.5833333,0.0,0.03125,0.0,0.0,Mar,2,4,6,3,Returning_Visitor,0,0,0.02480477721635278,Low Intent
9,252.8,0,0.0,36,1191.616667,0.013636364,0.029545455,14.75943613,0.0,Oct,2,2,2,13,Returning_Visitor,0,0,0.5756097560975609,Medium Intent
4,49.5,0,0.0,4,180.5,0.028571429,0.028571429,0.0,0.0,Dec,3,2,6,10,Returning_Visitor,0,0,0.02480477721635278,Low Intent
4,64.5,0,0.0,28,852.3333333,0.013793103,0.02454844,0.0,0.0,May,2,2,1,7,Returning_Visitor,1,0,0.02480477721635278,Low Intent
16,391.6833333,0,0.0,24,443.75,0.0,0.006451613,0.0,0.0,Aug,2,10,7,3,Returning_Visitor,0,0,0.02480477721635278,Low Intent
1,19.0,0,0.0,13,748.6666667,0.0,0.020512821,0.0,0.0,Mar,1,2,6,3,Returning_Visitor,0,0,0.02480477721635278,Low Intent
3,152.0,0,0.0,9,117.0,0.0,0.016666667,0.0,0.0,May,2,2,1,5,New_Visitor,1,0,0.02480477721635278,Low Intent
0,0.0,0,0.0,12,312.6666667,0.0,0.033333333,0.0,0.0,May,1,1,1,4,Returning_Visitor,0,0,0.0012126111560226355,Low Intent
0,0.0,0,0.0,26,2553.625,0.015384615,0.029487179,0.0,0.0,Nov,2,2,3,8,Returning_Visitor,0,0,0.16939890710382513,Low Intent
2,671.0,0,0.0,15,1106.0,0.0,0.04,0.0,0.0,Dec,2,2,4,1,Returning_Visitor,0,0,0.02480477721635278,Low Intent
0,0.0,0,0.0,12,262.9166667,0.008333333,0.055555556,0.0,0.0,Dec,1,6,1,2,Returning_Visitor,0,0,0.016100178890876567,Low Intent
0,0.0,0,0.0,32,749.25,0.0,0.00625,0.0,0.0,Dec,2,2,3,8,New_Visitor,0,0,0.016100178890876567,Low Intent
4,92.1,2,28.2,29,852.0,0.00625,0.022395833,0.0,0.0,Aug,2,5,8,5,Returning_Visitor,0,1,0.02480477721635278,Low Intent
0,0.0,0,0.0,13,646.7916667,0.005128205,0.054358974,0.0,0.8,May,1,1,2,1,Returning_Visitor,0,0,0.0012126111560226355,Low Intent
1,0.0,0,0.0,23,440.5833333,0.025,0.036666667,0.0,0.0,Dec,1,1,8,2,Returning_Visitor,1,0,0.016100178890876567,Low Intent
1,22.75,0,0.0,16,461.0833333,0.0,0.011458333,17.991,0.0,May,2,2,1,4,Returning_Visitor,0,0,0.7916666666666666,High Intent
0,0.0,0,0.0,24,445.0,0.0,0.033333333,0.0,0.0,Dec,2,2,3,2,New_Visitor,0,0,0.016100178890876567,Low Intent
1,68.6,1,29.2,97,4318.668082,0.002520046,0.013784185,0.0,0.0,Jul,2,4,2,2,Returning_Visitor,1,0,0.128,Low Intent
1,32.33333333,1,56.0,62,2414.9,0.0,0.002222222,30.4615873,0.0,May,2,2,9,2,Returning_Visitor,0,1,0.964,High Intent
0,0.0,0,0.0,1,48.5,0.0,0.1,0.0,0.0,Nov,1,1,1,3,Other,0,0,0.11790393013100436,Low Intent
2,112.8,0,0.0,27,1555.967143,0.0,0.001724138,44.85638692,0.0,Nov,1,1,4,2,New_Visitor,0,1,0.7888446215139442,High Intent
6,65.0,2,243.0,19,681.6190476,0.0,0.011794872,28.29538462,1.0,May,2,2,1,2,Returning_Visitor,1,1,0.7888446215139442,High Intent
4,323.5,0,0.0,10,320.75,0.0,0.015384615,0.0,0.0,Nov,2,2,6,2,New_Visitor,0,0,0.11790393013100436,Low Intent
5,71.08333333,0,0.0,24,1249.708333,0.0,0.005128205,52.28491058,0.0,Dec,2,2,3,2,New_Visitor,0,1,0.7888446215139442,High Intent
9,1294.9,1,32.66666667,37,1012.233333,0.0,0.006910299,33.31220592,0.0,Nov,2,2,1,2,Returning_Visitor,0,0,0.5842696629213483,Medium Intent
2,17.2,0,0.0,18,168.5285714,0.010526316,0.024561404,0.0,0.0,Oct,1,1,3,2,Returning_Visitor,0,0,0.02480477721635278,Low Intent
0,0.0,1,232.0,16,343.2,0.0,0.006666667,0.0,0.4,May,2,2,1,2,Returning_Visitor,0,0,0.0012126111560226355,Low Intent
0,0.0,1,42.0,20,408.3333333,0.0,0.003174603,33.47777322,0.0,Mar,2,4,7,2,Returning_Visitor,0,1,0.964,High Intent
1,30.5,1,31.0,24,533.5,0.0,0.040740741,0.0,0.0,May,4,1,1,3,Returning_Visitor,0,0,0.02480477721635278,Low Intent
0,0.0,0,0.0,10,478.5,0.0,0.02,0.0,0.0,Nov,4,1,1,2,New_Visitor,0,0,0.11790393013100436,Low Intent
5,174.3,0,0.0,39,794.7131148,0.032954545,0.056528671,0.0,0.0,Sep,1,2,1,1,Returning_Visitor,0,0,0.09202453987730061,Low Intent
3,99.0,0,0.0,58,1261.658333,0.0,0.003452381,0.0,0.0,Nov,1,2,9,2,New_Visitor,0,1,0.11790393013100436,Low Intent
0,0.0,0,0.0,50,1369.75,0.020408163,0.043307169,3.241653061,0.6,May,2,2,1,2,Returning_Visitor,0,0,0.21727748691099477,Low Intent
0,0.0,0,0.0,2,0.0,0.2,0.2,0.0,0.0,May,2,2,6,13,Returning_Visitor,0,0,0.0012126111560226355,Low Intent
2,87.25,0,0.0,56,2094.983333,0.032738095,0.063214286,0.0,0.8,May,2,4,3,3,Returning_Visitor,0,0,0.02480477721635278,Low Intent
4,151.0,0,0.0,30,1547.233333,0.0,0.012121212,28.40448178,0.0,Sep,2,2,2,2,Returning_Visitor,1,1,0.7888446215139442,High Intent
0,0.0,0,0.0,5,14.0,0.12,0.16,0.0,0.6,May,2,4,2,3,Returning_Visitor,0,0,0.0012126111560226355,Low Intent
2,530.5,2,9.0,9,452.25,0.026666667,0.053333333,0.0,0.0,Dec,1,1,7,2,Returning_Visitor,0,0,0.02480477721635278,Low Intent
0,0.0,0,0.0,20,1078.583117,0.011111111,0.025925926,0.0,0.0,Dec,1,1,8,2,Returning_Visitor,0,0,0.016100178890876567,Low Intent
1,43.0,0,0.0,36,2362.5,0.0,0.016190476,0.0,0.6,May,2,5,1,4,Returning_Visitor,0,0,0.02480477721635278,Low Intent
0,0.0,2,499.0,12,755.0,0.0,0.015384615,71.488,0.0,May,2,5,2,2,New_Visitor,0,1,0.964,High Intent
3,30.0,0,0.0,37,518.0,0.0,0.015384615,0.0,0.0,May,2,10,1,3,Returning_Visitor,0,0,0.02480477721635278,Low Intent
10,392.0,2,193.1666667,106,3711.605357,0.001754386,0.012573099,0.850509525,0.0,Nov,2,2,1,1,Returning_Visitor,0,1,0.2736318407960199,Low Intent
0,0.0,0,0.0,12,247.0,0.0,0.016666667,0.0,0.0,Dec,8,1,3,1,Returning_Visitor,1,0,0.016100178890876567,Low Intent
0,0.0,0,0.0,8,20.2,0.1,0.175,0.0,0.0,June,3,2,1,1,Returning_Visitor,0,0,0.0012126111560226355,Low Intent
0,0.0,0,0.0,10,130.5,0.02,0.1,0.0,0.0,Dec,2,2,7,3,Returning_Visitor,0,0,0.016100178890876567,Low Intent
2,2.0,3,261.0,10,281.0,0.0,0.042857143,0.0,0.0,Mar,2,2,1,2,Returning_Visitor,0,0,0.02480477721635278,Low Intent
0,0.0,0,0.0,89,5044.75689,0.002528736,0.008376076,0.0,0.8,May,1,1,6,6,Returning_Visitor,0,0,0.0012126111560226355,Low Intent
2,17.0,0,0.0,15,1349.0,0.0,0.005882353,0.0,0.0,Mar,2,2,1,1,Returning_Visitor,0,0,0.02480477721635278,Low Intent
3,80.6,2,16.2,33,770.1071795,0.005405405,0.016216216,0.0,0.0,Oct,3,2,1,5,Returning_Visitor,0,0,0.02480477721635278,Low Intent
1,43.4,0,0.0,30,775.8883333,0.0,0.006896552,0.0,0.0,Oct,2,2,4,2,New_Visitor,0,0,0.02480477721635278,Low Intent
0,0.0,0,0.0,2,0.0,0.2,0.2,0.0,0.0,Mar,2,2,1,1,Returning_Visitor,0,0,0.0012126111560226355,Low Intent
0,0.0,0,0.0,45,1970.0,0.019259259,0.037925926,0.0,0.0,June,4,1,3,3,Returning_Visitor,0,0,0.0012126111560226355,Low Intent
0,0.0,0,0.0,30,986.5,0.006666667,0.023333333,0.0,0.0,May,2,4,3,3,Returning_Visitor,0,0,0.0012126111560226355,Low Intent
8,197.6666667,0,0.0,7,88.75,0.013333333,0.06,0.0,1.0,May,3,2,3,2,Returning_Visitor,1,0,0.02480477721635278,Low Intent
1,5.0,0,0.0,2,15.2,0.0,0.04,0.0,0.0,Aug,1,1,6,3,Returning_Visitor,0,0,0.02480477721635278,Low Intent
1,53.9,0,0.0,34,422.5230769,0.0,0.006015038,36.31643173,0.0,Sep,1,1,2,2,Returning_Visitor,0,1,0.964,High Intent
0,0.0,0,0.0,22,876.25,0.0,0.004761905,0.0,0.0,Dec,2,2,2,10,Returning_Visitor,0,0,0.016100178890876567,Low Intent
4,98.91666667,0,0.0,110,4096.712716,0.002654867,0.011061947,0.0,0.0,Nov,1,2,6,2,Returning_Visitor,0,0,0.2736318407960199,Low Intent
0,0.0,0,0.0,8,92.25,0.041666667,0.066666667,0.0,0.0,Nov,3,2,4,13,Returning_Visitor,0,0,0.05405405405405406,Low Intent
6,125.25,2,89.0,146,3697.731633,0.008108108,0.015188129,73.35866939,0.0,Nov,2,2,1,2,Returning_Visitor,1,1,0.7857142857142857,High Intent
0,0.0,0,0.0,7,63.0,0.028571429,0.071428571,0.0,0.6,Feb,2,2,1,3,Returning_Visitor,0,0,0.0012126111560226355,Low Intent
0,0.0,0,0.0,14,169.9166667,0.0,0.076190476,0.0,0.0,Nov,2,2,4,2,Returning_Visitor,0,1,0.05405405405405406,Low Intent
0,0.0,0,0.0,4,0.0,0.2,0.2,0.0,0.0,Mar,2,2,3,1,Returning_Visitor,0,0,0.0012126111560226355,Low Intent
0,0.0,0,0.0,21,1296.716667,0.0,0.007017544,70.01826316,0.0,May,2,2,1,2,Returning_Visitor,0,1,0.964,High Intent
1,38.0,0,0.0,23,1483.6,0.022916667,0.038373016,7.103020833,0.0,Mar,3,2,6,1,Returning_Visitor,0,1,0.47761194029850745,Medium Intent
3,35.4,0,0.0,27,473.0833333,0.0,0.028965517,0.0,0.0,Nov,2,2,6,1,Returning_Visitor,0,0,0.05405405405405406,Low Intent
0,0.0,2,148.5,72,2271.553571,0.002702703,0.017905405,0.0,0.0,Dec,2,2,1,2,Returning_Visitor,0,0,0.016100178890876567,Low Intent
7,60.29166667,0,0.0,8,108.5,0.013333333,0.048666667,0.0,0.0,Dec,2,2,2,6,Returning_Visitor,0,0,0.02480477721635278,Low Intent
0,0.0,0,0.0,12,810.0,0.0,0.016666667,0.0,0.0,Mar,2,2,6,10,Returning_Visitor,0,0,0.0012126111560226355,Low Intent
1,45.4,0,0.0,60,2580.634935,0.0,0.009442743,0.0,0.0,Oct,1,1,1,2,Returning_Visitor,0,0,0.02480477721635278,Low Intent
5,153.0,0,0.0,25,1074.683333,0.0125,0.01875,19.23268976,0.0,Nov,1,1,6,4,Returning_Visitor,0,0,0.7857142857142857,High Intent
6,63.0,1,16.0,187,4987.688889,0.003108808,0.011118588,10.80188719,0.0,May,4,1,2,2,Returning_Visitor,0,0,0.21727748691099477,Low Intent
9,250.2222222,5,343.875,82,5076.380556,0.0,0.010982424,28.41708136,0.0,Dec,3,2,1,13,Returning_Visitor,0,1,0.5842696629213483,Medium Intent
0,0.0,0,0.0,37,684.7272727,0.005405405,0.023423423,0.0,0.0,Mar,2,4,3,1,Returning_Visitor,0,0,0.0012126111560226355,Low Intent
0,0.0,0,0.0,16,462.0,0.0125,0.05,0.0,0.0,May,1,1,1,6,Returning_Visitor,0,0,0.0012126111560226355,Low Intent
0,0.0,0,0.0,16,480.3,0.0125,0.033333333,0.0,0.0,May,1,1,4,4,Returning_Visitor,1,0,0.0012126111560226355,Low Intent
0,0.0,3,100.0,22,2175.993651,0.01,0.049312469,0.0,0.0,Mar,2,2,3,1,Returning_Visitor,0,0,0.0012126111560226355,Low Intent
0,0.0,1,6.0,39,720.15,0.005128205,0.017948718,0.0,0.0,Nov,2,4,7,2,Returning_Visitor,0,0,0.05405405405405406,Low Intent
13,313.0909091,4,516.0,132,3083.050977,0.001494396,0.009733401,8.868449011,0.0,May,2,5,3,4,Returning_Visitor,0,0,0.21727748691099477,Low Intent
4,539.5,0,0.0,1,0.0,0.0,0.05,0.0,0.0,Mar,3,2,8,8,New_Visitor,0,0,0.02480477721635278,Low Intent
4,59.86,1,38.3,36,725.21,0.005,0.034166667,0.0,0.0,Oct,2,2,9,2,Returning_Visitor,1,0,0.02480477721635278,Low Intent
5,109.8333333,1,37.0,24,1067.795238,0.0,0.008035714,64.46185714,0.0,May,1,1,4,3,Returning_Visitor,0,0,0.7888446215139442,High Intent
9,216.23,1,140.5,310,8468.339278,0.002821317,0.012414294,0.875047932,0.0,Sep,2,10,3,2,Returning_Visitor,1,0,0.09202453987730061,Low Intent
0,0.0,0,0.0,6,36.0,0.066666667,0.133333333,0.0,0.0,Mar,4,1,1,3,Returning_Visitor,1,0,0.0012126111560226355,Low Intent
0,0.0,0,0.0,3,0.0,0.2,0.2,0.0,0.0,Jul,1,1,1,1,Returning_Visitor,1,0,0.0012126111560226355,Low Intent
8,224.0,0,0.0,16,315.25,0.0,0.011111111,0.0,0.0,May,3,2,1,5,New_Visitor,0,0,0.02480477721635278,Low Intent
0,0.0,0,0.0,3,62.4,0.0,0.05,23.79060609,0.0,Aug,1,1,8,3,New_Visitor,0,1,0.964,High Intent
4,55.25,0,0.0,27,705.5,0.0,0.007901235,0.0,0.0,Nov,1,1,9,3,Returning_Visitor,0,0,0.05405405405405406,Low Intent
2,126.0,0,0.0,2,14.35,0.0,0.05,0.0,0.0,Aug,3,2,6,5,New_Visitor,1,0,0.02480477721635278,Low Intent
5,141.0,0,0.0,33,1371.633333,0.0,0.005555556,44.71103438,0.0,Mar,2,4,3,8,New_Visitor,1,1,0.7888446215139442,High Intent
0,0.0,0,0.0,25,417.9666667,0.0,0.019230769,4.7095,1.0,May,2,2,9,2,Returning_Visitor,1,1,0.5813953488372093,Medium Intent
0,0.0,0,0.0,12,198.0,0.016666667,0.075,0.0,0.0,Mar,2,2,3,2,Returning_Visitor,0,0,0.0012126111560226355,Low Intent
0,0.0,0,0.0,20,301.0,0.005555556,0.066666667,0.0,0.0,Dec,1,1,1,2,Returning_Visitor,0,0,0.016100178890876567,Low Intent
1,62.5,3,196.0,36,585.178355,0.0,0.001273148,0.0,0.0,May,2,2,6,4,Returning_Visitor,0,0,0.02480477721635278,Low Intent
0,0.0,0,0.0,9,478.0,0.0,0.011111111,0.0,0.0,Mar,3,2,2,3,Returning_Visitor,1,0,0.0012126111560226355,Low Intent
0,0.0,0,0.0,3,0.0,0.2,0.2,0.0,0.2,May,3,2,1,4,Returning_Visitor,0,0,0.0012126111560226355,Low Intent
6,133.3333333,1,398.0,129,4653.190245,0.015662578,0.025219763,6.017563943,0.0,Nov,3,2,1,3,Returning_Visitor,0,1,0.7428571428571429,High Intent
1,0.0,0,0.0,25,293.4166667,0.0,0.013461538,0.0,0.0,Nov,3,2,3,10,Returning_Visitor,1,0,0.05405405405405406,Low Intent
3,13.0,0,0.0,7,79.5,0.0,0.02,0.0,0.0,Mar,2,2,1,8,New_Visitor,1,0,0.02480477721635278,Low Intent
3,37.25,0,0.0,19,656.25,0.0,0.023529412,0.0,0.0,Dec,2,5,3,6,Returning_Visitor,0,0,0.02480477721635278,Low Intent
0,0.0,0,0.0,24,387.8846154,0.025,0.038095238,0.0,0.0,Mar,2,2,3,3,Returning_Visitor,0,0,0.0012126111560226355,Low Intent
0,0.0,0,0.0,4,95.0,0.0,0.05,0.0,0.0,Dec,8,13,9,20,Other,0,0,0.016100178890876567,Low Intent
0,0.0,0,0.0,13,226.0,0.0,0.023076923,0.0,0.0,Dec,2,2,9,8,New_Visitor,0,0,0.016100178890876567,Low Intent
7,421.25,0,0.0,59,1945.896667,0.012239583,0.010578704,28.52919049,0.0,June,2,6,1,20,Returning_Visitor,0,1,0.21727748691099477,Low Intent
0,0.0,0,0.0,7,360.75,0.0,0.033333333,0.0,0.0,Mar,1,1,1,2,New_Visitor,1,0,0.0012126111560226355,Low Intent
5,99.16666667,1,27.0,33,483.2666667,0.002777778,0.009126984,0.0,0.6,May,8,5,1,2,Returning_Visitor,0,0,0.02480477721635278,Low Intent
0,0.0,0,0.0,37,4339.366667,0.009009009,0.036036036,13.6630847,0.0,Sep,2,2,4,1,Returning_Visitor,0,0,0.21727748691099477,Low Intent
1,72.6,0,0.0,44,1256.825,0.0,0.0,0.0,0.0,Nov,1,1,4,5,New_Visitor,0,0,0.11790393013100436,Low Intent
0,0.0,0,0.0,22,883.0,0.133333333,0.148917749,0.0,0.0,May,3,2,1,13,Returning_Visitor,0,0,0.0012126111560226355,Low Intent
0,0.0,0,0.0,11,2076.75,0.036363636,0.081818182,0.0,0.0,Nov,2,2,4,3,Returning_Visitor,0,0,0.16939890710382513,Low Intent
8,889.1666667,0,0.0,137,5588.185426,0.000729167,0.026320008,6.898232461,0.0,Nov,2,2,1,3,Returning_Visitor,0,1,0.7428571428571429,High Intent
0,0.0,0,0.0,31,457.4047799,0.0,0.026938057,0.0,0.8,May,2,2,7,1,Returning_Visitor,0,0,0.0012126111560226355,Low Intent
0,0.0,0,0.0,1,0.0,0.2,0.2,0.0,0.6,May,3,2,3,13,Returning_Visitor,0,0,0.0012126111560226355,Low Intent
1,18.2,0,0.0,22,624.76,0.009090909,0.015909091,0.0,0.0,Oct,2,2,7,3,Returning_Visitor,0,0,0.02480477721635278,Low Intent
0,0.0,0,0.0,4,206.5,0.05,0.05,0.0,0.0,Dec,1,1,1,8,Returning_Visitor,0,0,0.016100178890876567,Low Intent
0,0.0,0,0.0,8,201.0,0.0,0.0625,0.0,0.0,Mar,2,4,2,1,Returning_Visitor,0,0,0.0012126111560226355,Low Intent
0,0.0,0,0.0,71,1094.310476,0.0,0.009285714,4.718931118,0.0,Oct,4,1,2,2,Returning_Visitor,0,0,0.5813953488372093,Medium Intent
2,20.14285714,0,0.0,4,33.14285714,0.0,0.039814815,0.0,0.0,Dec,3,2,1,10,Returning_Visitor,0,0,0.02480477721635278,Low Intent
3,51.8,0,0.0,23,864.0071429,0.0,0.008,13.52088614,0.0,Nov,2,4,5,2,Returning_Visitor,0,0,0.5813953488372093,Medium Intent
0,0.0,0,0.0,24,648.0678571,0.016666667,0.035648148,0.0,0.4,May,2,2,3,1,Returning_Visitor,0,0,0.0012126111560226355,Low Intent
0,0.0,0,0.0,16,190.75,0.0,0.01875,0.0,0.0,May,2,2,1,4,Returning_Visitor,0,0,0.0012126111560226355,Low Intent
3,25.4,0,0.0,73,2958.5,0.005405405,0.021846847,5.677286486,0.4,May,2,5,2,3,Returning_Visitor,0,0,0.21727748691099477,Low Intent
6,110.625,1,106.0,30,1508.521825,0.04,0.043294931,21.01746974,0.0,Nov,3,2,3,13,Returning_Visitor,0,0,0.39849624060150374,Medium Intent
1,30.5,0,0.0,16,374.5,0.029411765,0.03627451,0.0,0.0,Nov,3,2,3,1,Returning_Visitor,1,0,0.05405405405405406,Low Intent
6,143.0,0,0.0,32,2289.1,0.0,0.001015625,62.33035594,0.0,Nov,3,2,9,3,New_Visitor,1,0,0.7888446215139442,High Intent
2,9.0,0,0.0,38,1147.696667,0.0,0.027642276,3.673829068,0.0,June,2,2,4,1,Returning_Visitor,0,1,0.5813953488372093,Medium Intent
4,60.08333333,0,0.0,24,1204.416667,0.007692308,0.026923077,46.62801597,0.0,Dec,2,2,6,6,Returning_Visitor,0,0,0.5756097560975609,Medium Intent
0,0.0,0,0.0,5,273.5,0.0,0.05,0.0,0.0,May,2,2,6,1,Returning_Visitor,0,0,0.0012126111560226355,Low Intent
0,0.0,0,0.0,51,874.4047619,0.008,0.0345,0.0,0.0,Nov,2,2,7,2,Returning_Visitor,0,0,0.05405405405405406,Low Intent
0,0.0,0,0.0,1,0.0,0.2,0.2,0.0,0.0,Mar,1,1,1,3,Returning_Visitor,1,0,0.0012126111560226355,Low Intent
0,0.0,0,0.0,8,170.0,0.075,0.08,0.0,0.0,Mar,1,1,7,3,Returning_Visitor,1,0,0.0012126111560226355,Low Intent
0,0.0,0,0.0,18,1259.0,0.010526316,0.033684211,0.0,0.0,May,2,2,1,1,Returning_Visitor,0,0,0.0012126111560226355,Low Intent
0,0.0,0,0.0,36,631.3068627,0.021142857,0.047901224,0.0,0.8,May,2,2,3,6,Returning_Visitor,0,0,0.0012126111560226355,Low Intent
3,135.5,0,0.0,37,1238.375,0.005405405,0.030510511,7.941531532,0.0,May,2,2,1,2,Returning_Visitor,0,0,0.3225806451612903,Medium Intent
0,0.0,0,0.0,6,77.0,0.083333333,0.116666667,0.0,0.0,Dec,2,2,3,13,Returning_Visitor,0,0,0.016100178890876567,Low Intent
3,189.4,4,130.76,93,3856.82978,0.037525773,0.06218704,7.542144271,0.0,June,2,2,1,1,Returning_Visitor,0,0,0.21727748691099477,Low Intent
0,0.0,0,0.0,22,469.54,0.0,0.008695652,14.00979215,0.0,Oct,2,2,9,2,New_Visitor,0,1,0.9565217391304348,High Intent
9,139.0,1,109.0,33,752.4592075,0.002777778,0.006415344,0.0,0.0,May,1,1,1,15,Returning_Visitor,1,0,0.02480477721635278,Low Intent
0,0.0,0,0.0,2,87.0,0.0,0.033333333,0.0,0.0,Nov,3,2,4,11,Returning_Visitor,0,0,0.05405405405405406,Low Intent
0,0.0,0,0.0,5,226.0,0.086666667,0.133333333,0.0,0.0,May,1,1,1,1,Returning_Visitor,0,0,0.0012126111560226355,Low Intent
0,0.0,0,0.0,10,145.04,0.0,0.023333333,0.0,0.0,Nov,4,2,4,1,Returning_Visitor,0,0,0.05405405405405406,Low Intent
2,160.0,0,0.0,17,1306.666667,0.010526316,0.014035088,0.0,0.0,Mar,3,2,2,3,Returning_Visitor,0,0,0.02480477721635278,Low Intent
1,82.0,0,0.0,62,1243.17619,0.006451613,0.00983871,0.0,0.0,Dec,1,1,6,2,Returning_Visitor,0,0,0.02480477721635278,Low Intent
2,1172.0,0,0.0,24,1244.066667,0.008,0.028,0.0,0.0,May,1,8,2,6,Returning_Visitor,0,0,0.02480477721635278,Low Intent
2,17.0,0,0.0,30,1448.928571,0.043851852,0.069954545,0.0,0.0,Dec,3,2,1,13,Returning_Visitor,0,0,0.02480477721635278,Low Intent
0,0.0,0,0.0,2,78.0,0.0,0.05,0.0,0.0,Dec,3,2,9,2,Returning_Visitor,0,0,0.016100178890876567,Low Intent
14,286.5333333,2,118.8,31,835.71,0.0,0.007317073,33.05509961,0.0,Nov,2,2,7,2,Returning_Visitor,0,1,0.5842696629213483,Medium Intent
2,248.5,5,192.25,9,1176.5,0.0,0.0125,0.0,0.0,Dec,1,1,3,2,New_Visitor,0,0,0.02480477721635278,Low Intent
5,31.7,3,239.2,3,78.5,0.0,0.008333333,0.0,0.0,Sep,2,2,1,5,New_Visitor,0,0,0.09202453987730061,Low Intent
1,0.0,0,0.0,34,2161.979365,0.00625,0.020233586,0.0,0.0,Mar,3,2,1,1,Returning_Visitor,0,0,0.0012126111560226355,Low Intent
0,0.0,0,0.0,5,48.0,0.08,0.093333333,0.0,0.8,May,3,2,4,13,Returning_Visitor,0,0,0.0012126111560226355,Low Intent
1,11.0,0,0.0,51,1059.253472,0.010588235,0.022643039,0.0,0.0,Mar,3,2,6,3,Returning_Visitor,0,0,0.02480477721635278,Low Intent
1,0.0,1,34.2,69,3051.525518,0.000714286,0.016949586,0.0,0.0,Oct,2,4,9,3,Returning_Visitor,0,0,0.0012126111560226355,Low Intent
2,94.6,1,108.8,42,1157.783333,0.0,0.032222222,0.0,0.0,Oct,2,4,1,1,Returning_Visitor,1,0,0.02480477721635278,Low Intent
0,0.0,0,0.0,3,6.0,0.066666667,0.133333333,0.0,0.6,May,2,2,1,1,Returning_Visitor,0,0,0.0012126111560226355,Low Intent
1,22.2,0,0.0,43,1257.9,0.00952381,0.020634921,0.0,0.0,Sep,2,4,1,3,Returning_Visitor,0,0,0.09202453987730061,Low Intent
3,61.4,1,0.0,19,381.6,0.040909091,0.056818182,8.330574815,0.0,Aug,1,1,4,1,Returning_Visitor,0,1,0.3225806451612903,Medium Intent
0,0.0,0,0.0,19,696.875,0.010526316,0.035087719,0.0,0.0,Dec,1,2,4,2,Returning_Visitor,0,0,0.016100178890876567,Low Intent
0,0.0,0,0.0,154,4800.574762,0.014473684,0.032872807,0.0,0.0,Oct,2,2,1,1,Returning_Visitor,1,0,0.0012126111560226355,Low Intent
0,0.0,0,0.0,60,1288.563333,0.0,0.017777778,0.0,0.0,June,2,4,3,4,Returning_Visitor,0,0,0.0012126111560226355,Low Intent
0,0.0,0,0.0,2,19.0,0.0,0.1,0.0,0.0,Nov,1,1,1,2,New_Visitor,1,0,0.11790393013100436,Low Intent
14,272.5,2,52.25,55,1127.288305,0.003125,0.014499164,0.0,0.0,Mar,3,2,7,1,Returning_Visitor,0,0,0.02480477721635278,Low Intent
4,55.32575758,0,0.0,11,234.9924242,0.0,0.018181818,0.0,0.0,Mar,2,2,3,1,Returning_Visitor,0,0,0.02480477721635278,Low Intent
0,0.0,0,0.0,29,1073.295779,0.013793103,0.017471264,0.0,0.0,Dec,1,1,1,3,Returning_Visitor,1,0,0.016100178890876567,Low Intent
2,126.75,0,0.0,22,2281.583333,0.02969697,0.043686869,0.0,0.0,Dec,3,2,2,3,Returning_Visitor,0,0,0.02480477721635278,Low Intent
8,114.5,0,0.0,36,513.4,0.004166667,0.035238095,16.09065,0.6,May,2,2,1,3,Returning_Visitor,0,0,0.5756097560975609,Medium Intent
11,424.475,5,185.75,76,2642.458333,0.011481481,0.026290598,0.0,0.0,Nov,2,2,1,2,Returning_Visitor,1,1,0.2736318407960199,Low Intent
1,0.0,0,0.0,7,88.0,0.0625,0.116666667,0.0,0.8,May,3,2,1,6,Returning_Visitor,0,0,0.0012126111560226355,Low Intent
0,0.0,1,0.0,7,1646.2,0.025,0.075,0.0,0.0,June,2,2,1,2,Returning_Visitor,0,0,0.0012126111560226355,Low Intent
2,66.4,3,41.2,138,4031.561667,0.002857143,0.010238095,0.0,0.0,Nov,2,2,9,13,Returning_Visitor,0,0,0.2736318407960199,Low Intent
3,52.5,0,0.0,139,3674.737578,0.002142857,0.011897444,17.50624004,0.0,Nov,2,2,2,10,Returning_Visitor,0,1,0.7857142857142857,High Intent
1,24.0,0,0.0,8,147.0,0.033333333,0.026666667,0.0,0.0,May,2,6,6,1,Returning_Visitor,0,0,0.02480477721635278,Low Intent
0,0.0,0,0.0,13,562.25,0.0,0.015384615,34.97250838,0.0,Nov,1,1,1,2,New_Visitor,0,1,0.964,High Intent
4,158.2,0,0.0,62,4402.25,0.0,0.001041667,246.7585902,0.0,Oct,4,1,8,2,New_Visitor,0,0,0.7888446215139442,High Intent
7,356.675,0,0.0,72,1636.258333,0.005333333,0.007733333,0.0,0.0,Oct,2,2,4,4,Returning_Visitor,0,0,0.02480477721635278,Low Intent
0,0.0,0,0.0,8,105.0,0.0,0.0125,0.0,0.0,May,4,1,1,3,Returning_Visitor,0,0,0.0012126111560226355,Low Intent
0,0.0,0,0.0,3,62.25,0.0,0.066666667,0.0,0.0,Dec,1,1,7,2,Returning_Visitor,0,0,0.016100178890876567,Low Intent
8,143.1666667,1,22.0,87,2531.060479,0.006896552,0.017705157,0.860484729,0.0,May,1,1,1,1,Returning_Visitor,0,0,0.02480477721635278,Low Intent
0,0.0,0,0.0,9,159.0,0.0,0.022222222,0.0,0.0,Mar,2,2,1,2,Returning_Visitor,1,0,0.0012126111560226355,Low Intent
6,228.0,5,89.33333333,18,513.4666667,0.0,0.003461538,0.0,0.0,Mar,1,1,3,3,New_Visitor,0,0,0.02480477721635278,Low Intent
3,143.0,0,0.0,17,331.8375,0.033333333,0.051234568,0.0,0.0,Dec,2,2,1,1,Returning_Visitor,1,0,0.02480477721635278,Low Intent
0,0.0,0,0.0,11,352.5,0.0,0.03,0.0,0.0,Dec,2,2,1,1,Returning_Visitor,0,0,0.016100178890876567,Low Intent
10,274.25,5,247.75,61,2267.330952,0.002739726,0.005348989,48.6094789,0.0,Nov,2,2,1,2,Returning_Visitor,0,1,0.7857142857142857,High Intent
0,0.0,0,0.0,33,1703.321429,0.0,0.042424242,0.0,0.6,May,2,5,3,1,Returning_Visitor,0,0,0.0012126111560226355,Low Intent
7,78.35714286,3,210.6666667,309,12158.19639,0.007586207,0.025532176,0.0,0.0,Nov,2,2,1,2,Returning_Visitor,1,1,0.2736318407960199,Low Intent
3,36.0,2,763.0,9,163.5,0.0,0.014285714,0.0,0.0,Dec,8,2,1,2,New_Visitor,0,1,0.02480477721635278,Low Intent
0,0.0,0,0.0,21,530.5833333,0.019047619,0.021428571,0.0,0.0,Nov,3,2,4,3,Returning_Visitor,0,0,0.05405405405405406,Low Intent
1,27.2,0,0.0,91,1596.412698,0.001098901,0.007912088,33.61787649,0.0,Sep,2,2,2,1,Returning_Visitor,0,0,0.21727748691099477,Low Intent
3,23.0,0,0.0,19,723.4833333,0.003508772,0.022807018,17.68865669,0.0,Jul,2,2,2,2,Returning_Visitor,0,0,0.5756097560975609,Medium Intent
0,0.0,0,0.0,7,176.3333333,0.0,0.011111111,0.0,0.0,May,2,2,2,13,Returning_Visitor,0,0,0.0012126111560226355,Low Intent
0,0.0,0,0.0,10,122.1666667,0.0,0.02,0.0,0.0,Nov,1,1,1,5,New_Visitor,1,0,0.11790393013100436,Low Intent
4,77.66666667,0,0.0,8,159.75,0.016666667,0.038888889,0.0,0.0,Nov,3,2,3,2,Returning_Visitor,0,1,0.05405405405405406,Low Intent
0,0.0,0,0.0,9,303.6666667,0.005555556,0.046296296,0.0,0.0,Feb,2,4,5,2,Returning_Visitor,0,0,0.0012126111560226355,Low Intent
0,0.0,0,0.0,20,248.4166667,0.010526316,0.033684211,0.0,0.8,May,2,2,2,13,Returning_Visitor,0,0,0.0012126111560226355,Low Intent
16,155.6313131,0,0.0,32,908.013456,0.005,0.01805276,4.368515556,0.0,Mar,2,2,3,2,Returning_Visitor,0,1,0.3225806451612903,Medium Intent
4,26.0,0,0.0,22,1671.375,0.018333333,0.040555556,0.0,0.0,Nov,2,2,3,8,Returning_Visitor,0,0,0.05405405405405406,Low Intent
0,0.0,0,0.0,10,305.0,0.0,0.02,0.0,0.0,Nov,2,2,1,8,Returning_Visitor,0,0,0.05405405405405406,Low Intent
3,65.0,0,0.0,29,386.2621212,0.0,0.000666667,0.0,0.0,Nov,8,2,9,2,Other,0,0,0.11790393013100436,Low Intent
2,36.75,2,9.0,20,393.5833333,0.008333333,0.033872603,0.0,0.0,Nov,1,1,3,6,Returning_Visitor,0,0,0.16853932584269662,Low Intent
2,270.0,3,228.5,13,2451.0,0.0,0.021428571,42.22150549,0.0,Nov,2,2,4,2,Returning_Visitor,0,1,0.7888446215139442,High Intent
0,0.0,0,0.0,5,186.5,0.0,0.04,0.0,0.0,Nov,2,2,1,2,Returning_Visitor,0,0,0.05405405405405406,Low Intent
2,34.2,0,0.0,32,929.91,0.006060606,0.026262626,0.0,0.0,Aug,1,1,3,3,Returning_Visitor,0,0,0.02480477721635278,Low Intent
12,198.7727273,4,11.0,76,4514.739394,0.010978836,0.024656643,0.0,0.0,Nov,2,2,3,1,Returning_Visitor,0,1,0.2736318407960199,Low Intent
11,215.5238095,1,70.0,87,3037.499952,0.002150538,0.007722385,0.0,0.0,Mar,2,2,5,1,Returning_Visitor,0,0,0.02480477721635278,Low Intent
0,0.0,0,0.0,6,161.6666667,0.0,0.05,0.0,0.0,Dec,2,2,9,3,New_Visitor,0,0,0.016100178890876567,Low Intent
6,107.04,3,53.2,114,5066.6611,0.006666667,0.016180556,0.0,0.0,Nov,3,2,3,3,Returning_Visitor,1,0,0.2736318407960199,Low Intent
4,900.5,0,0.0,14,1957.5,0.0,0.014117647,105.260972,0.0,Dec,1,1,3,10,Returning_Visitor,0,1,0.7888446215139442,High Intent
2,107.0,0,0.0,14,167.5,0.08125,0.108333333,0.0,0.0,May,3,2,1,2,Returning_Visitor,0,0,0.02480477721635278,Low Intent
5,339.0,4,188.0,5,376.0,0.0,0.019047619,0.0,0.0,Dec,2,2,9,8,New_Visitor,0,0,0.02480477721635278,Low Intent
9,152.875,2,54.91666667,85,2971.254167,0.002197802,0.013631606,1.022550578,0.0,Nov,2,2,3,1,Returning_Visitor,0,1,0.2736318407960199,Low Intent
1,65.0,0,0.0,13,531.0,0.033333333,0.05,0.0,0.0,May,2,6,3,3,Returning_Visitor,0,0,0.02480477721635278,Low Intent
0,0.0,0,0.0,3,112.0,0.066666667,0.133333333,0.0,0.0,Mar,2,2,7,10,Returning_Visitor,0,0,0.0012126111560226355,Low Intent
0,0.0,0,0.0,12,157.0,0.008333333,0.033333333,0.0,0.0,Nov,3,2,7,1,Returning_Visitor,0,0,0.05405405405405406,Low Intent
1,50.33333333,0,0.0,21,586.1892857,0.0,0.005555556,0.0,0.6,May,1,1,1,2,Returning_Visitor,0,0,0.02480477721635278,Low Intent
0,0.0,0,0.0,96,5947.97123,0.0125,0.028333333,0.0,0.0,Nov,2,2,1,1,Returning_Visitor,1,1,0.2736318407960199,Low Intent
0,0.0,0,0.0,1,0.0,0.2,0.2,0.0,0.0,Nov,2,2,7,8,New_Visitor,0,0,0.11790393013100436,Low Intent
0,0.0,0,0.0,17,591.25,0.041176471,0.078431373,0.0,0.0,May,3,3,8,4,Returning_Visitor,1,0,0.0012126111560226355,Low Intent
2,26.17857143,6,665.5,14,484.8452381,0.000606061,0.043661654,0.0,0.0,Nov,3,2,3,10,Returning_Visitor,1,0,0.16853932584269662,Low Intent
0,0.0,0,0.0,29,1131.315476,0.021428571,0.046071429,0.0,0.0,May,2,2,2,6,Returning_Visitor,1,0,0.0012126111560226355,Low Intent
4,985.5,4,308.0,6,328.0,0.0,0.015384615,0.0,0.0,Mar,2,2,3,2,New_Visitor,0,0,0.02480477721635278,Low Intent
0,0.0,0,0.0,10,154.5,0.0,0.01,0.0,0.2,May,2,2,3,13,New_Visitor,0,0,0.0012126111560226355,Low Intent
0,0.0,0,0.0,4,1623.666667,0.133333333,0.140833333,0.0,0.0,Aug,1,1,1,3,Returning_Visitor,0,0,0.0012126111560226355,Low Intent
14,88.19047619,5,218.65,168,4316.262171,0.003575419,0.018670927,11.71746761,0.0,Jul,2,2,3,1,Returning_Visitor,0,0,0.21727748691099477,Low Intent
2,209.5,0,0.0,102,2436.287879,0.051797386,0.060539216,0.0,0.0,Oct,3,2,1,13,Returning_Visitor,0,0,0.02480477721635278,Low Intent
9,179.4533333,7,277.6333333,37,829.1871429,0.002325581,0.007674419,9.098216282,0.0,Nov,2,2,3,2,Returning_Visitor,1,0,0.7857142857142857,High Intent
6,51.5,0,0.0,29,944.9166667,0.0,0.014285714,49.01914286,0.0,May,2,2,4,2,Returning_Visitor,1,1,0.7888446215139442,High Intent
0,0.0,0,0.0,6,1563.0,0.0,0.011111111,0.0,0.0,May,2,2,1,4,Returning_Visitor,0,0,0.0012126111560226355,Low Intent
0,0.0,0,0.0,8,143.25,0.0,0.05,0.0,0.0,Dec,2,2,1,1,Returning_Visitor,0,0,0.016100178890876567,Low Intent
11,157.3889922,3,338.4,46,1624.935625,0.005357143,0.021391443,0.0,0.0,Nov,3,2,3,3,Returning_Visitor,0,0,0.16853932584269662,Low Intent
0,0.0,0,0.0,15,1733.666667,0.0,0.026666667,0.0,0.0,Mar,2,2,7,2,Returning_Visitor,0,0,0.0012126111560226355,Low Intent
1,27.0,0,0.0,4,467.0,0.0,0.025,0.0,0.0,May,1,1,1,4,New_Visitor,0,0,0.02480477721635278,Low Intent
1,22.2,0,0.0,16,694.4549784,0.0,0.001470588,54.91911804,0.0,Sep,2,2,7,2,New_Visitor,0,1,0.964,High Intent
1,19.0,0,0.0,45,4018.45,0.009090909,0.021969697,0.0,0.0,Nov,2,2,3,1,Returning_Visitor,1,0,0.16939890710382513,Low Intent
0,0.0,0,0.0,19,621.4166667,0.0,0.015789474,0.0,0.0,Dec,4,1,1,2,Returning_Visitor,1,0,0.016100178890876567,Low Intent
2,41.5,2,60.5,21,534.5,0.004347826,0.02173913,0.0,0.0,Mar,2,2,2,13,Returning_Visitor,1,0,0.02480477721635278,Low Intent
0,0.0,0,0.0,1,0.0,0.2,0.2,0.0,0.0,May,2,2,2,13,Returning_Visitor,0,0,0.0012126111560226355,Low Intent
0,0.0,2,13.0,4,145.0,0.0,0.04,0.0,0.0,May,1,8,4,6,Returning_Visitor,1,0,0.0012126111560226355,Low Intent
0,0.0,0,0.0,3,0.0,0.2,0.2,0.0,0.0,Nov,3,2,4,3,Returning_Visitor,1,0,0.05405405405405406,Low Intent
10,706.5566667,0,0.0,53,1572.816667,0.007017544,0.024948268,0.0,0.0,Nov,3,2,1,1,Returning_Visitor,0,0,0.05405405405405406,Low Intent
0,0.0,0,0.0,5,1162.5,0.0,0.025,0.0,0.0,Mar,2,2,2,2,Returning_Visitor,0,0,0.0012126111560226355,Low Intent
4,130.5,2,51.0,43,2265.529221,0.004,0.004,14.792,0.0,May,3,2,4,2,Returning_Visitor,0,0,0.21727748691099477,Low Intent
0,0.0,0,0.0,27,857.1833333,0.0,0.017283951,0.0,0.0,Nov,2,2,9,10,Returning_Visitor,0,0,0.05405405405405406,Low Intent
2,191.0,1,100.0,46,2452.582143,0.007246377,0.022253906,0.0,0.0,Mar,3,2,9,3,Returning_Visitor,1,0,0.02480477721635278,Low Intent
4,96.8,1,535.0,9,1888.2,0.0,0.027272727,0.0,0.0,Nov,2,2,9,2,Returning_Visitor,0,0,1.0,High Intent
0,0.0,0,0.0,20,837.25,0.015,0.041666667,0.0,0.0,Dec,6,5,1,1,Returning_Visitor,0,0,0.016100178890876567,Low Intent
0,0.0,0,0.0,2,54.0,0.0,0.033333333,0.0,0.0,Nov,1,1,5,10,Returning_Visitor,1,0,0.05405405405405406,Low Intent
6,450.4,0,0.0,6,72.9,0.0,0.028571429,0.0,0.0,May,2,2,9,5,New_Visitor,0,0,0.02480477721635278,Low Intent
0,0.0,0,0.0,11,814.5,0.0,0.01,0.0,0.0,Mar,1,1,1,2,New_Visitor,0,0,0.0012126111560226355,Low Intent
2,15.0,0,0.0,1,8.0,0.0,0.066666667,0.0,0.0,Nov,2,4,1,2,Returning_Visitor,0,0,0.05405405405405406,Low Intent
0,0.0,0,0.0,7,205.5,0.0,0.042857143,0.0,0.0,Nov,3,2,9,13,Returning_Visitor,0,0,0.05405405405405406,Low Intent
5,85.16666667,1,8.0,95,3715.777564,0.01010101,0.011851852,0.0,0.0,Jul,2,4,4,1,Returning_Visitor,0,0,0.128,Low Intent
0,0.0,0,0.0,21,574.5333333,0.0,0.011578947,0.0,0.0,Mar,2,2,3,1,Returning_Visitor,0,0,0.0012126111560226355,Low Intent
0,0.0,0,0.0,12,689.75,0.0,0.083333333,0.0,0.0,May,2,4,3,4,Returning_Visitor,0,0,0.0012126111560226355,Low Intent
0,0.0,0,0.0,8,190.1590909,0.05625,0.055357143,0.0,0.0,Dec,1,1,7,3,Returning_Visitor,0,0,0.016100178890876567,Low Intent
13,246.5333333,0,0.0,26,892.0,0.0,0.01127451,0.0,0.0,Sep,2,6,1,3,Returning_Visitor,0,0,0.09202453987730061,Low Intent
6,145.0,0,0.0,13,644.0,0.0,0.013333333,0.0,0.0,Mar,2,2,1,2,New_Visitor,0,0,0.02480477721635278,Low Intent
1,115.0,0,0.0,48,1129.214286,0.008163265,0.010945092,0.0,0.0,May,1,1,2,1,Returning_Visitor,0,0,0.02480477721635278,Low Intent
2,33.5,0,0.0,8,556.0,0.0,0.015151515,0.0,0.0,Dec,2,2,1,2,New_Visitor,1,0,0.02480477721635278,Low Intent
0,0.0,0,0.0,5,89.86666667,0.04,0.06,0.0,0.0,Jul,3,2,5,4,Returning_Visitor,1,0,0.0012126111560226355,Low Intent
0,0.0,6,270.3333333,11,160.5,0.0,0.004761905,0.0,0.0,Mar,2,4,1,8,New_Visitor,0,0,0.0012126111560226355,Low Intent
0,0.0,0,0.0,11,547.5,0.018181818,0.024747475,0.0,1.0,May,3,3,3,1,Returning_Visitor,1,0,0.0012126111560226355,Low Intent
4,42.0,1,28.5,34,1367.0,0.0,0.001960784,0.0,0.0,Nov,2,2,3,2,Returning_Visitor,0,0,0.05405405405405406,Low Intent
4,31.6,0,0.0,9,1760.7,0.0,0.003333333,0.0,0.0,Nov,4,2,9,2,Returning_Visitor,0,0,0.05405405405405406,Low Intent
0,0.0,0,0.0,5,150.8,0.0,0.02,0.0,0.0,Aug,1,1,1,2,Returning_Visitor,0,0,0.0012126111560226355,Low Intent
8,117.5,0,0.0,8,104.5,0.0,0.016666667,0.0,0.0,Nov,1,1,2,2,Returning_Visitor,1,1,0.05405405405405406,Low Intent
3,63.0,0,0.0,31,770.5833333,0.005714286,0.023809524,0.0,0.0,Dec,2,2,1,8,Returning_Visitor,0,0,0.02480477721635278,Low Intent
2,66.26666667,1,348.6,6,233.1666667,0.044444444,0.046666667,11.12205139,0.0,Oct,3,2,3,7,Returning_Visitor,0,0,0.5756097560975609,Medium Intent
0,0.0,0,0.0,32,1297.75,0.0,0.0075,42.62274459,0.0,Nov,2,2,3,7,Returning_Visitor,0,1,0.964,High Intent
0,0.0,0,0.0,43,3747.833333,0.020930233,0.051162791,0.0,0.0,Jul,2,2,3,13,Returning_Visitor,0,0,0.0012126111560226355,Low Intent
3,22.0,0,0.0,10,53.83333333,0.025,0.0375,0.0,0.0,Dec,4,2,3,10,Returning_Visitor,1,0,0.02480477721635278,Low Intent
0,0.0,1,273.0,22,2386.0,0.0,0.020289855,0.0,0.0,Dec,2,2,6,2,New_Visitor,0,1,0.016100178890876567,Low Intent
0,0.0,0,0.0,68,746.8,0.002941176,0.011470588,0.0,0.0,May,2,2,1,13,Returning_Visitor,0,0,0.0012126111560226355,Low Intent
0,0.0,0,0.0,97,2300.891317,0.0,0.015730379,0.0,0.0,Nov,2,2,1,2,Returning_Visitor,0,0,0.2736318407960199,Low Intent
0,0.0,0,0.0,4,57.0,0.0,0.025,0.0,0.0,Mar,2,2,6,2,Returning_Visitor,0,0,0.0012126111560226355,Low Intent
3,112.0,0,0.0,4,111.6666667,0.0,0.028571429,0.0,0.0,May,3,2,4,5,Returning_Visitor,0,0,0.02480477721635278,Low Intent
2,128.8,2,49.3,13,700.55,0.0,0.005882353,0.0,0.0,Jul,2,2,6,2,New_Visitor,0,0,0.128,Low Intent
2,38.0,0,0.0,21,733.7,0.0,0.014035088,0.0,0.0,Mar,2,7,1,3,Returning_Visitor,1,0,0.02480477721635278,Low Intent
0,0.0,1,8.0,38,2370.729167,0.015384615,0.030433925,0.0,0.0,Nov,2,10,2,2,Returning_Visitor,0,0,0.16939890710382513,Low Intent
0,0.0,0,0.0,77,1750.371795,0.021367521,0.031794872,0.0,0.0,Aug,1,1,1,6,Returning_Visitor,0,0,0.0012126111560226355,Low Intent
1,27.33333333,0,0.0,3,20.0,0.028571429,0.085714286,0.0,0.0,Nov,1,1,4,8,Returning_Visitor,0,0,0.05405405405405406,Low Intent
5,249.1666667,0,0.0,22,1165.583333,0.0,0.001242236,0.0,0.0,Mar,2,2,8,2,New_Visitor,0,0,0.02480477721635278,Low Intent
0,0.0,0,0.0,3,275.0,0.0,0.05,32.89701477,0.0,Oct,3,2,2,2,New_Visitor,0,1,0.964,High Intent
0,0.0,0,0.0,5,178.8333333,0.0,0.04,0.0,0.0,Nov,2,2,7,13,Returning_Visitor,1,0,0.05405405405405406,Low Intent
0,0.0,0,0.0,5,155.25,0.0,0.12,0.0,0.0,Nov,1,1,1,1,Returning_Visitor,0,0,0.05405405405405406,Low Intent
3,58.06666667,0,0.0,5,86.0,0.0,0.0125,0.0,0.0,Mar,3,2,2,3,New_Visitor,0,0,0.02480477721635278,Low Intent
1,8.0,0,0.0,27,787.5357143,0.0,0.005142857,0.0,0.0,Nov,3,2,1,20,Returning_Visitor,0,0,0.05405405405405406,Low Intent
4,56.0,0,0.0,10,709.0,0.0,0.016666667,0.0,0.0,Mar,2,2,1,2,New_Visitor,0,0,0.02480477721635278,Low Intent
0,0.0,0,0.0,32,1080.047619,0.0,0.01015625,0.0,0.0,Mar,2,2,7,2,Returning_Visitor,0,0,0.0012126111560226355,Low Intent
1,18.0,0,0.0,24,1571.0,0.0,0.016666667,0.0,0.0,Mar,2,2,2,3,Returning_Visitor,0,0,0.02480477721635278,Low Intent
4,94.0,0,0.0,34,1159.666667,0.005714286,0.019142857,16.12416,0.0,May,1,8,1,4,Returning_Visitor,0,0,0.5756097560975609,Medium Intent
0,0.0,0,0.0,16,980.25,0.0,0.04,0.0,0.0,Mar,2,2,4,3,Returning_Visitor,0,0,0.0012126111560226355,Low Intent
1,33.5,0,0.0,33,880.6333333,0.0,0.034117647,0.0,0.0,Dec,2,2,4,3,Returning_Visitor,0,0,0.02480477721635278,Low Intent
0,0.0,0,0.0,17,935.25,0.0,0.009803922,0.0,0.0,Nov,2,2,1,2,New_Visitor,0,0,0.11790393013100436,Low Intent
1,0.0,1,80.16666667,29,759.75,0.0,0.019354839,0.0,0.0,Nov,2,2,1,2,Returning_Visitor,1,0,0.05405405405405406,Low Intent
0,0.0,0,0.0,2,22.0,0.05,0.066666667,0.0,0.0,Dec,3,2,7,20,Returning_Visitor,0,0,0.016100178890876567,Low Intent
3,57.0,1,163.0,36,2928.777778,0.002631579,0.021052632,0.0,0.0,May,2,10,2,5,Returning_Visitor,1,0,0.02480477721635278,Low Intent
18,1103.330357,8,696.8333333,359,12959.91515,0.000795756,0.008975428,7.231074783,0.0,Nov,2,2,1,2,Returning_Visitor,0,1,0.5,Medium Intent
5,159.0,0,0.0,17,438.4333333,0.003030303,0.027272727,0.0,0.0,Mar,1,1,3,3,Returning_Visitor,0,0,0.02480477721635278,Low Intent
0,0.0,0,0.0,6,81.75,0.0,0.066666667,0.0,0.0,Nov,2,2,1,3,Returning_Visitor,0,1,0.05405405405405406,Low Intent
3,53.5,0,0.0,26,1097.05,0.0,0.019605911,0.0,0.0,May,2,2,4,2,Returning_Visitor,0,0,0.02480477721635278,Low Intent
0,0.0,0,0.0,5,53.4,0.12,0.14,0.0,0.0,June,3,2,3,13,Returning_Visitor,1,0,0.0012126111560226355,Low Intent
0,0.0,0,0.0,91,4766.021032,0.0,0.009213483,0.0,0.0,Dec,2,2,1,2,New_Visitor,0,0,0.016100178890876567,Low Intent
8,130.55,4,214.1,18,385.75,0.0,0.013793103,0.0,0.0,Sep,2,2,6,4,New_Visitor,0,0,0.09202453987730061,Low Intent
0,0.0,0,0.0,3,105.0,0.0,0.033333333,0.0,0.0,Feb,3,2,1,5,Returning_Visitor,0,0,0.0012126111560226355,Low Intent
3,49.125,0,0.0,19,344.3452381,0.010526316,0.015789474,0.0,0.0,Nov,3,2,1,13,Returning_Visitor,0,0,0.05405405405405406,Low Intent
2,96.0,0,0.0,37,1238.5,0.005128205,0.016410256,0.0,0.0,Mar,2,2,1,2,New_Visitor,0,0,0.02480477721635278,Low Intent
3,81.0,1,0.0,28,499.6666667,0.0,0.022222222,0.0,0.0,Mar,2,6,1,1,Returning_Visitor,0,0,0.02480477721635278,Low Intent
3,31.2,0,0.0,4,36.2,0.028571429,0.057142857,0.0,0.0,June,2,2,3,2,Returning_Visitor,0,0,0.02480477721635278,Low Intent
8,63.0,0,0.0,36,1500.380952,0.010810811,0.01981982,14.33124324,0.0,May,2,2,2,4,Returning_Visitor,0,0,0.21727748691099477,Low Intent
3,106.75,0,0.0,5,137.3333333,0.0,0.005,0.0,0.0,Mar,3,2,1,2,New_Visitor,1,0,0.02480477721635278,Low Intent
0,0.0,1,110.0,20,402.3333333,0.028571429,0.052154195,0.0,0.6,May,2,2,3,13,Returning_Visitor,0,0,0.0012126111560226355,Low Intent
5,112.25,0,0.0,55,1170.711048,0.006779661,0.004699538,0.0,0.0,Nov,3,2,1,2,New_Visitor,1,0,0.11790393013100436,Low Intent
0,0.0,0,0.0,21,1535.0,0.01,0.048333333,0.0,0.0,Nov,2,2,7,3,Returning_Visitor,0,0,0.05405405405405406,Low Intent
4,135.6666667,0,0.0,28,615.8166667,0.007407407,0.016049383,0.0,0.0,May,1,1,1,4,Returning_Visitor,0,0,0.02480477721635278,Low Intent
8,199.625,2,10.0,81,4272.607937,0.002352941,0.018627451,0.0,0.0,Nov,2,2,1,2,Returning_Visitor,0,0,0.2736318407960199,Low Intent
0,0.0,0,0.0,62,2787.678571,0.003225806,0.015591398,57.48364657,0.0,Nov,4,2,1,1,Returning_Visitor,1,0,0.7857142857142857,High Intent
2,52.0,1,17.66666667,18,1262.0,0.0,0.00952381,0.0,0.0,Mar,2,2,1,2,New_Visitor,0,0,0.02480477721635278,Low Intent
0,0.0,0,0.0,4,90.5,0.1,0.166666667,0.0,0.0,Nov,3,2,1,10,Returning_Visitor,0,0,0.05405405405405406,Low Intent
2,1223.0,4,416.0,21,2755.67094,0.004545455,0.027575758,0.0,0.0,Mar,3,2,1,2,Returning_Visitor,1,0,0.02480477721635278,Low Intent
2,102.0,0,0.0,4,268.0,0.0,0.013333333,0.0,0.0,Mar,2,2,1,3,Returning_Visitor,1,0,0.02480477721635278,Low Intent
2,452.5,0,0.0,18,762.2380952,0.0,0.002352941,0.0,0.0,Nov,1,1,6,2,New_Visitor,0,0,0.11790393013100436,Low Intent
0,0.0,0,0.0,3,65.5,0.066666667,0.1,0.0,0.0,Nov,3,2,1,13,Returning_Visitor,0,0,0.05405405405405406,Low Intent
13,216.3333333,1,9.0,59,985.3151515,0.0,0.004545455,167.2308336,0.0,Nov,2,2,4,10,Returning_Visitor,1,1,0.5842696629213483,Medium Intent
0,0.0,0,0.0,4,0.0,0.2,0.2,0.0,0.0,Aug,2,2,2,4,Returning_Visitor,0,0,0.0012126111560226355,Low Intent
2,31.1,3,31.2,18,792.7333333,0.013043478,0.048115942,8.611221424,0.0,June,2,5,3,20,Returning_Visitor,0,0,0.3225806451612903,Medium Intent
0,0.0,0,0.0,3,53.0,0.066666667,0.088888889,0.0,0.0,Nov,1,1,3,2,Returning_Visitor,1,0,0.05405405405405406,Low Intent
9,146.25,0,0.0,25,575.0,0.006666667,0.019666667,0.0,0.0,May,3,2,3,4,Returning_Visitor,1,0,0.02480477721635278,Low Intent
3,294.2,2,108.9,60,1994.023778,0.022153846,0.037014927,0.0,0.0,Sep,3,2,6,2,Returning_Visitor,0,0,0.09202453987730061,Low Intent
0,0.0,1,426.2,10,157.0666667,0.0,0.016666667,32.73061637,0.0,Jul,2,2,3,2,Returning_Visitor,0,1,0.964,High Intent
0,0.0,0,0.0,65,1624.941667,0.0,0.0203125,0.0,0.0,Nov,2,6,2,11,Returning_Visitor,1,0,0.05405405405405406,Low Intent
4,114.3333333,0,0.0,55,1247.357143,0.001886792,0.010691824,0.0,0.0,May,3,2,3,4,Returning_Visitor,1,0,0.02480477721635278,Low Intent
0,0.0,0,0.0,14,561.6666667,0.0,0.025,0.0,0.0,Dec,2,2,9,10,Returning_Visitor,0,0,0.016100178890876567,Low Intent
0,0.0,0,0.0,4,47.0,0.0,0.05,0.0,0.0,Nov,2,2,3,11,Returning_Visitor,1,0,0.05405405405405406,Low Intent
2,11.0,0,0.0,14,101.25,0.0,0.014285714,0.0,0.8,May,2,2,3,2,Returning_Visitor,0,0,0.02480477721635278,Low Intent
3,59.5,0,0.0,2,13.1,0.0,0.008333333,0.0,0.0,Sep,1,1,4,5,New_Visitor,0,0,0.47058823529411764,Medium Intent
10,815.7666667,3,618.0,129,6657.151362,0.010917582,0.022102102,0.0,0.4,May,2,2,2,2,Returning_Visitor,0,0,0.02480477721635278,Low Intent
8,112.0,0,0.0,27,601.0864146,0.012643678,0.019984651,0.0,0.0,Dec,1,1,2,8,Returning_Visitor,0,0,0.02480477721635278,Low Intent
5,543.0,6,320.5,20,2039.0,0.0,0.016296296,25.38925926,0.0,May,2,2,1,2,Returning_Visitor,0,1,0.7888446215139442,High Intent
0,0.0,0,0.0,1,0.0,0.2,0.2,0.0,0.0,Nov,2,2,1,13,Returning_Visitor,0,0,0.05405405405405406,Low Intent
11,631.4166667,5,1037.15,501,21672.24425,0.003964723,0.014292461,9.131386805,0.0,Nov,2,2,1,2,Returning_Visitor,0,1,0.5,Medium Intent
0,0.0,0,0.0,3,12.0,0.066666667,0.133333333,0.0,0.0,May,2,4,3,6,Returning_Visitor,0,0,0.0012126111560226355,Low Intent
2,25.0,0,0.0,20,667.9166667,0.0,0.00952381,18.5847619,0.0,Mar,4,1,1,3,Returning_Visitor,0,0,0.7888446215139442,High Intent
9,137.3222222,1,418.5,41,1933.244444,0.006079027,0.021222361,0.0,0.0,Dec,2,2,1,2,Returning_Visitor,0,0,0.02480477721635278,Low Intent
6,171.1190476,0,0.0,22,472.752381,0.028571429,0.029761905,0.0,0.0,Nov,3,2,2,4,Returning_Visitor,0,0,0.05405405405405406,Low Intent
2,44.0,2,53.0,8,667.6666667,0.0,0.018181818,56.62363636,0.0,May,2,2,1,4,Returning_Visitor,1,1,0.7888446215139442,High Intent
4,378.75,1,0.0,15,638.9166667,0.010526316,0.031578947,0.0,0.0,Nov,2,2,1,2,New_Visitor,0,1,0.11790393013100436,Low Intent
0,0.0,0,0.0,1,340.2,0.066666667,0.075,0.0,0.0,May,1,1,3,2,Returning_Visitor,1,0,0.0012126111560226355,Low Intent
1,17.0,0,0.0,12,616.4,0.0,0.018181818,0.0,0.0,Mar,1,1,3,1,Returning_Visitor,1,0,0.02480477721635278,Low Intent
1,169.2,0,0.0,24,1433.163333,0.008333333,0.006944444,0.0,0.0,Aug,3,2,3,4,Returning_Visitor,1,1,0.02480477721635278,Low Intent
1,32.0,0,0.0,13,813.8,0.0,0.030769231,32.43738462,0.0,May,1,1,3,4,Returning_Visitor,1,0,0.964,High Intent
2,91.9,0,0.0,6,273.8,0.0,0.005,0.0,0.0,Sep,3,2,1,2,New_Visitor,1,0,0.09202453987730061,Low Intent
0,0.0,0,0.0,11,164.0,0.036363636,0.054545455,0.0,0.0,Jul,2,5,6,1,Returning_Visitor,0,0,0.0012126111560226355,Low Intent
3,29.0,0,0.0,8,160.5,0.0,0.025,0.0,0.0,May,2,2,9,3,Returning_Visitor,0,0,0.02480477721635278,Low Intent
0,0.0,0,0.0,4,41.0,0.1,0.15,0.0,0.4,May,2,2,1,2,Returning_Visitor,0,0,0.0012126111560226355,Low Intent
2,19.0,0,0.0,11,658.9166667,0.0,0.015384615,0.0,0.0,Dec,2,2,1,2,Returning_Visitor,0,0,0.02480477721635278,Low Intent
0,0.0,0,0.0,31,485.6333333,0.019354839,0.038709677,0.0,0.0,Jul,2,2,1,4,Returning_Visitor,0,0,0.0012126111560226355,Low Intent
1,28.2,0,0.0,1,0.0,0.0,0.05,0.0,0.0,Sep,1,1,1,5,New_Visitor,0,1,0.47058823529411764,Medium Intent
0,0.0,3,121.25,89,3296.602091,0.00326087,0.017287492,0.0,0.0,Dec,1,1,4,2,Returning_Visitor,0,0,0.016100178890876567,Low Intent
1,4.0,0,0.0,14,1319.833333,0.0,0.012222222,0.0,0.0,May,2,2,1,5,Returning_Visitor,0,0,0.02480477721635278,Low Intent
3,9.0,0,0.0,17,372.25,0.0,0.016666667,0.0,0.0,Nov,4,1,3,1,Returning_Visitor,0,0,0.05405405405405406,Low Intent
0,0.0,0,0.0,8,245.0,0.1,0.120833333,0.0,0.0,May,2,4,3,1,Returning_Visitor,0,0,0.0012126111560226355,Low Intent
6,103.9,3,50.2,9,1759.066667,0.011764706,0.024705882,0.0,0.0,Sep,1,1,7,5,Returning_Visitor,0,0,0.09202453987730061,Low Intent
3,28.65,0,0.0,9,75.05,0.066666667,0.111111111,0.0,0.0,Sep,3,2,4,3,Returning_Visitor,0,0,0.09202453987730061,Low Intent
0,0.0,0,0.0,2,70.0,0.0,0.1,0.0,0.0,May,1,1,1,4,Returning_Visitor,1,0,0.0012126111560226355,Low Intent
2,76.0,0,0.0,33,831.1111111,0.0,0.0125,77.97458009,0.0,Dec,2,2,4,2,Returning_Visitor,1,1,0.7888446215139442,High Intent
0,0.0,0,0.0,5,63.0,0.0,0.04,0.0,0.0,Feb,2,2,1,3,Returning_Visitor,0,0,0.0012126111560226355,Low Intent
0,0.0,0,0.0,2,26.5,0.0,0.05,0.0,0.0,Dec,3,2,1,1,Returning_Visitor,1,0,0.016100178890876567,Low Intent
0,0.0,0,0.0,7,277.1666667,0.028571429,0.05,0.0,0.0,Nov,3,2,4,13,Returning_Visitor,0,0,0.05405405405405406,Low Intent
0,0.0,0,0.0,90,601.7901961,0.002222222,0.012763533,0.0,0.8,May,2,2,3,1,Returning_Visitor,0,0,0.0012126111560226355,Low Intent
0,0.0,0,0.0,39,935.0972222,0.005128205,0.015042735,0.0,0.0,Dec,2,2,8,2,Returning_Visitor,0,0,0.016100178890876567,Low Intent
0,0.0,0,0.0,47,1423.0,0.004347826,0.013768116,0.0,0.0,Sep,2,2,7,1,Returning_Visitor,0,0,0.0012126111560226355,Low Intent
0,0.0,0,0.0,35,835.0666667,0.012571429,0.044761905,0.0,0.0,Mar,2,2,6,1,Returning_Visitor,0,0,0.0012126111560226355,Low Intent
1,0.0,0,0.0,7,37.0,0.083333333,0.108333333,0.0,0.6,May,1,1,2,4,Returning_Visitor,0,0,0.0012126111560226355,Low Intent
5,71.0,0,0.0,57,1422.909324,0.005263158,0.018891527,13.55041394,0.0,Nov,2,4,4,2,Returning_Visitor,0,1,0.7857142857142857,High Intent
0,0.0,0,0.0,14,124.75,0.0,0.028571429,0.0,0.0,Dec,4,6,4,2,Returning_Visitor,0,0,0.016100178890876567,Low Intent
0,0.0,0,0.0,24,754.3,0.0,0.0125,0.0,0.0,Nov,2,2,3,10,Returning_Visitor,0,0,0.05405405405405406,Low Intent
0,0.0,0,0.0,22,464.3833333,0.0,0.002272727,0.0,0.0,Nov,2,2,1,8,New_Visitor,0,0,0.11790393013100436,Low Intent
0,0.0,5,14.0,31,750.5904762,0.007407407,0.036957672,0.0,0.0,Mar,2,2,1,2,Returning_Visitor,0,0,0.0012126111560226355,Low Intent
0,0.0,0,0.0,32,1324.666667,0.056666667,0.09047619,10.3976,1.0,May,2,2,7,1,Returning_Visitor,1,0,0.3225806451612903,Medium Intent
4,147.6666667,2,96.33333333,46,1041.316345,0.000571429,0.013478622,2.690792571,0.0,May,2,2,6,4,Returning_Visitor,1,0,0.3225806451612903,Medium Intent
6,85.2,0,0.0,11,203.0,0.0,0.0,0.0,0.0,Nov,2,2,5,2,Returning_Visitor,0,0,0.05405405405405406,Low Intent
5,74.75,3,86.75,51,2003.375779,0.0,0.008874272,44.33548922,0.0,Nov,2,2,7,2,Returning_Visitor,0,0,0.7888446215139442,High Intent
0,0.0,0,0.0,11,205.7,0.0,0.022222222,18.85086521,0.0,Dec,1,1,1,8,New_Visitor,0,1,0.7916666666666666,High Intent
4,55.0,0,0.0,2,13.0,0.0,0.028571429,0.0,0.0,Dec,2,10,4,2,New_Visitor,0,1,0.02480477721635278,Low Intent
0,0.0,0,0.0,8,126.25,0.0,0.05,0.0,0.0,Dec,2,2,3,2,New_Visitor,1,0,0.016100178890876567,Low Intent
0,0.0,0,0.0,3,117.0,0.066666667,0.1,0.0,0.0,May,3,2,1,11,Returning_Visitor,0,0,0.0012126111560226355,Low Intent
1,94.0,0,0.0,10,332.75,0.0,0.02,0.0,0.0,May,2,2,3,6,Returning_Visitor,0,0,0.02480477721635278,Low Intent
0,0.0,0,0.0,13,517.4,0.0,0.034285714,4.856377111,0.0,Nov,2,2,1,20,Returning_Visitor,1,1,0.5813953488372093,Medium Intent
1,0.0,0,0.0,11,297.3,0.0,0.041666667,0.0,0.0,May,2,2,4,2,Returning_Visitor,0,0,0.0012126111560226355,Low Intent
6,257.5,0,0.0,37,2533.333333,0.014634146,0.031707317,6.651334683,0.0,Nov,2,2,3,1,Returning_Visitor,0,1,0.39849624060150374,Medium Intent
9,283.25,0,0.0,38,1166.166667,0.0,0.004761905,18.60589711,0.0,Nov,1,1,9,20,New_Visitor,0,1,0.5842696629213483,Medium Intent
0,0.0,3,103.1666667,21,1586.333333,0.016666667,0.033333333,0.0,0.0,May,2,2,1,2,Returning_Visitor,0,0,0.0012126111560226355,Low Intent
0,0.0,3,44.0,52,1216.364286,0.050909091,0.073225108,0.0,0.0,Sep,3,2,1,13,Returning_Visitor,1,0,0.0012126111560226355,Low Intent
3,156.8,4,262.75,12,350.4253968,0.002614379,0.041356389,0.0,0.4,May,3,2,1,4,Returning_Visitor,0,0,0.02480477721635278,Low Intent
0,0.0,0,0.0,26,781.5,0.007692308,0.030769231,0.0,0.2,May,2,2,2,3,Returning_Visitor,0,0,0.0012126111560226355,Low Intent
17,446.9333333,8,597.5833333,62,2350.667857,0.007452575,0.033986814,79.48403933,0.0,Dec,1,1,7,10,Returning_Visitor,0,0,0.21727748691099477,Low Intent
0,0.0,0,0.0,10,226.8333333,0.0,0.01,0.0,0.0,Mar,1,1,1,2,Returning_Visitor,1,0,0.0012126111560226355,Low Intent
0,0.0,0,0.0,10,357.5555556,0.0,0.022222222,0.0,0.0,Dec,1,8,3,11,New_Visitor,0,0,0.016100178890876567,Low Intent
11,104.9733333,2,41.2,27,572.8733333,0.0,0.011111111,23.5504394,0.0,Oct,2,4,1,1,Returning_Visitor,0,0,0.5842696629213483,Medium Intent
1,85.0,0,0.0,14,306.5,0.0,0.004444444,0.0,0.0,Mar,2,2,3,2,Returning_Visitor,0,0,0.02480477721635278,Low Intent
2,8.5,0,0.0,45,848.2051282,0.004347826,0.022463768,0.0,0.0,May,4,1,1,1,Returning_Visitor,1,0,0.02480477721635278,Low Intent
0,0.0,0,0.0,12,293.5,0.05,0.075,0.0,0.6,May,3,2,1,13,Returning_Visitor,0,0,0.0012126111560226355,Low Intent
9,252.667619,1,0.0,67,1060.693791,0.022685185,0.029967788,0.131837013,0.0,Oct,3,2,1,13,Returning_Visitor,0,1,0.02480477721635278,Low Intent
3,46.0,0,0.0,59,3478.75,0.0,0.013559322,0.0,0.0,Nov,2,10,3,1,Returning_Visitor,1,0,0.16939890710382513,Low Intent
0,0.0,0,0.0,2,135.0,0.0,0.1,0.0,0.0,Mar,1,1,1,2,Returning_Visitor,0,0,0.0012126111560226355,Low Intent
0,0.0,0,0.0,1,0.0,0.2,0.2,0.0,0.0,May,2,2,1,13,Returning_Visitor,0,0,0.0012126111560226355,Low Intent
4,139.0,1,146.0,26,1740.45,0.016666667,0.03,0.0,0.0,May,1,1,6,2,Returning_Visitor,1,0,0.02480477721635278,Low Intent
6,110.0,0,0.0,21,884.3333333,0.0,0.016231884,17.94797101,0.0,May,1,2,5,2,Returning_Visitor,0,0,0.7888446215139442,High Intent
3,32.1,0,0.0,3,21.1,0.028571429,0.042857143,0.0,0.0,June,3,2,6,5,New_Visitor,0,0,0.02480477721635278,Low Intent
2,29.5,0,0.0,36,1110.666667,0.005405405,0.035585586,0.0,0.0,Dec,2,4,9,2,Returning_Visitor,1,0,0.02480477721635278,Low Intent
4,85.92857143,0,0.0,39,681.7619048,0.015384615,0.032988166,0.0,0.0,May,1,1,7,3,Returning_Visitor,0,0,0.02480477721635278,Low Intent
0,0.0,0,0.0,22,337.1,0.0,0.027272727,0.0,0.0,Aug,2,4,1,3,Returning_Visitor,0,0,0.0012126111560226355,Low Intent
0,0.0,0,0.0,10,385.0,0.0,0.022222222,0.0,0.0,Dec,2,2,3,2,New_Visitor,1,0,0.016100178890876567,Low Intent
0,0.0,0,0.0,22,1190.941667,0.0,0.003174603,0.0,0.0,Nov,3,2,2,6,New_Visitor,1,0,0.11790393013100436,Low Intent
0,0.0,0,0.0,21,304.5416667,0.00952381,0.023809524,0.0,0.0,Dec,2,2,3,10,Returning_Visitor,0,0,0.016100178890876567,Low Intent
0,0.0,0,0.0,1,0.0,0.2,0.2,0.0,0.0,May,2,2,9,3,Returning_Visitor,0,0,0.0012126111560226355,Low Intent
0,0.0,0,0.0,3,208.5,0.111111111,0.1,0.0,0.2,May,3,2,2,13,Returning_Visitor,0,0,0.0012126111560226355,Low Intent
1,63.5,0,0.0,7,58.9,0.0,0.025,0.0,0.0,Dec,1,1,2,2,New_Visitor,0,0,0.02480477721635278,Low Intent
0,0.0,0,0.0,13,208.8333333,0.030769231,0.088461538,0.0,0.4,May,2,2,6,4,Returning_Visitor,0,0,0.0012126111560226355,Low Intent
6,124.8611111,3,243.0,25,1971.194444,0.007142857,0.030238095,24.897,0.0,May,2,2,5,4,Returning_Visitor,0,1,0.21727748691099477,Low Intent
8,217.4,2,67.4,24,428.3,0.0,0.007142857,0.0,0.0,Sep,2,4,4,5,New_Visitor,0,0,0.09202453987730061,Low Intent
2,114.0,0,0.0,24,368.3333333,0.092592593,0.114285714,0.0,0.4,May,3,2,4,3,Returning_Visitor,0,0,0.02480477721635278,Low Intent
0,0.0,0,0.0,1,0.0,0.2,0.2,0.0,0.0,Feb,2,2,7,3,Returning_Visitor,0,0,0.0012126111560226355,Low Intent
4,82.66666667,0,0.0,8,142.0,0.0,0.002857143,0.0,0.0,May,3,2,1,4,Returning_Visitor,0,0,0.02480477721635278,Low Intent
2,56.2,0,0.0,102,5978.180357,0.004692308,0.020329446,15.25033754,0.6,May,2,2,3,2,Returning_Visitor,0,0,0.21727748691099477,Low Intent
0,0.0,0,0.0,12,892.0833333,0.016666667,0.045833333,0.0,0.0,Dec,2,2,6,2,New_Visitor,0,0,0.016100178890876567,Low Intent
0,0.0,0,0.0,3,242.0,0.066666667,0.133333333,0.0,0.0,May,3,2,4,3,Returning_Visitor,0,0,0.0012126111560226355,Low Intent
2,152.0,0,0.0,13,241.5833333,0.013333333,0.013333333,0.0,0.0,Sep,1,1,1,2,New_Visitor,0,0,0.09202453987730061,Low Intent
6,1672.033333,0,0.0,28,518.3966667,0.006060606,0.013333333,0.0,0.0,Oct,2,2,3,2,Returning_Visitor,1,0,0.02480477721635278,Low Intent
2,42.2,0,0.0,17,440.2261905,0.026315789,0.023684211,0.0,0.0,Jul,3,2,3,1,Returning_Visitor,0,0,0.128,Low Intent
2,337.6,0,0.0,2,8.0,0.0,0.04,0.0,0.0,Nov,2,2,1,2,New_Visitor,0,1,0.11790393013100436,Low Intent
0,0.0,0,0.0,16,177.5,0.025,0.0875,0.0,0.6,May,4,2,1,6,Returning_Visitor,0,0,0.0012126111560226355,Low Intent
0,0.0,0,0.0,6,243.0,0.0,0.033333333,0.0,0.0,Feb,2,4,4,1,Returning_Visitor,0,0,0.0012126111560226355,Low Intent
4,87.25,0,0.0,37,1336.208333,0.009756098,0.03902439,0.0,0.0,Nov,2,2,1,1,Returning_Visitor,0,0,0.05405405405405406,Low Intent
3,14.0,0,0.0,3,18.0,0.0,0.04,0.0,0.0,Dec,2,4,3,8,Other,0,0,0.02480477721635278,Low Intent
0,0.0,0,0.0,4,34.0,0.1,0.15,0.0,0.0,Mar,3,2,6,1,Returning_Visitor,0,0,0.0012126111560226355,Low Intent
3,86.95,6,173.2,17,481.31,0.0,0.0,27.69500776,0.0,Nov,2,2,9,20,New_Visitor,0,1,0.7888446215139442,High Intent
0,0.0,0,0.0,4,247.0,0.0,0.05,0.0,0.2,May,2,2,1,2,Returning_Visitor,0,0,0.0012126111560226355,Low Intent
0,0.0,0,0.0,1,0.0,0.2,0.2,0.0,0.0,Mar,1,1,8,1,Returning_Visitor,0,0,0.0012126111560226355,Low Intent
0,0.0,0,0.0,29,438.8666667,0.0,0.020689655,0.0,0.0,Mar,4,2,3,1,Returning_Visitor,1,0,0.0012126111560226355,Low Intent
3,94.6,0,0.0,1,4.0,0.0,0.05,0.0,0.0,Jul,2,2,1,2,New_Visitor,0,0,0.128,Low Intent
7,46.2,0,0.0,22,280.0466667,0.00952381,0.012698413,0.0,0.0,Aug,2,2,1,3,New_Visitor,1,0,0.02480477721635278,Low Intent
0,0.0,0,0.0,44,615.0,0.013636364,0.036363636,0.0,0.0,Dec,4,1,3,1,Returning_Visitor,0,0,0.016100178890876567,Low Intent
6,145.0,0,0.0,85,1704.580556,0.002930403,0.02539857,0.0,0.0,Nov,1,2,3,2,Returning_Visitor,0,1,0.05405405405405406,Low Intent
0,0.0,0,0.0,11,431.1666667,0.0,0.004545455,0.0,0.0,Nov,1,1,1,2,Returning_Visitor,0,0,0.05405405405405406,Low Intent
0,0.0,0,0.0,42,844.58,0.05952381,0.085396825,0.0,0.0,Oct,3,2,1,3,Returning_Visitor,0,0,0.0012126111560226355,Low Intent
0,0.0,0,0.0,16,588.3333333,0.0,0.025,0.0,0.0,Feb,2,4,1,1,Returning_Visitor,0,0,0.0012126111560226355,Low Intent
0,0.0,0,0.0,45,2347.333333,0.004545455,0.015909091,0.0,0.0,Nov,2,4,1,1,Returning_Visitor,0,0,0.16939890710382513,Low Intent
0,0.0,0,0.0,10,345.25,0.02,0.04,0.0,0.0,May,2,4,3,3,Returning_Visitor,0,0,0.0012126111560226355,Low Intent
2,96.0,0,0.0,5,122.0,0.028571429,0.05,0.0,0.0,May,1,1,1,15,Returning_Visitor,1,0,0.02480477721635278,Low Intent
0,0.0,1,1729.0,19,1401.083333,0.02,0.05,0.0,0.0,Dec,2,2,1,3,Returning_Visitor,0,0,0.016100178890876567,Low Intent
0,0.0,0,0.0,12,442.5,0.0,0.008333333,0.0,0.0,Nov,2,2,1,2,New_Visitor,0,0,0.11790393013100436,Low Intent
3,90.6,0,0.0,21,608.3033333,0.0,0.026666667,0.0,0.0,Sep,2,2,3,2,Returning_Visitor,0,0,0.09202453987730061,Low Intent
3,214.6,0,0.0,59,1992.733333,0.003225806,0.034331797,13.18078221,0.0,Aug,2,2,1,2,Returning_Visitor,1,0,0.21727748691099477,Low Intent
9,268.5,0,0.0,8,407.5,0.0,0.0275,0.0,0.0,Dec,3,2,3,8,Returning_Visitor,0,0,0.02480477721635278,Low Intent
0,0.0,0,0.0,5,72.5,0.0,0.04,0.0,0.0,May,2,6,6,3,Returning_Visitor,0,0,0.0012126111560226355,Low Intent
4,194.4,0,0.0,12,182.5142857,0.0,0.001666667,0.0,0.0,Oct,1,1,6,2,Returning_Visitor,0,0,0.02480477721635278,Low Intent
15,419.1795254,0,0.0,110,10278.90421,0.0128,0.02480939,14.4030575,0.0,Oct,2,2,3,3,Returning_Visitor,0,0,0.21727748691099477,Low Intent
5,74.25,2,84.0,37,1599.083333,0.0,0.006578947,0.0,0.0,Mar,2,2,4,1,Returning_Visitor,0,0,0.02480477721635278,Low Intent
0,0.0,0,0.0,1,0.0,0.2,0.2,0.0,0.0,May,1,1,1,1,Returning_Visitor,0,0,0.0012126111560226355,Low Intent
0,0.0,0,0.0,59,3033.689449,0.00756193,0.015479685,0.0,0.0,Nov,1,2,3,2,Returning_Visitor,0,0,0.16939890710382513,Low Intent
0,0.0,0,0.0,17,1731.625,0.0,0.035294118,0.0,0.0,Dec,2,2,1,3,Returning_Visitor,0,0,0.016100178890876567,Low Intent
0,0.0,1,56.0,17,1385.833333,0.005882353,0.017647059,39.85866667,0.0,Mar,2,2,1,2,Returning_Visitor,0,1,0.47761194029850745,Medium Intent
15,317.0189394,3,126.75,238,9956.225533,0.0052,0.016955684,6.556237434,0.0,Nov,2,4,3,1,Returning_Visitor,1,1,0.5,Medium Intent
4,69.96666667,0,0.0,28,2728.755,0.0,0.009313725,0.0,0.0,Oct,1,1,1,5,Returning_Visitor,0,0,0.02480477721635278,Low Intent
0,0.0,0,0.0,37,456.15,0.121621622,0.131891892,0.0,0.0,Jul,3,2,1,3,Returning_Visitor,1,0,0.0012126111560226355,Low Intent
3,183.0,0,0.0,190,6375.065753,0.00938918,0.020211611,0.0,0.0,Nov,2,2,1,2,Returning_Visitor,0,0,0.2736318407960199,Low Intent
0,0.0,0,0.0,9,250.5,0.0,0.044444444,0.0,0.0,Mar,3,2,7,1,Returning_Visitor,1,0,0.0012126111560226355,Low Intent
0,0.0,0,0.0,16,407.75,0.01875,0.025833333,0.0,0.4,Feb,1,1,4,3,Returning_Visitor,0,0,0.0012126111560226355,Low Intent
0,0.0,0,0.0,6,279.0,0.0,0.033333333,0.0,0.0,Dec,1,2,3,10,Returning_Visitor,1,0,0.016100178890876567,Low Intent
8,183.0,4,571.5,14,333.6,0.0,0.01,15.43344,0.0,Mar,1,1,1,2,Returning_Visitor,1,1,0.5842696629213483,Medium Intent
1,16.0,0,0.0,77,3586.833333,0.0,0.012575758,0.0,0.0,Dec,2,2,1,2,Returning_Visitor,0,0,0.02480477721635278,Low Intent
0,0.0,0,0.0,1,0.0,0.2,0.2,0.0,0.0,May,2,4,4,3,Returning_Visitor,0,0,0.0012126111560226355,Low Intent
2,11.0,0,0.0,51,2855.166667,0.0,0.012745098,0.0,0.0,Nov,2,2,4,3,Returning_Visitor,0,0,0.16939890710382513,Low Intent
0,0.0,0,0.0,1,0.0,0.2,0.2,0.0,0.0,Sep,1,1,2,2,Returning_Visitor,0,0,0.0012126111560226355,Low Intent
4,738.0,0,0.0,21,664.3333333,0.0,0.015277778,0.0,0.0,May,2,2,1,2,Returning_Visitor,1,0,0.02480477721635278,Low Intent
0,0.0,0,0.0,43,813.8,0.023255814,0.03255814,0.0,0.6,May,2,5,1,2,Returning_Visitor,0,0,0.0012126111560226355,Low Intent
0,0.0,0,0.0,40,974.0833333,0.006837607,0.028205128,0.0,0.0,Nov,2,2,1,3,Returning_Visitor,0,0,0.05405405405405406,Low Intent
0,0.0,0,0.0,2,0.0,0.2,0.2,0.0,0.0,Nov,3,2,1,13,Returning_Visitor,1,0,0.05405405405405406,Low Intent
0,0.0,1,16.0,25,902.0833333,0.0,0.007692308,0.0,0.0,Dec,3,3,3,2,New_Visitor,0,1,0.016100178890876567,Low Intent
8,235.1861702,2,138.5,71,2512.51742,0.006349206,0.025572609,0.0,0.0,Nov,3,2,1,2,Returning_Visitor,1,1,0.16939890710382513,Low Intent
0,0.0,0,0.0,9,339.5,0.0,0.013888889,0.0,0.0,Dec,1,2,3,2,New_Visitor,1,0,0.016100178890876567,Low Intent
2,229.5,2,29.75,8,212.75,0.0,0.025,0.0,0.0,Dec,3,2,3,2,New_Visitor,0,0,0.02480477721635278,Low Intent
4,50.0,4,486.6666667,6,555.6666667,0.0,0.008333333,0.0,0.0,Dec,3,2,1,2,Returning_Visitor,0,0,0.02480477721635278,Low Intent
10,312.0,0,0.0,18,782.5,0.0,0.002105263,0.0,0.0,May,3,2,1,18,Returning_Visitor,1,0,0.02480477721635278,Low Intent
5,158.0,0,0.0,56,2220.871465,0.003389831,0.006327684,10.24598305,0.0,May,2,2,2,2,Returning_Visitor,0,0,0.21727748691099477,Low Intent
0,0.0,0,0.0,12,396.5,0.0,0.037222222,0.0,0.0,Mar,2,4,3,2,Returning_Visitor,0,0,0.0012126111560226355,Low Intent
2,45.25,1,0.0,42,4126.448611,0.000775194,0.013436693,0.0,0.0,Dec,2,2,7,2,Returning_Visitor,0,0,0.02480477721635278,Low Intent
5,28.58333333,0,0.0,45,649.8632035,0.006122449,0.02755102,0.0,0.0,Jul,3,2,6,5,Returning_Visitor,0,0,0.128,Low Intent
0,0.0,0,0.0,37,651.0,0.005405405,0.018918919,0.0,0.0,Mar,2,2,3,1,Returning_Visitor,0,0,0.0012126111560226355,Low Intent
0,0.0,0,0.0,231,11246.13379,0.001746725,0.010029112,0.0,0.0,Nov,2,2,3,2,Returning_Visitor,1,0,0.2736318407960199,Low Intent
3,54.0,0,0.0,20,262.9,0.008333333,0.055555556,0.0,0.0,Dec,2,2,1,2,Returning_Visitor,0,0,0.02480477721635278,Low Intent
4,282.1,0,0.0,7,107.6,0.0,0.011111111,0.0,0.0,Aug,1,1,2,5,New_Visitor,0,0,0.02480477721635278,Low Intent
5,145.0,2,349.0,33,2161.133333,0.012820513,0.044786325,16.58165201,0.0,Nov,2,2,7,1,Returning_Visitor,0,1,0.39849624060150374,Medium Intent
0,0.0,0,0.0,2,69.5,0.0,0.1,0.0,0.0,Nov,4,5,9,11,New_Visitor,0,0,0.11790393013100436,Low Intent
0,0.0,0,0.0,9,171.0,0.022222222,0.066666667,0.0,0.0,Mar,2,10,4,3,Returning_Visitor,0,0,0.0012126111560226355,Low Intent
14,160.1115392,6,1079.833333,154,7405.360281,0.004924242,0.021452975,8.533928457,0.0,Nov,4,1,4,1,Returning_Visitor,0,1,0.7428571428571429,High Intent
0,0.0,0,0.0,9,463.4,0.0,0.022222222,0.0,0.0,Oct,3,2,1,2,New_Visitor,0,0,0.0012126111560226355,Low Intent
3,29.25,0,0.0,32,1729.75,0.0,0.005714286,16.7293697,0.0,Dec,2,4,3,2,New_Visitor,0,1,0.7888446215139442,High Intent
3,285.2,0,0.0,23,619.48,0.007692308,0.034615385,8.342755887,0.0,Jul,2,4,2,4,Returning_Visitor,0,0,0.3225806451612903,Medium Intent
0,0.0,0,0.0,9,608.75,0.0,0.025,42.422531,0.0,Dec,2,2,9,2,Returning_Visitor,0,1,0.964,High Intent
0,0.0,0,0.0,2,63.5,0.0,0.1,0.0,0.0,Nov,2,4,1,1,Returning_Visitor,0,0,0.05405405405405406,Low Intent
3,187.0,2,41.0,48,1769.697383,0.000606061,0.011616162,16.71534488,0.0,Mar,2,2,3,2,Returning_Visitor,0,0,0.47761194029850745,Medium Intent
7,229.75,0,0.0,33,760.6190476,0.0,0.011111111,51.86660251,0.0,Nov,2,2,3,2,New_Visitor,0,1,0.5842696629213483,Medium Intent
0,0.0,0,0.0,38,935.0,0.0,0.007769424,0.0,0.0,Nov,2,2,3,11,New_Visitor,0,0,0.11790393013100436,Low Intent
8,102.0,0,0.0,83,1495.580952,0.0,0.002298851,82.12367816,0.0,May,4,1,7,4,New_Visitor,1,1,0.5842696629213483,Medium Intent
1,299.0,0,0.0,4,212.5,0.0,0.04,0.0,0.0,May,2,2,2,1,Returning_Visitor,1,0,0.02480477721635278,Low Intent
5,100.0,0,0.0,7,137.25,0.02,0.05,0.0,0.0,Dec,1,2,3,3,New_Visitor,0,0,0.02480477721635278,Low Intent
0,0.0,0,0.0,28,4446.625,0.030952381,0.07047619,0.0,0.0,Nov,2,5,1,3,Returning_Visitor,0,0,0.16939890710382513,Low Intent
2,48.83333333,6,370.875,22,526.0281385,0.032142857,0.032738095,22.93531071,0.6,May,1,1,1,2,Returning_Visitor,0,0,0.5756097560975609,Medium Intent
2,34.0,0,0.0,21,521.5,0.018181818,0.021212121,0.0,0.0,Mar,3,2,5,1,Returning_Visitor,1,0,0.02480477721635278,Low Intent
0,0.0,0,0.0,2,0.0,0.2,0.2,0.0,0.0,Nov,2,10,2,10,Returning_Visitor,0,0,0.05405405405405406,Low Intent
0,0.0,0,0.0,11,188.4583333,0.0,0.009090909,0.0,0.0,Nov,1,1,1,8,New_Visitor,0,0,0.11790393013100436,Low Intent
0,0.0,1,55.0,38,1377.409524,0.000877193,0.018859649,0.0,0.0,May,2,2,2,4,Returning_Visitor,0,0,0.0012126111560226355,Low Intent
0,0.0,0,0.0,13,266.8,0.0,0.015384615,0.0,0.0,Jul,2,5,7,4,Returning_Visitor,0,0,0.0012126111560226355,Low Intent
0,0.0,0,0.0,32,707.7,0.025,0.084375,0.0,0.0,June,2,2,6,13,Returning_Visitor,0,0,0.0012126111560226355,Low Intent
3,25.6,0,0.0,10,327.7733333,0.0,0.013095238,11.78466261,0.0,Jul,1,1,1,5,Returning_Visitor,0,1,0.5813953488372093,Medium Intent
0,0.0,0,0.0,6,81.66666667,0.0,0.066666667,0.0,0.0,Dec,2,2,7,2,Returning_Visitor,1,0,0.016100178890876567,Low Intent
7,191.2,4,654.3333333,31,1204.600433,0.000854701,0.013342491,11.92009615,0.0,Mar,2,2,7,2,Returning_Visitor,0,1,0.5756097560975609,Medium Intent
0,0.0,0,0.0,1,0.0,0.2,0.2,0.0,0.0,Aug,2,2,3,1,Returning_Visitor,0,0,0.0012126111560226355,Low Intent
0,0.0,0,0.0,26,532.0,0.030769231,0.044230769,0.0,0.0,Nov,2,2,1,1,Returning_Visitor,0,0,0.05405405405405406,Low Intent
1,26.2,0,0.0,92,2451.346667,0.007692308,0.021318681,0.0,0.0,Jul,4,1,3,1,Returning_Visitor,0,0,0.128,Low Intent
1,77.0,1,335.0,33,3583.166667,0.02,0.045170068,11.15734286,0.0,May,2,2,3,11,Returning_Visitor,1,0,0.21727748691099477,Low Intent
0,0.0,2,19.0,22,2267.833333,0.0,0.041666667,0.0,0.0,Nov,2,2,1,1,Returning_Visitor,0,0,0.16939890710382513,Low Intent
2,46.4,0,0.0,16,463.36,0.0,0.011111111,46.33991252,0.0,Sep,2,2,7,2,Returning_Visitor,0,1,0.7888446215139442,High Intent
9,145.7708333,8,408.5,139,6566.867562,0.003477444,0.015531015,67.39709637,0.0,Nov,2,2,3,2,Returning_Visitor,1,0,0.7857142857142857,High Intent
0,0.0,0,0.0,10,379.0833333,0.0,0.0125,0.0,0.0,Dec,3,12,1,1,Returning_Visitor,1,0,0.016100178890876567,Low Intent
1,5.0,0,0.0,13,271.0,0.0,0.003571429,0.0,0.0,Mar,1,1,2,2,New_Visitor,1,0,0.02480477721635278,Low Intent
8,105.5644231,5,249.0,128,3158.561476,0.005474453,0.005815392,5.472974626,0.0,May,1,1,6,13,Returning_Visitor,0,0,0.21727748691099477,Low Intent
0,0.0,0,0.0,38,624.5,0.005263158,0.021052632,0.0,0.0,Nov,4,1,9,3,Returning_Visitor,0,0,0.05405405405405406,Low Intent
14,484.4615789,2,14.0,33,898.4915789,0.004269006,0.03466118,0.0,0.0,Sep,1,8,1,3,Returning_Visitor,0,0,0.09202453987730061,Low Intent
1,5.0,0,0.0,21,411.0833333,0.015789474,0.016140351,0.0,0.0,Nov,3,2,7,3,Returning_Visitor,0,0,0.05405405405405406,Low Intent
13,399.75,3,47.75,61,1458.993056,0.001785714,0.01655198,17.49721917,0.0,Nov,1,1,1,2,New_Visitor,0,0,0.5,Medium Intent
6,144.8333333,0,0.0,23,1007.233333,0.0,0.027586207,19.57059225,0.0,Oct,2,2,1,2,Returning_Visitor,0,0,0.7888446215139442,High Intent
1,87.0,3,40.0,17,546.0,0.0,0.004761905,0.0,0.0,Mar,3,6,1,1,Returning_Visitor,1,0,0.02480477721635278,Low Intent
0,0.0,0,0.0,102,4509.0,0.011764706,0.037679739,0.0,0.0,Nov,2,2,7,1,Returning_Visitor,0,0,0.2736318407960199,Low Intent
0,0.0,0,0.0,14,313.0178571,0.0,0.016071429,0.0,0.0,Nov,3,2,4,2,Returning_Visitor,0,0,0.05405405405405406,Low Intent
0,0.0,0,0.0,4,52.3,0.0,0.1,0.0,0.0,Aug,2,2,6,5,Returning_Visitor,0,0,0.0012126111560226355,Low Intent
3,113.1,0,0.0,17,237.6066667,0.0,0.033333333,94.10360412,0.0,Oct,1,1,2,4,Returning_Visitor,0,1,0.7888446215139442,High Intent
7,167.0083333,0,0.0,40,978.0916667,0.001136364,0.016060606,0.0,0.0,Dec,3,2,2,2,Returning_Visitor,0,0,0.02480477721635278,Low Intent
0,0.0,0,0.0,23,255.6388889,0.0,0.005454545,0.0,0.0,May,3,2,4,2,Returning_Visitor,0,0,0.0012126111560226355,Low Intent
4,133.5833333,2,64.0,67,1222.470924,0.014414414,0.025810811,6.094324324,0.0,May,3,2,2,4,Returning_Visitor,0,1,0.3225806451612903,Medium Intent
9,335.1666667,5,219.0,107,6235.06603,0.005309735,0.016223404,0.0,0.0,Nov,1,1,1,2,Returning_Visitor,0,0,0.2736318407960199,Low Intent
6,104.1136364,3,95.0,95,2411.789279,0.0,0.01068254,16.78420229,0.0,May,3,2,5,6,Returning_Visitor,0,0,0.7888446215139442,High Intent
0,0.0,0,0.0,4,135.6666667,0.05,0.025,0.0,0.4,Feb,3,3,1,4,Returning_Visitor,0,0,0.0012126111560226355,Low Intent
3,208.0,0,0.0,16,1037.819444,0.020833333,0.028125,0.0,0.0,Nov,1,1,1,8,Returning_Visitor,1,0,0.05405405405405406,Low Intent
0,0.0,0,0.0,7,304.3333333,0.0,0.033333333,0.0,0.0,May,1,1,1,2,New_Visitor,1,0,0.0012126111560226355,Low Intent
1,18.2,0,0.0,0,0.0,0.0,0.066666667,0.0,0.0,Oct,2,4,1,5,New_Visitor,0,0,0.02480477721635278,Low Intent
1,3.0,0,0.0,14,128.0,0.0,0.028571429,0.0,0.0,Mar,2,2,1,2,Returning_Visitor,0,0,0.02480477721635278,Low Intent
0,0.0,0,0.0,10,450.0,0.0,0.014,0.0,0.8,May,3,2,1,13,Returning_Visitor,0,0,0.0012126111560226355,Low Intent
7,145.0,1,37.5,130,5252.861501,0.004411765,0.012009804,0.680988542,0.0,Nov,2,2,4,2,Returning_Visitor,0,1,0.2736318407960199,Low Intent
0,0.0,0,0.0,6,117.5,0.0,0.033333333,0.0,0.8,Feb,1,1,1,3,Returning_Visitor,1,0,0.0012126111560226355,Low Intent
0,0.0,0,0.0,56,2749.15,0.000595238,0.023809524,0.0,0.0,Nov,2,2,1,8,Returning_Visitor,0,1,0.16939890710382513,Low Intent
11,286.9333333,0,0.0,119,7609.82065,0.0032,0.015231111,0.0,0.0,Dec,2,2,3,1,Returning_Visitor,0,0,0.02480477721635278,Low Intent
0,0.0,0,0.0,8,64.6,0.05,0.075,0.0,0.0,Jul,2,2,2,13,Returning_Visitor,0,0,0.0012126111560226355,Low Intent
0,0.0,0,0.0,22,849.8333333,0.0,0.021212121,0.0,0.0,Nov,2,2,1,3,Returning_Visitor,0,0,0.05405405405405406,Low Intent
0,0.0,0,0.0,38,1244.35,0.039473684,0.053909774,0.0,0.0,Dec,1,1,1,2,Returning_Visitor,0,0,0.016100178890876567,Low Intent
2,738.0,0,0.0,26,1840.666667,0.008,0.042,0.0,0.0,May,2,2,7,13,Returning_Visitor,0,0,0.02480477721635278,Low Intent
0,0.0,0,0.0,18,495.0,0.011111111,0.03,0.0,0.8,May,3,2,1,13,Returning_Visitor,0,0,0.0012126111560226355,Low Intent
2,18.0,4,15.0,30,569.1190476,0.0,0.04,0.0,0.0,May,2,2,1,4,Returning_Visitor,0,0,0.02480477721635278,Low Intent
11,188.8333333,3,27.0,64,4829.625,0.004054054,0.017194337,48.60623685,0.0,Nov,1,1,1,3,Returning_Visitor,0,1,0.7857142857142857,High Intent
1,24.91666667,1,7.666666667,98,3561.139286,0.008163265,0.018367347,78.19779587,0.0,Nov,2,2,1,13,Returning_Visitor,1,1,0.7857142857142857,High Intent
0,0.0,0,0.0,88,5093.3,0.004924242,0.023393841,0.0,0.0,Nov,2,2,1,2,Returning_Visitor,0,0,0.2736318407960199,Low Intent
4,200.5238095,0,0.0,36,1934.990476,0.042083333,0.043815476,0.0,1.0,May,3,2,7,2,Returning_Visitor,1,0,0.02480477721635278,Low Intent
0,0.0,0,0.0,7,67.33333333,0.1,0.097142857,0.0,0.0,May,3,2,1,3,Returning_Visitor,0,0,0.0012126111560226355,Low Intent
0,0.0,0,0.0,2,46.5,0.1,0.1,0.0,0.0,Nov,2,2,3,1,Returning_Visitor,0,0,0.05405405405405406,Low Intent
1,19.0,0,0.0,7,115.6666667,0.0,0.028571429,0.0,0.0,Mar,3,2,2,10,Returning_Visitor,0,0,0.02480477721635278,Low Intent
14,173.0833333,3,424.5,115,3382.287999,0.005346832,0.021971597,0.0,0.0,May,2,2,2,6,Returning_Visitor,0,0,0.02480477721635278,Low Intent
0,0.0,0,0.0,41,898.15,0.0,0.011282051,19.51010101,0.0,Dec,2,5,3,1,Returning_Visitor,0,1,0.7916666666666666,High Intent
0,0.0,0,0.0,12,770.25,0.0,0.033333333,0.0,0.0,Dec,2,4,1,8,New_Visitor,0,0,0.016100178890876567,Low Intent
2,47.0,0,0.0,42,1528.382468,0.0,0.004761905,17.69657143,1.0,May,1,1,1,4,New_Visitor,1,1,0.7888446215139442,High Intent
4,34.4,0,0.0,12,189.4333333,0.0,0.014285714,0.0,0.0,Sep,2,10,4,4,New_Visitor,0,0,0.09202453987730061,Low Intent
0,0.0,0,0.0,19,771.75,0.021052632,0.061403509,0.0,0.0,Nov,3,2,3,1,Returning_Visitor,0,0,0.05405405405405406,Low Intent
5,230.25,2,135.0,27,517.3928571,0.0,0.011458333,30.269375,0.0,May,2,2,4,2,New_Visitor,1,1,0.7888446215139442,High Intent
7,204.3875,4,187.0,61,776.4138158,0.015104167,0.016153274,0.0,0.0,May,3,2,6,3,Returning_Visitor,0,0,0.02480477721635278,Low Intent
2,25.625,0,0.0,162,8596.669979,0.005075446,0.012349829,1.469693253,0.0,Dec,2,2,5,2,Returning_Visitor,0,0,0.21727748691099477,Low Intent
0,0.0,0,0.0,22,355.6666667,0.047619048,0.051428571,25.194,0.8,May,2,2,3,4,Returning_Visitor,0,1,0.5756097560975609,Medium Intent
0,0.0,0,0.0,17,2186.961538,0.01875,0.02422619,0.0,0.0,Dec,1,1,1,10,Returning_Visitor,0,0,0.016100178890876567,Low Intent
0,0.0,0,0.0,4,44.0,0.05,0.1,0.0,0.0,Mar,2,2,9,10,Returning_Visitor,0,0,0.0012126111560226355,Low Intent
1,81.0,0,0.0,15,914.5,0.0,0.014285714,56.5802171,0.0,Nov,2,2,2,11,Returning_Visitor,1,1,0.964,High Intent
0,0.0,0,0.0,19,536.2666667,0.044736842,0.068170426,0.0,0.0,May,2,2,6,6,Returning_Visitor,0,0,0.0012126111560226355,Low Intent
10,316.1405025,7,321.6666667,287,12983.78771,0.000668896,0.006998399,1.088158231,0.0,Mar,2,4,3,8,New_Visitor,0,0,0.02480477721635278,Low Intent
1,11.88888889,0,0.0,111,3510.879903,9.83e-05,0.009438427,12.01656549,0.0,Mar,3,2,5,2,Returning_Visitor,0,0,0.5813953488372093,Medium Intent
4,109.3333333,1,118.0,34,1573.895833,0.015,0.019055556,0.0,0.0,Nov,3,2,4,3,Returning_Visitor,1,0,0.05405405405405406,Low Intent
1,38.0,2,20.0,57,2931.580303,0.004,0.021833333,0.0,1.0,May,2,2,4,2,Returning_Visitor,1,0,0.02480477721635278,Low Intent
0,0.0,0,0.0,5,97.16666667,0.0,0.033333333,0.0,0.0,May,1,1,3,3,Returning_Visitor,0,0,0.0012126111560226355,Low Intent
0,0.0,0,0.0,24,1483.333333,0.008333333,0.026388889,0.0,0.4,May,2,4,2,3,Returning_Visitor,0,0,0.0012126111560226355,Low Intent
1,78.0,0,0.0,21,555.8944444,0.0,0.002380952,24.75047619,0.0,Mar,1,1,1,2,New_Visitor,0,1,0.964,High Intent
1,41.0,0,0.0,6,68.5,0.0,0.033333333,0.0,0.4,May,1,1,1,2,Returning_Visitor,0,0,0.02480477721635278,Low Intent
10,302.0833333,0,0.0,81,1778.663263,0.0,0.002857143,16.43784656,0.0,Nov,1,1,1,8,New_Visitor,1,0,0.5842696629213483,Medium Intent
0,0.0,0,0.0,2,1121.5,0.0,0.1,0.0,0.0,Nov,8,2,4,3,Returning_Visitor,0,0,0.05405405405405406,Low Intent
0,0.0,0,0.0,3,8.0,0.0,0.1,0.0,0.0,May,2,2,1,3,Returning_Visitor,0,0,0.0012126111560226355,Low Intent
11,225.5,7,258.25,40,1352.833333,0.002,0.015733333,0.0,0.0,Dec,3,2,1,2,Returning_Visitor,1,0,0.02480477721635278,Low Intent
0,0.0,0,0.0,20,873.7365079,0.0075,0.028166667,0.0,0.0,Feb,1,2,1,1,Returning_Visitor,0,0,0.0012126111560226355,Low Intent
1,131.5,1,19.0,62,1524.962997,0.0,0.003266621,83.96813664,0.0,Nov,2,2,1,2,New_Visitor,0,1,0.964,High Intent
7,103.6,0,0.0,72,1933.559259,0.005333333,0.026377261,7.806338478,0.0,Sep,2,2,6,2,Returning_Visitor,0,0,0.21727748691099477,Low Intent
0,0.0,0,0.0,37,607.4666667,0.0,0.002777778,39.97777778,0.0,May,1,1,1,2,Returning_Visitor,1,1,0.964,High Intent
1,29.0,0,0.0,25,381.3571429,0.0,0.004166667,0.0,0.8,May,2,2,1,2,New_Visitor,0,0,0.02480477721635278,Low Intent
0,0.0,0,0.0,5,200.9333333,0.0,0.08,0.0,0.0,Dec,3,2,1,6,Returning_Visitor,0,0,0.016100178890876567,Low Intent
0,0.0,0,0.0,4,47.5,0.0,0.05,0.0,0.0,Nov,2,5,1,2,Returning_Visitor,0,0,0.05405405405405406,Low Intent
1,66.4,0,0.0,39,606.3666667,0.015789474,0.026754386,0.0,0.0,Jul,2,2,1,4,Returning_Visitor,0,0,0.128,Low Intent
9,726.3666667,0,0.0,80,4322.779121,0.002272727,0.0163943,8.069027652,0.0,May,2,2,2,2,Returning_Visitor,0,1,0.21727748691099477,Low Intent
0,0.0,1,0.0,35,1742.883333,0.011428571,0.041142857,0.0,0.0,May,2,2,1,4,Returning_Visitor,0,0,0.0012126111560226355,Low Intent
2,19.1,0,0.0,8,137.7,0.0,0.01,0.0,0.0,Aug,3,2,1,2,New_Visitor,0,1,0.02480477721635278,Low Intent
0,0.0,0,0.0,18,860.5603175,0.0,0.009705882,0.0,0.0,Oct,3,2,6,1,Returning_Visitor,0,0,0.0012126111560226355,Low Intent
13,456.9880952,3,72.83333333,39,976.7103175,0.004166667,0.009722222,39.65538156,0.0,Mar,1,1,1,1,Returning_Visitor,1,1,0.5756097560975609,Medium Intent
4,54.4,0,0.0,68,2889.946154,0.002898551,0.008789401,0.0,0.0,June,4,1,4,1,Returning_Visitor,0,0,0.02480477721635278,Low Intent
1,16.6,0,0.0,84,1893.619048,0.016825397,0.030138889,0.0,0.0,Oct,1,1,6,3,Returning_Visitor,0,0,0.02480477721635278,Low Intent
0,0.0,0,0.0,34,1401.458333,0.0,0.023529412,0.0,0.0,Nov,2,2,9,11,New_Visitor,0,1,0.11790393013100436,Low Intent
0,0.0,0,0.0,30,484.672619,0.0,0.018965517,0.0,0.0,Mar,2,6,7,1,Returning_Visitor,0,0,0.0012126111560226355,Low Intent
0,0.0,0,0.0,38,314.8333333,0.010526316,0.031578947,0.0,0.6,May,2,2,1,3,Returning_Visitor,0,0,0.0012126111560226355,Low Intent
7,40.5,0,0.0,39,743.0119048,0.0,0.01,0.0,0.0,May,2,2,1,3,Returning_Visitor,1,0,0.02480477721635278,Low Intent
5,73.75,0,0.0,131,2244.616667,0.005343511,0.017506361,0.0,0.0,Nov,2,2,1,2,Returning_Visitor,0,0,0.2736318407960199,Low Intent
2,31.0,0,0.0,20,583.0694444,0.0,0.01,0.0,0.0,Dec,4,2,1,2,Returning_Visitor,0,0,0.02480477721635278,Low Intent
10,1559.75,1,7.0,41,1663.761905,0.004347826,0.015942029,13.63463318,0.0,Mar,1,1,1,2,Returning_Visitor,0,1,0.47761194029850745,Medium Intent
0,0.0,0,0.0,10,482.5,0.0,0.06,0.0,1.0,May,1,2,9,4,Returning_Visitor,1,0,0.0012126111560226355,Low Intent
0,0.0,0,0.0,14,253.1666667,0.014285714,0.04047619,0.0,0.6,May,3,2,8,13,Returning_Visitor,0,0,0.0012126111560226355,Low Intent
0,0.0,0,0.0,37,854.55,0.005405405,0.023166023,0.0,0.0,Dec,2,2,6,3,Returning_Visitor,0,0,0.016100178890876567,Low Intent
2,27.375,0,0.0,39,1157.416667,0.010833333,0.045714286,0.0,0.0,Dec,2,2,4,1,Returning_Visitor,1,0,0.02480477721635278,Low Intent
1,64.0,0,0.0,54,1155.033333,0.001282051,0.003974359,0.0,0.0,May,4,2,2,4,Returning_Visitor,0,0,0.02480477721635278,Low Intent
8,26.41666667,1,391.0,61,1037.807143,0.003174603,0.027115142,0.0,0.6,May,2,5,2,2,Returning_Visitor,0,0,0.02480477721635278,Low Intent
2,40.0,2,162.0,17,481.6666667,0.024561404,0.036842105,32.64521053,0.0,Mar,2,7,3,2,Returning_Visitor,0,0,0.5756097560975609,Medium Intent
4,146.0,0,0.0,14,879.5,0.0,0.0125,0.0,0.0,Dec,2,5,4,2,New_Visitor,1,0,0.02480477721635278,Low Intent
0,0.0,0,0.0,15,748.5666667,0.016,0.041333333,0.0,0.0,Mar,2,2,1,2,Returning_Visitor,0,0,0.0012126111560226355,Low Intent
0,0.0,0,0.0,9,53.0,0.066666667,0.111111111,0.0,0.0,Dec,2,5,3,1,Returning_Visitor,1,0,0.016100178890876567,Low Intent
0,0.0,0,0.0,5,187.5,0.0,0.04,0.0,0.0,Dec,2,5,8,2,Returning_Visitor,1,0,0.016100178890876567,Low Intent
0,0.0,0,0.0,40,1783.25,0.008333333,0.026416667,0.0,0.8,May,2,6,3,2,Returning_Visitor,0,0,0.0012126111560226355,Low Intent
1,56.5,1,41.5,87,2504.870761,0.019555912,0.036429937,0.0,0.0,Nov,1,2,1,11,Returning_Visitor,1,0,0.2736318407960199,Low Intent
4,104.5,1,54.0,25,796.3,0.0,0.024074074,0.0,0.8,May,2,6,1,4,Returning_Visitor,0,0,0.02480477721635278,Low Intent
0,0.0,0,0.0,1,0.0,0.2,0.2,0.0,0.0,Dec,2,4,3,1,Returning_Visitor,0,0,0.016100178890876567,Low Intent
0,0.0,0,0.0,13,472.4333333,0.0,0.004395604,0.0,0.0,Jul,2,2,3,2,Returning_Visitor,0,0,0.0012126111560226355,Low Intent
0,0.0,0,0.0,12,329.2142857,0.016666667,0.028703704,0.0,0.0,Nov,3,2,1,2,Returning_Visitor,0,0,0.05405405405405406,Low Intent
0,0.0,0,0.0,48,1304.666667,0.016666667,0.051215278,0.0,0.6,May,3,2,1,13,Returning_Visitor,0,0,0.0012126111560226355,Low Intent
1,24.2,0,0.0,0,0.0,0.0,0.066666667,0.0,0.0,Nov,1,1,1,3,Returning_Visitor,1,1,0.05405405405405406,Low Intent
0,0.0,0,0.0,20,644.4,0.0,0.007777778,0.0,0.0,Mar,1,1,7,3,Returning_Visitor,0,0,0.0012126111560226355,Low Intent
3,63.0,0,0.0,10,142.6666667,0.0,0.015384615,0.0,0.0,Mar,2,2,7,2,New_Visitor,1,0,0.02480477721635278,Low Intent
0,0.0,0,0.0,25,1229.25,0.025333333,0.038133333,0.0,1.0,May,3,2,3,4,Returning_Visitor,1,0,0.0012126111560226355,Low Intent
5,96.0,0,0.0,81,2833.814103,0.00021645,0.025137085,0.0,0.0,Nov,4,1,7,2,Returning_Visitor,0,0,0.2736318407960199,Low Intent
1,34.0,0,0.0,36,646.2857143,0.0,0.005882353,0.0,0.0,May,2,4,6,3,Returning_Visitor,0,0,0.02480477721635278,Low Intent
0,0.0,0,0.0,18,1485.416667,0.0,0.027777778,0.0,0.0,Mar,2,4,1,1,Returning_Visitor,0,0,0.0012126111560226355,Low Intent
5,724.5,0,0.0,23,867.3333333,0.0,0.000826446,59.988,0.0,May,1,1,1,2,Returning_Visitor,0,1,0.7888446215139442,High Intent
1,29.5,0,0.0,26,1659.866667,0.008,0.016,21.81920724,0.0,Nov,2,5,2,1,Returning_Visitor,0,1,0.7857142857142857,High Intent
4,103.0,0,0.0,32,1092.183333,0.0,0.00625,0.0,0.0,Jul,2,2,6,1,Returning_Visitor,0,0,0.128,Low Intent
2,33.5,1,91.0,31,1271.821212,0.0,0.011505376,1.592774194,0.0,Mar,1,8,4,1,Returning_Visitor,0,1,0.5813953488372093,Medium Intent
0,0.0,0,0.0,1,0.0,0.2,0.2,0.0,0.0,May,2,2,1,3,Returning_Visitor,0,0,0.0012126111560226355,Low Intent
0,0.0,0,0.0,116,5389.883333,0.009565217,0.020786749,0.0,0.0,Nov,3,2,1,1,Returning_Visitor,0,0,0.2736318407960199,Low Intent
3,80.42857143,0,0.0,61,5900.351378,0.0,0.007213115,0.0,0.0,Mar,3,2,3,10,Returning_Visitor,0,0,0.02480477721635278,Low Intent
2,22.2,0,0.0,18,470.8966667,0.0,0.005,0.0,0.0,Nov,2,2,2,4,New_Visitor,0,0,0.11790393013100436,Low Intent
0,0.0,0,0.0,6,600.0,0.0,0.033333333,0.0,0.0,May,1,1,4,3,Returning_Visitor,0,0,0.0012126111560226355,Low Intent
0,0.0,0,0.0,2,0.0,0.2,0.2,0.0,0.0,June,3,2,4,13,Returning_Visitor,0,0,0.0012126111560226355,Low Intent
10,464.15,4,160.5,26,1975.633333,0.017647059,0.029411765,0.0,0.2,May,2,2,1,3,Returning_Visitor,0,0,0.02480477721635278,Low Intent
7,165.1,0,0.0,63,1422.103333,0.0,0.008766234,0.0,0.0,June,4,2,2,3,Returning_Visitor,0,0,0.02480477721635278,Low Intent
6,111.0,0,0.0,12,202.25,0.025,0.029166667,0.0,0.0,Mar,3,2,1,1,Returning_Visitor,1,0,0.02480477721635278,Low Intent
7,275.0844444,0,0.0,70,806.0266667,0.0,0.002666667,0.0,0.0,Oct,2,5,1,2,New_Visitor,0,0,0.02480477721635278,Low Intent
0,0.0,0,0.0,21,476.8666667,0.00952381,0.034126984,0.0,0.0,Nov,3,2,1,2,Returning_Visitor,1,0,0.05405405405405406,Low Intent
0,0.0,0,0.0,30,1791.7,0.013333333,0.031111111,0.0,0.0,Mar,2,4,1,3,Returning_Visitor,0,0,0.0012126111560226355,Low Intent
0,0.0,1,24.0,9,717.0,0.02,0.03,0.0,0.0,May,3,2,5,13,Returning_Visitor,0,0,0.0012126111560226355,Low Intent
0,0.0,0,0.0,8,123.0,0.025,0.029166667,0.0,0.0,Nov,3,2,3,11,Returning_Visitor,1,0,0.05405405405405406,Low Intent
5,526.85,4,143.25,266,9770.812093,0.007348856,0.024720163,0.245152903,0.0,Nov,2,4,4,2,Returning_Visitor,1,0,0.2736318407960199,Low Intent
4,63.0,0,0.0,22,2232.5,0.0,0.008,0.0,0.0,May,2,2,9,2,New_Visitor,0,0,0.02480477721635278,Low Intent
5,107.5,0,0.0,31,2221.0,0.002857143,0.01047619,0.0,0.0,Nov,2,2,9,3,Returning_Visitor,0,0,0.16939890710382513,Low Intent
0,0.0,0,0.0,13,454.5,0.0,0.016666667,0.0,0.0,May,3,2,4,13,Returning_Visitor,0,0,0.0012126111560226355,Low Intent
0,0.0,0,0.0,5,517.5,0.025,0.1,0.0,0.0,May,1,1,2,4,Returning_Visitor,0,0,0.0012126111560226355,Low Intent
2,63.5,0,0.0,9,99.06666667,0.036363636,0.072727273,0.0,0.0,Oct,1,1,1,4,Returning_Visitor,0,0,0.02480477721635278,Low Intent
1,11.0,0,0.0,20,1166.333333,0.0,0.002631579,14.1273698,0.0,Nov,2,2,2,2,Returning_Visitor,1,1,0.5813953488372093,Medium Intent
1,21.2,0,0.0,21,836.1,0.0,0.004545455,0.0,0.0,Oct,2,4,9,4,New_Visitor,0,0,0.02480477721635278,Low Intent
3,112.0,0,0.0,20,1187.5,0.0,0.016666667,26.8752,0.0,May,2,2,1,4,Returning_Visitor,0,0,0.7888446215139442,High Intent
5,248.9214286,0,0.0,131,6225.988835,0.003562341,0.025012117,7.963976424,0.0,Nov,2,2,2,2,Returning_Visitor,1,1,0.7428571428571429,High Intent
0,0.0,3,27.0,45,1218.030952,0.023333333,0.047679739,0.0,0.0,Dec,2,2,7,1,Returning_Visitor,1,0,0.016100178890876567,Low Intent
6,186.5,0,0.0,16,476.25,0.011111111,0.038888889,16.04403014,0.0,Dec,2,2,3,1,Returning_Visitor,0,1,0.5756097560975609,Medium Intent
0,0.0,0,0.0,34,311.5,0.0,0.011764706,0.0,0.0,Mar,2,2,4,1,Returning_Visitor,0,0,0.0012126111560226355,Low Intent
2,99.2,0,0.0,7,106.9666667,0.025,0.015,0.0,0.0,Oct,3,2,1,2,Returning_Visitor,1,0,0.02480477721635278,Low Intent
0,0.0,0,0.0,52,2529.166667,0.014,0.042666667,0.0,0.4,May,1,8,8,3,Returning_Visitor,0,0,0.0012126111560226355,Low Intent
0,0.0,0,0.0,25,948.3428571,0.0,0.009,0.0,0.0,Nov,2,4,1,3,Returning_Visitor,0,0,0.05405405405405406,Low Intent
5,321.6666667,7,460.0,46,1900.896078,0.017156863,0.031932773,0.0,1.0,May,1,1,3,1,Returning_Visitor,1,0,0.02480477721635278,Low Intent
0,0.0,0,0.0,5,137.0,0.0,0.04,0.0,0.0,Oct,2,4,9,2,Returning_Visitor,0,0,0.0012126111560226355,Low Intent
5,72.5,0,0.0,31,649.3071429,0.0,0.001041667,35.10378279,0.0,Mar,2,7,2,2,Returning_Visitor,1,1,0.7888446215139442,High Intent
0,0.0,2,18.0,1,46.0,0.0,0.066666667,0.0,0.0,Mar,2,2,7,10,Returning_Visitor,0,0,0.0012126111560226355,Low Intent
1,7.0,0,0.0,11,98.1,0.035555556,0.058412698,0.0,0.0,June,1,1,1,20,Returning_Visitor,0,0,0.02480477721635278,Low Intent
0,0.0,0,0.0,48,3644.752381,0.0,0.016666667,18.20995652,0.0,Mar,2,2,7,2,Returning_Visitor,0,0,0.7916666666666666,High Intent
0,0.0,0,0.0,9,444.0,0.0,0.044444444,0.0,0.0,Nov,2,2,6,13,Returning_Visitor,0,0,0.05405405405405406,Low Intent
5,879.5,0,0.0,43,2365.429545,0.0,0.013043478,0.0,0.0,Nov,4,1,1,10,Returning_Visitor,0,0,0.16939890710382513,Low Intent
0,0.0,0,0.0,108,3279.238428,0.012037037,0.030709877,0.0,0.0,Nov,2,2,7,1,Returning_Visitor,0,0,0.2736318407960199,Low Intent
3,150.125,4,26.5,26,1332.695346,0.026523297,0.04656682,5.473874968,0.0,Dec,3,2,3,2,Returning_Visitor,0,0,0.21727748691099477,Low Intent
2,47.5,0,0.0,50,1870.791667,0.002641509,0.024025157,0.0,0.0,Dec,2,2,6,1,Returning_Visitor,0,0,0.02480477721635278,Low Intent
0,0.0,0,0.0,29,1721.125,0.042528736,0.071264368,0.0,0.6,May,3,2,2,13,Returning_Visitor,0,0,0.0012126111560226355,Low Intent
0,0.0,1,0.0,46,4053.092208,0.014184397,0.029684228,0.0,0.0,Mar,1,1,1,2,Returning_Visitor,0,0,0.0012126111560226355,Low Intent
8,387.6,3,32.0,328,9694.260714,0.001780415,0.010905045,6.467831696,0.0,Mar,2,2,3,1,Returning_Visitor,0,0,0.47761194029850745,Medium Intent
2,152.8333333,0,0.0,20,791.6666667,0.011111111,0.016666667,41.35007203,0.0,Mar,1,1,1,2,New_Visitor,0,1,0.5756097560975609,Medium Intent
0,0.0,0,0.0,3,35.4,0.0,0.066666667,0.0,0.0,Nov,1,1,1,1,Returning_Visitor,0,0,0.05405405405405406,Low Intent
0,0.0,0,0.0,10,640.875,0.0,0.011111111,18.85445822,0.0,Nov,2,2,1,2,Returning_Visitor,0,1,0.7916666666666666,High Intent
2,112.9,0,0.0,32,505.55,0.0,0.003225806,0.0,0.0,Oct,2,2,6,2,New_Visitor,0,0,0.02480477721635278,Low Intent
0,0.0,0,0.0,9,58.0,0.155555556,0.177777778,0.0,0.0,May,1,1,1,3,Returning_Visitor,1,0,0.0012126111560226355,Low Intent
1,19.0,0,0.0,4,51.5,0.05,0.1,0.0,0.0,Nov,3,2,6,13,Returning_Visitor,0,0,0.05405405405405406,Low Intent
0,0.0,0,0.0,10,130.75,0.04,0.076666667,0.0,0.0,Nov,3,2,1,3,Returning_Visitor,0,0,0.05405405405405406,Low Intent
10,200.5833333,1,86.0,65,1476.5,0.040096618,0.059661836,1.680318841,0.8,May,2,6,5,1,Returning_Visitor,0,0,0.21727748691099477,Low Intent
0,0.0,0,0.0,15,477.0,0.0,0.02,0.0,0.0,Mar,2,2,2,1,Returning_Visitor,0,0,0.0012126111560226355,Low Intent
10,155.8458333,4,155.375,128,4391.876232,0.008759124,0.022411525,0.0,0.0,Nov,1,2,1,2,Returning_Visitor,0,0,0.2736318407960199,Low Intent
0,0.0,0,0.0,40,2426.266667,0.004878049,0.02296748,0.0,0.0,Nov,2,2,2,11,Returning_Visitor,0,0,0.16939890710382513,Low Intent
0,0.0,0,0.0,3,26.0,0.0,0.05,0.0,0.0,Mar,3,2,1,1,Returning_Visitor,0,0,0.0012126111560226355,Low Intent
0,0.0,0,0.0,2,64.0,0.0,0.1,0.0,0.0,Feb,2,2,1,2,Returning_Visitor,0,0,0.0012126111560226355,Low Intent
0,0.0,0,0.0,1,0.0,0.2,0.2,0.0,0.0,Mar,2,2,1,10,Returning_Visitor,0,0,0.0012126111560226355,Low Intent
0,0.0,0,0.0,68,3357.340476,0.018137255,0.028272059,0.0,1.0,May,3,2,6,2,Returning_Visitor,1,0,0.0012126111560226355,Low Intent
0,0.0,2,0.0,3,56.75,0.1,0.125,0.0,0.0,Nov,1,1,1,2,Returning_Visitor,0,0,0.16853932584269662,Low Intent
7,280.2666667,0,0.0,11,329.6833333,0.0,0.023076923,0.0,0.0,Dec,2,2,7,2,Returning_Visitor,0,0,0.02480477721635278,Low Intent
0,0.0,0,0.0,4,59.0,0.125,0.175,0.0,0.8,May,2,2,4,1,Returning_Visitor,0,0,0.0012126111560226355,Low Intent
3,29.0,0,0.0,2,7.0,0.0,0.04,0.0,0.0,Dec,2,2,3,2,New_Visitor,0,0,0.02480477721635278,Low Intent
10,515.6133333,3,85.14,50,1558.62,0.003636364,0.011878788,12.12586885,0.0,Aug,3,2,4,4,Returning_Visitor,1,1,0.21727748691099477,Low Intent
2,95.3,0,0.0,14,262.587619,0.0125,0.004910714,0.0,0.0,Nov,1,1,4,2,New_Visitor,0,0,0.11790393013100436,Low Intent
0,0.0,0,0.0,17,376.5166667,0.0,0.01512605,0.0,0.0,Nov,2,2,6,2,Returning_Visitor,0,0,0.05405405405405406,Low Intent
16,445.35,0,0.0,103,2091.037588,0.007894737,0.028165804,7.224419132,0.0,Oct,3,2,1,2,Returning_Visitor,1,0,0.21727748691099477,Low Intent
0,0.0,0,0.0,1,0.0,0.2,0.2,0.0,0.0,Dec,1,1,7,3,Returning_Visitor,0,0,0.016100178890876567,Low Intent
0,0.0,0,0.0,66,1203.817143,0.0015625,0.004166667,0.0,0.0,Sep,2,2,4,4,Returning_Visitor,1,0,0.0012126111560226355,Low Intent
2,115.8888889,2,45.5,26,1198.024145,0.003888889,0.03,14.50274386,0.0,Nov,3,2,1,2,Returning_Visitor,0,0,0.39849624060150374,Medium Intent
7,190.2628205,4,195.0,124,3197.290064,0.010320513,0.01989345,7.059929851,0.0,Nov,3,2,6,2,Returning_Visitor,1,0,0.7857142857142857,High Intent
0,0.0,0,0.0,5,0.0,0.2,0.2,0.0,0.0,Jul,3,2,2,13,Returning_Visitor,1,0,0.0012126111560226355,Low Intent
0,0.0,0,0.0,3,24.0,0.0,0.066666667,0.0,0.0,Sep,2,2,3,3,Returning_Visitor,0,0,0.0012126111560226355,Low Intent
5,133.0,0,0.0,16,324.5,0.0,0.031481481,0.0,0.0,May,3,2,8,4,Returning_Visitor,0,0,0.02480477721635278,Low Intent
1,55.0,2,18.0,9,548.0,0.0,0.04,17.2704,0.0,May,2,4,3,4,Returning_Visitor,0,1,0.7916666666666666,High Intent
2,241.6,0,0.0,28,920.7,0.0,0.015555556,0.0,0.0,Nov,1,8,3,20,Returning_Visitor,0,0,0.05405405405405406,Low Intent
0,0.0,3,29.0,41,1652.75,0.013636364,0.035119048,0.0,0.0,May,2,2,4,4,Returning_Visitor,1,0,0.0012126111560226355,Low Intent
3,91.0,0,0.0,13,298.2333333,0.0,0.04,0.0,0.0,May,1,1,1,6,Returning_Visitor,0,0,0.02480477721635278,Low Intent
4,82.0,0,0.0,17,269.0,0.034782609,0.046376812,0.0,0.0,Jul,3,2,1,13,Returning_Visitor,0,0,0.128,Low Intent
0,0.0,0,0.0,7,16.0,0.0,0.033333333,0.0,0.0,Dec,1,1,1,2,Returning_Visitor,1,0,0.016100178890876567,Low Intent
4,55.575,0,0.0,4,42.575,0.0,0.011428571,0.0,0.0,Nov,1,1,1,8,New_Visitor,0,0,0.11790393013100436,Low Intent
0,0.0,0,0.0,11,1232.083333,0.0,0.004,0.0,0.0,Nov,1,1,1,2,New_Visitor,0,0,0.11790393013100436,Low Intent
1,35.0,0,0.0,13,233.1666667,0.0,0.016666667,0.0,0.0,May,1,1,5,4,Returning_Visitor,0,0,0.02480477721635278,Low Intent
15,572.5833333,2,37.5,318,13717.40205,0.004176829,0.015642808,45.15513521,0.0,Nov,2,2,1,2,Returning_Visitor,0,1,0.5,Medium Intent
1,7.625,0,0.0,21,1104.9,0.0,0.014603175,0.0,0.0,Dec,2,2,1,1,Returning_Visitor,0,0,0.02480477721635278,Low Intent
0,0.0,0,0.0,5,132.0,0.0,0.04,0.0,0.0,Mar,1,1,1,1,Returning_Visitor,1,0,0.0012126111560226355,Low Intent
0,0.0,0,0.0,6,192.0,0.0,0.04,0.0,0.0,Mar,2,10,4,3,Returning_Visitor,0,0,0.0012126111560226355,Low Intent
3,37.3,0,0.0,19,317.8,0.018181818,0.045454545,0.0,0.0,Jul,2,2,7,4,Returning_Visitor,0,0,0.128,Low Intent
0,0.0,0,0.0,21,358.25,0.038095238,0.075238095,0.0,0.8,May,2,5,4,2,Returning_Visitor,0,0,0.0012126111560226355,Low Intent
0,0.0,0,0.0,8,85.5,0.075,0.1,0.0,0.0,May,2,2,1,1,Returning_Visitor,0,0,0.0012126111560226355,Low Intent
2,98.25,0,0.0,10,303.25,0.0,0.011111111,0.0,0.0,Mar,3,2,2,2,New_Visitor,1,0,0.02480477721635278,Low Intent
0,0.0,0,0.0,3,80.0,0.0,0.033333333,0.0,0.0,Mar,3,2,1,10,Returning_Visitor,1,0,0.0012126111560226355,Low Intent
0,0.0,0,0.0,1,0.0,0.2,0.2,0.0,0.0,Nov,3,2,4,3,Returning_Visitor,0,0,0.05405405405405406,Low Intent
1,2.0,0,0.0,118,4541.925,0.013114754,0.031399948,0.0,0.4,May,2,2,1,20,Returning_Visitor,0,0,0.02480477721635278,Low Intent
3,138.0,2,136.0,54,2631.1,0.0,0.00969697,0.0,0.0,Mar,1,2,1,2,Returning_Visitor,0,0,0.02480477721635278,Low Intent
14,324.0,2,40.5,12,338.25,0.0,0.002380952,0.0,0.0,Dec,1,1,1,10,Returning_Visitor,1,0,0.02480477721635278,Low Intent
3,132.92,4,212.8,36,1335.773333,0.014285714,0.034484127,11.11383981,0.0,Nov,2,7,2,2,Returning_Visitor,0,0,0.39849624060150374,Medium Intent
1,37.2,0,0.0,14,387.7666667,0.013333333,0.031111111,0.0,0.0,Oct,1,8,3,1,Returning_Visitor,0,0,0.02480477721635278,Low Intent
0,0.0,3,300.0,13,509.1214286,0.006666667,0.002222222,40.7932,0.0,Mar,3,2,7,2,Returning_Visitor,1,1,0.5756097560975609,Medium Intent
0,0.0,0,0.0,36,777.2175325,0.029166667,0.018068783,0.0,1.0,May,1,1,7,3,Returning_Visitor,1,0,0.0012126111560226355,Low Intent
0,0.0,0,0.0,6,198.75,0.016666667,0.023333333,0.0,0.0,Nov,2,5,7,3,Returning_Visitor,1,0,0.05405405405405406,Low Intent
0,0.0,0,0.0,7,331.0,0.0,0.014285714,0.0,0.0,Nov,1,1,7,10,Returning_Visitor,1,0,0.05405405405405406,Low Intent
5,58.28571429,1,685.25,177,4041.734915,0.002247191,0.010759765,9.419346491,0.0,Nov,2,2,1,2,Returning_Visitor,0,0,0.7857142857142857,High Intent
0,0.0,0,0.0,6,285.5,0.0,0.04,18.1695357,0.0,Nov,1,1,1,8,New_Visitor,0,1,0.7916666666666666,High Intent
0,0.0,0,0.0,68,1723.753711,0.011940299,0.023681592,0.0,0.0,Nov,3,2,5,2,Returning_Visitor,0,0,0.05405405405405406,Low Intent
2,166.0,2,55.0,10,1968.25,0.014285714,0.021428571,0.0,0.0,May,1,1,1,6,New_Visitor,1,0,0.02480477721635278,Low Intent
4,464.5,0,0.0,9,635.7238095,0.0,0.002777778,0.0,0.0,Jul,1,1,3,2,New_Visitor,0,0,0.128,Low Intent
3,73.5,3,171.0,76,2208.788095,0.0,0.004756098,3.200304878,0.0,May,4,1,7,2,Returning_Visitor,1,0,0.5813953488372093,Medium Intent
1,29.2,0,0.0,66,1364.873333,0.0171875,0.036488095,16.1347001,0.0,Jul,1,1,8,1,Returning_Visitor,1,0,0.21727748691099477,Low Intent
0,0.0,0,0.0,3,0.0,0.2,0.2,0.0,0.0,Dec,1,1,1,3,Returning_Visitor,0,0,0.016100178890876567,Low Intent
1,7.0,0,0.0,26,933.3333333,0.008,0.028,1.84752,0.0,May,2,2,1,13,Returning_Visitor,0,0,0.3225806451612903,Medium Intent
0,0.0,0,0.0,5,43.0,0.0,0.04,0.0,0.0,Mar,1,1,1,9,Returning_Visitor,1,0,0.0012126111560226355,Low Intent
1,42.5,1,12.83333333,104,4054.755952,0.003883495,0.010097087,141.4590538,0.0,Nov,2,2,1,2,Returning_Visitor,0,1,0.7857142857142857,High Intent
4,60.2,0,0.0,8,132.8,0.0,0.009090909,0.0,0.0,Oct,1,1,1,2,Returning_Visitor,0,0,0.02480477721635278,Low Intent
0,0.0,0,0.0,20,562.0071429,0.0,0.00125,0.0,0.0,Nov,1,1,1,3,Returning_Visitor,0,0,0.05405405405405406,Low Intent
1,7.6,1,0.0,3,14.6,0.0,0.08,0.0,0.0,Sep,2,2,1,2,Returning_Visitor,1,0,0.47058823529411764,Medium Intent
3,31.6,0,0.0,17,372.8,0.013333333,0.026428571,2.3976,0.0,Mar,3,2,7,1,Returning_Visitor,0,0,0.3225806451612903,Medium Intent
9,146.3,4,137.8166667,7,197.0666667,0.0,0.012631579,0.0,0.0,June,2,5,2,2,Returning_Visitor,1,0,0.02480477721635278,Low Intent
3,32.0,0,0.0,20,453.625,0.0,0.001058201,0.0,0.0,Mar,2,2,1,2,New_Visitor,1,0,0.02480477721635278,Low Intent
0,0.0,0,0.0,86,1699.666667,0.013953488,0.026830934,0.0,0.6,May,2,5,3,3,Returning_Visitor,0,0,0.0012126111560226355,Low Intent
3,9.5,0,0.0,25,528.9666667,0.007692308,0.037179487,3.296827304,0.0,June,2,2,2,3,Returning_Visitor,0,0,0.3225806451612903,Medium Intent
9,241.8416667,0,0.0,25,673.0333333,0.002150538,0.005222734,27.97341787,0.0,Nov,1,1,3,2,New_Visitor,0,0,0.7857142857142857,High Intent
3,269.1666667,0,0.0,36,2281.208333,0.022916667,0.046203704,0.0,0.0,May,3,2,6,4,Returning_Visitor,0,0,0.02480477721635278,Low Intent
0,0.0,0,0.0,5,43.2,0.08,0.12,0.0,0.0,Jul,2,2,3,13,Returning_Visitor,1,0,0.0012126111560226355,Low Intent
1,0.0,0,0.0,9,300.3333333,0.041666667,0.06875,0.0,0.0,Dec,3,2,9,1,Returning_Visitor,0,0,0.016100178890876567,Low Intent
0,0.0,0,0.0,4,43.2,0.0,0.05,0.0,0.0,Jul,3,2,4,3,Returning_Visitor,0,0,0.0012126111560226355,Low Intent
8,194.2916667,5,759.5,23,1291.35119,0.013131313,0.020454545,41.67776195,0.0,Dec,3,3,1,2,Returning_Visitor,1,0,0.5756097560975609,Medium Intent
11,570.25,0,0.0,39,1728.25,0.006666667,0.019777778,22.42576795,0.0,Nov,2,2,1,2,Returning_Visitor,0,1,0.5,Medium Intent
3,498.6,1,152.2,25,1556.491429,0.036206897,0.067624521,5.689147469,0.0,Jul,2,5,4,1,Returning_Visitor,1,1,0.21727748691099477,Low Intent
4,77.1,0,0.0,4,41.7,0.0,0.028571429,0.0,0.0,Sep,2,2,4,6,Returning_Visitor,1,0,0.47058823529411764,Medium Intent
0,0.0,1,44.0,14,549.5,0.0,0.013333333,43.252,0.2,May,2,4,1,2,New_Visitor,0,1,0.964,High Intent
5,123.0,1,12.25,26,934.15,0.014814815,0.034567901,0.0,0.0,Dec,1,1,3,3,Returning_Visitor,0,0,0.02480477721635278,Low Intent
0,0.0,0,0.0,3,17.0,0.0,0.033333333,0.0,0.0,Mar,1,1,1,3,Returning_Visitor,0,0,0.0012126111560226355,Low Intent
1,12.0,1,11.0,74,6194.852381,0.015540541,0.032152607,0.0,0.0,Nov,2,2,9,13,Returning_Visitor,0,0,0.16939890710382513,Low Intent
1,24.5,0,0.0,27,1792.466667,0.0,0.01469428,0.0,0.0,Dec,2,2,2,2,Returning_Visitor,0,0,0.02480477721635278,Low Intent
0,0.0,0,0.0,18,623.725,0.016666667,0.055396825,0.0,0.0,Dec,2,2,6,2,Returning_Visitor,0,0,0.016100178890876567,Low Intent
4,155.0,0,0.0,31,2130.693837,0.025,0.032482778,0.0,0.0,Nov,3,2,8,3,Returning_Visitor,0,0,0.16939890710382513,Low Intent
5,33.66666667,0,0.0,4,21.66666667,0.0,0.02,0.0,0.0,May,2,2,1,5,New_Visitor,0,0,0.02480477721635278,Low Intent
0,0.0,0,0.0,6,186.0,0.0,0.072222222,0.0,0.0,May,1,1,8,3,Returning_Visitor,0,0,0.0012126111560226355,Low Intent
5,194.2857143,4,162.75,98,5325.234886,0.001941748,0.012604407,56.1773806,0.0,Nov,2,2,1,10,Returning_Visitor,1,1,0.7857142857142857,High Intent
1,31.0,0,0.0,10,347.0,0.0,0.022222222,0.0,0.0,May,1,1,1,1,Returning_Visitor,1,0,0.02480477721635278,Low Intent
4,64.66666667,0,0.0,38,1445.666667,0.0,0.005263158,52.11335786,0.0,Nov,2,2,1,2,New_Visitor,0,1,0.7888446215139442,High Intent
0,0.0,0,0.0,40,1445.840909,0.003827751,0.032192982,0.0,0.0,Nov,3,2,6,8,Returning_Visitor,1,0,0.05405405405405406,Low Intent
14,173.55,0,0.0,164,4155.746883,0.002514286,0.01343784,13.76473644,0.0,Nov,2,2,3,2,Returning_Visitor,0,1,0.7857142857142857,High Intent
1,28.66666667,0,0.0,148,3486.194444,0.008697765,0.017685455,0.0,0.0,Nov,3,2,4,1,Returning_Visitor,0,0,0.2736318407960199,Low Intent
1,0.0,3,82.0,120,2895.129762,0.001626016,0.005813008,16.96317099,0.0,Nov,1,2,1,11,Returning_Visitor,0,1,0.7857142857142857,High Intent
0,0.0,0,0.0,24,778.1666667,0.0,0.0125,0.0,0.0,Mar,2,2,1,2,Returning_Visitor,0,0,0.0012126111560226355,Low Intent
0,0.0,0,0.0,27,321.6666667,0.051190476,0.07224026,0.0,0.8,May,3,2,1,1,Returning_Visitor,0,0,0.0012126111560226355,Low Intent
7,271.3333333,0,0.0,54,3510.416667,0.003571429,0.010714286,9.865125,0.0,May,2,2,4,6,Returning_Visitor,0,1,0.21727748691099477,Low Intent
7,150.3571429,1,9.0,221,11431.00124,0.011148992,0.021904109,1.582473154,0.0,Nov,2,5,1,2,Returning_Visitor,1,1,0.7428571428571429,High Intent
1,2.0,0,0.0,16,323.2333333,0.0,0.013333333,0.0,0.0,Dec,3,2,8,8,Returning_Visitor,0,0,0.02480477721635278,Low Intent
5,68.66666667,0,0.0,11,126.5,0.01547619,0.032291667,0.0,0.0,May,2,2,4,2,Returning_Visitor,0,0,0.02480477721635278,Low Intent
10,187.7166667,1,11.0,29,277.35,0.0,0.021904762,0.0,0.0,Sep,3,2,9,5,Returning_Visitor,0,0,0.09202453987730061,Low Intent
4,81.6,0,0.0,45,1096.42,0.041945289,0.072659574,0.0,0.0,Jul,3,2,6,13,Returning_Visitor,0,0,0.128,Low Intent
0,0.0,0,0.0,3,60.0,0.0,0.066666667,0.0,0.0,May,2,2,7,2,Returning_Visitor,1,0,0.0012126111560226355,Low Intent
0,0.0,0,0.0,18,286.0,0.011111111,0.061111111,0.0,0.8,May,2,2,9,3,Returning_Visitor,0,0,0.0012126111560226355,Low Intent
2,65.0,0,0.0,13,1248.0,0.0,0.020512821,0.0,0.0,May,1,2,8,6,Returning_Visitor,0,0,0.02480477721635278,Low Intent
0,0.0,0,0.0,12,640.375,0.023076923,0.041538462,0.0,0.0,Dec,1,1,5,1,Returning_Visitor,1,0,0.016100178890876567,Low Intent
0,0.0,0,0.0,15,313.25,0.013333333,0.033333333,0.0,0.0,Nov,2,2,3,10,Returning_Visitor,0,0,0.05405405405405406,Low Intent
0,0.0,0,0.0,1,0.0,0.2,0.2,0.0,0.0,Dec,3,2,1,1,Returning_Visitor,0,0,0.016100178890876567,Low Intent
0,0.0,0,0.0,3,13.25,0.066666667,0.133333333,0.0,0.0,Nov,1,1,1,1,Returning_Visitor,0,0,0.05405405405405406,Low Intent
12,255.5166667,0,0.0,38,436.8583333,0.0,0.010852713,0.0,0.0,Oct,2,2,7,5,Returning_Visitor,1,0,0.02480477721635278,Low Intent
2,91.0,3,865.0,27,1244.833333,0.0,0.006896552,0.0,0.0,Mar,2,2,1,2,New_Visitor,1,0,0.02480477721635278,Low Intent
2,84.0,0,0.0,25,506.7666667,0.017391304,0.038405797,0.0,0.0,May,3,2,4,3,Returning_Visitor,0,0,0.02480477721635278,Low Intent
0,0.0,0,0.0,18,1093.083333,0.011111111,0.011481481,0.0,0.0,Nov,3,2,3,1,Returning_Visitor,0,0,0.05405405405405406,Low Intent
0,0.0,0,0.0,1,0.0,0.2,0.2,0.0,0.0,May,1,1,6,4,Returning_Visitor,1,0,0.0012126111560226355,Low Intent
0,0.0,0,0.0,3,23.0,0.044444444,0.111111111,0.0,0.8,May,2,2,6,1,Returning_Visitor,0,0,0.0012126111560226355,Low Intent
2,95.0,0,0.0,10,203.4166667,0.0,0.016666667,0.0,0.0,May,2,2,3,2,Returning_Visitor,1,0,0.02480477721635278,Low Intent
0,0.0,0,0.0,2,73.0,0.05,0.15,0.0,0.0,Mar,2,2,1,1,Returning_Visitor,0,0,0.0012126111560226355,Low Intent
0,0.0,0,0.0,6,34.33333333,0.033333333,0.05,0.0,0.6,May,2,2,2,3,Returning_Visitor,0,0,0.0012126111560226355,Low Intent
0,0.0,0,0.0,9,186.7,0.0,0.022222222,0.0,0.0,Mar,2,2,1,2,Returning_Visitor,1,0,0.0012126111560226355,Low Intent
2,53.5,0,0.0,13,287.3333333,0.0,0.013333333,0.0,0.0,Nov,2,2,1,6,New_Visitor,1,0,0.11790393013100436,Low Intent
0,0.0,0,0.0,2,35.0,0.0,0.05,0.0,0.0,Nov,2,2,1,10,New_Visitor,0,0,0.11790393013100436,Low Intent
5,81.6,0,0.0,16,308.7,0.00952381,0.019047619,0.0,0.0,Sep,2,4,2,5,New_Visitor,0,0,0.09202453987730061,Low Intent
0,0.0,0,0.0,4,57.0,0.1,0.15,0.0,0.0,May,1,1,3,3,Returning_Visitor,1,0,0.0012126111560226355,Low Intent
1,206.0,2,69.5,65,1140.791667,0.0,0.020707071,6.641911419,0.0,Nov,2,2,4,2,Returning_Visitor,0,1,0.5813953488372093,Medium Intent
0,0.0,0,0.0,14,310.0,0.028571429,0.064285714,0.0,0.2,May,2,4,1,3,Returning_Visitor,0,0,0.0012126111560226355,Low Intent
6,77.33333333,1,52.33333333,6,126.6666667,0.0,0.016666667,0.0,0.0,Mar,1,1,1,2,Returning_Visitor,0,0,0.02480477721635278,Low Intent
5,83.0,0,0.0,5,29.5,0.044444444,0.059259259,0.0,0.0,Dec,1,1,4,2,Returning_Visitor,1,0,0.02480477721635278,Low Intent
1,80.0,2,48.0,25,879.6666667,0.0,0.007692308,0.0,0.0,May,1,1,4,2,New_Visitor,1,0,0.02480477721635278,Low Intent
0,0.0,0,0.0,15,148.9333333,0.0,0.04,0.0,0.0,June,4,2,1,13,Returning_Visitor,0,0,0.0012126111560226355,Low Intent
0,0.0,0,0.0,27,845.5,0.0,0.007407407,0.0,0.0,Mar,4,1,1,11,Returning_Visitor,1,0,0.0012126111560226355,Low Intent
0,0.0,0,0.0,29,453.9,0.101149425,0.128275862,0.0,0.0,Jul,1,1,1,3,Returning_Visitor,0,0,0.0012126111560226355,Low Intent
0,0.0,0,0.0,20,1055.333333,0.01,0.009285714,0.0,0.0,Nov,3,2,4,13,Returning_Visitor,0,0,0.05405405405405406,Low Intent
1,9.0,0,0.0,13,858.8333333,0.014285714,0.051190476,0.0,0.0,Nov,1,1,6,11,Returning_Visitor,0,1,0.05405405405405406,Low Intent
0,0.0,0,0.0,5,371.0,0.0,0.02,0.0,0.0,Mar,2,2,4,10,Returning_Visitor,0,0,0.0012126111560226355,Low Intent
0,0.0,0,0.0,11,194.0,0.0,0.018181818,0.0,0.0,Mar,2,2,6,1,Returning_Visitor,0,0,0.0012126111560226355,Low Intent
0,0.0,0,0.0,4,186.25,0.05,0.066666667,0.0,0.0,Nov,3,2,3,2,Returning_Visitor,0,0,0.05405405405405406,Low Intent
4,71.5,0,0.0,42,758.75,0.004444444,0.015555556,0.0,0.0,Mar,2,5,2,2,Returning_Visitor,0,0,0.02480477721635278,Low Intent
0,0.0,0,0.0,6,1566.5,0.05,0.066666667,0.0,0.2,Feb,1,1,1,3,Returning_Visitor,0,0,0.0012126111560226355,Low Intent
0,0.0,0,0.0,5,124.0,0.0,0.06,0.0,0.0,Nov,1,1,3,11,Returning_Visitor,0,0,0.05405405405405406,Low Intent
0,0.0,0,0.0,2,54.0,0.05,0.15,0.0,0.0,May,1,1,1,1,Returning_Visitor,0,0,0.0012126111560226355,Low Intent
0,0.0,0,0.0,19,950.0,0.0,0.011111111,0.0,0.0,May,1,1,1,2,Returning_Visitor,0,0,0.0012126111560226355,Low Intent
12,155.6,6,282.0,52,1283.052597,0.024747475,0.039201413,12.07468889,0.0,May,1,1,3,2,Returning_Visitor,0,0,0.5756097560975609,Medium Intent
1,19.0,0,0.0,40,1361.166667,0.005,0.0225,0.0,0.0,Mar,4,1,2,3,Returning_Visitor,1,0,0.02480477721635278,Low Intent
1,54.4,0,0.0,1,101.2727273,0.0,0.007042254,0.0,0.0,Sep,2,2,4,2,Returning_Visitor,0,0,0.09202453987730061,Low Intent
2,47.5,0,0.0,30,735.5833333,0.006896552,0.024137931,23.51024736,0.0,Dec,2,2,2,1,Returning_Visitor,0,0,0.5756097560975609,Medium Intent
6,111.0,0,0.0,13,522.0,0.0,0.011111111,36.65444444,0.0,May,2,2,2,2,New_Visitor,0,1,0.7888446215139442,High Intent
11,362.3,0,0.0,41,1081.713333,0.01,0.028830409,27.5128393,0.0,Sep,2,2,1,1,Returning_Visitor,1,0,0.5756097560975609,Medium Intent
0,0.0,0,0.0,4,87.875,0.0,0.026666667,0.0,0.0,Nov,1,1,4,10,Returning_Visitor,1,1,0.05405405405405406,Low Intent
1,7.0,7,141.0,25,1644.0,0.002150538,0.018817204,0.0,0.0,Mar,2,4,1,10,Returning_Visitor,0,0,0.02480477721635278,Low Intent
2,34.0,0,0.0,8,358.0,0.0,0.02,0.0,0.0,Mar,2,2,1,2,Returning_Visitor,0,0,0.02480477721635278,Low Intent
0,0.0,0,0.0,10,455.0,0.0,0.022222222,25.7526389,0.0,Dec,1,1,2,2,New_Visitor,0,1,0.964,High Intent
3,96.0,0,0.0,12,175.175,0.02,0.031111111,0.0,0.0,Dec,3,2,8,2,New_Visitor,0,0,0.02480477721635278,Low Intent
3,80.5,0,0.0,62,2337.196667,0.008196721,0.023911007,0.0,0.0,Aug,2,2,5,1,Returning_Visitor,0,0,0.02480477721635278,Low Intent
0,0.0,0,0.0,24,1762.25,0.008333333,0.016666667,0.0,0.0,Mar,2,2,2,1,Returning_Visitor,0,0,0.0012126111560226355,Low Intent
3,63.0,0,0.0,13,400.3333333,0.030769231,0.046153846,0.0,0.0,Mar,4,1,3,1,Returning_Visitor,0,0,0.02480477721635278,Low Intent
5,216.25,2,107.0,39,1056.511364,0.02,0.031666667,0.0,0.0,Dec,3,2,1,1,Returning_Visitor,1,0,0.02480477721635278,Low Intent
1,5.0,0,0.0,47,1480.233333,0.010416667,0.027824074,15.15643787,0.0,Nov,2,2,1,3,Returning_Visitor,1,1,0.39849624060150374,Medium Intent
7,102.5,0,0.0,9,64.75,0.0,0.027272727,0.0,0.0,Nov,2,2,5,2,New_Visitor,0,0,0.11790393013100436,Low Intent
3,37.3,4,166.0,67,3872.50942,0.039495923,0.04474971,2.341419718,0.0,May,3,2,3,2,Returning_Visitor,1,0,0.21727748691099477,Low Intent
0,0.0,0,0.0,3,60.0,0.0,0.066666667,0.0,0.0,Dec,1,1,7,2,Other,0,0,0.016100178890876567,Low Intent
2,78.0,0,0.0,24,424.0,0.0,0.001190476,0.0,0.0,Mar,1,1,3,10,New_Visitor,0,0,0.02480477721635278,Low Intent
0,0.0,0,0.0,9,73.66666667,0.0,0.022222222,0.0,0.2,May,2,2,1,3,Returning_Visitor,0,0,0.0012126111560226355,Low Intent
0,0.0,0,0.0,8,194.4,0.0,0.025,0.0,0.0,Aug,2,10,6,4,Returning_Visitor,0,0,0.0012126111560226355,Low Intent
4,164.0,0,0.0,30,2136.0,0.0,0.008333333,0.0,0.2,May,2,2,1,2,New_Visitor,0,0,0.02480477721635278,Low Intent
0,0.0,0,0.0,9,0.0,0.12,0.16,0.0,0.6,May,2,2,1,13,Returning_Visitor,0,0,0.0012126111560226355,Low Intent
2,50.5,1,7.0,27,916.9222222,0.0,0.009677419,0.0,0.0,Nov,1,2,1,8,New_Visitor,1,1,0.11790393013100436,Low Intent
4,162.0,3,75.5,4,158.5,0.0,0.016666667,0.0,0.0,Mar,2,4,1,10,Returning_Visitor,0,0,0.02480477721635278,Low Intent
6,190.9231928,0,0.0,7,603.2565261,0.021862348,0.034024526,0.0,0.0,Nov,1,1,3,2,Returning_Visitor,0,0,0.05405405405405406,Low Intent
6,91.5,0,0.0,9,115.5,0.018181818,0.018181818,0.0,0.0,May,3,2,9,3,Returning_Visitor,1,0,0.02480477721635278,Low Intent
2,87.0,0,0.0,106,3156.501914,0.000628931,0.009577934,0.0,0.0,May,4,2,3,6,Returning_Visitor,0,0,0.02480477721635278,Low Intent
1,151.5,0,0.0,10,304.75,0.0,0.007407407,0.0,0.0,Dec,3,2,2,2,Returning_Visitor,0,0,0.02480477721635278,Low Intent
2,94.7,0,0.0,23,897.19,0.0,0.002898551,0.0,0.0,Aug,3,2,3,2,New_Visitor,1,0,0.02480477721635278,Low Intent
5,88.0,0,0.0,34,3195.828571,0.002564103,0.015897436,0.0,0.0,May,2,2,3,2,Returning_Visitor,0,0,0.02480477721635278,Low Intent
5,206.0,0,0.0,15,650.6961927,0.0,0.018487395,0.0,0.0,Mar,1,1,1,3,New_Visitor,0,0,0.02480477721635278,Low Intent
2,100.0,1,12.0,44,1373.95,0.0,0.004545455,0.0,0.0,May,1,1,2,2,New_Visitor,1,0,0.02480477721635278,Low Intent
0,0.0,0,0.0,21,987.9,0.01,0.016666667,0.0,0.0,Dec,2,4,2,1,Returning_Visitor,0,0,0.016100178890876567,Low Intent
0,0.0,0,0.0,5,47.5,0.08,0.12,0.0,0.0,Dec,2,2,1,3,Returning_Visitor,0,0,0.016100178890876567,Low Intent
0,0.0,0,0.0,1,0.0,0.2,0.2,0.0,0.0,May,1,8,1,3,Returning_Visitor,0,0,0.0012126111560226355,Low Intent
0,0.0,0,0.0,23,1919.55,0.008695652,0.031884058,4.280302196,0.0,Nov,2,2,4,1,Returning_Visitor,0,0,0.39849624060150374,Medium Intent
0,0.0,0,0.0,6,339.0,0.0,0.033333333,0.0,0.0,Nov,1,1,1,3,Returning_Visitor,0,0,0.05405405405405406,Low Intent
5,850.0,0,0.0,20,1893.466667,0.0,0.02,0.0,0.0,Oct,2,4,9,2,Returning_Visitor,0,0,0.02480477721635278,Low Intent
6,82.14,0,0.0,12,191.1,0.0,0.0125,0.0,0.0,Nov,2,4,9,4,Returning_Visitor,0,0,0.05405405405405406,Low Intent
4,97.5,0,0.0,5,454.5,0.0,0.00625,0.0,0.0,Dec,2,2,7,2,New_Visitor,0,0,0.02480477721635278,Low Intent
6,78.75,0,0.0,24,465.7321429,0.0,0.015384615,0.0,0.0,Dec,4,2,1,2,New_Visitor,0,0,0.02480477721635278,Low Intent
0,0.0,0,0.0,3,112.0,0.0,0.033333333,0.0,0.0,Dec,1,1,2,2,Returning_Visitor,0,0,0.016100178890876567,Low Intent
0,0.0,0,0.0,6,64.33333333,0.0,0.006666667,0.0,0.8,May,2,2,1,1,Returning_Visitor,0,0,0.0012126111560226355,Low Intent
3,37.0,1,9.0,17,1075.713095,0.011111111,0.034920635,0.0,0.0,May,3,2,1,2,Returning_Visitor,1,0,0.02480477721635278,Low Intent
1,21.2,0,0.0,0,0.0,0.05,0.1,0.0,0.0,Oct,1,1,1,5,Returning_Visitor,0,0,0.02480477721635278,Low Intent
0,0.0,0,0.0,9,143.0,0.055555556,0.122222222,0.0,1.0,May,2,6,1,2,Returning_Visitor,1,0,0.0012126111560226355,Low Intent
0,0.0,0,0.0,3,823.5,0.0,0.066666667,0.0,0.0,Dec,2,2,3,8,Returning_Visitor,0,0,0.016100178890876567,Low Intent
15,292.88,1,48.35,130,3645.909048,0.001459854,0.008515815,10.41358118,0.0,Nov,2,4,8,2,Returning_Visitor,0,0,0.7857142857142857,High Intent
5,91.31666667,0,0.0,29,1352.976722,0.01125,0.024522672,7.91345877,0.0,Nov,1,1,6,1,Returning_Visitor,0,0,0.39849624060150374,Medium Intent
5,419.0,0,0.0,14,362.1029825,0.022916667,0.021979167,3.164088313,0.0,Jul,3,2,3,2,Returning_Visitor,1,1,0.3225806451612903,Medium Intent
8,196.55,0,0.0,27,422.5333333,0.0,0.009195402,0.0,0.0,Sep,2,4,1,2,Returning_Visitor,0,0,0.09202453987730061,Low Intent
3,109.0,0,0.0,70,2002.25,0.0,0.004166667,0.0,0.0,Nov,2,2,1,2,New_Visitor,0,0,0.16939890710382513,Low Intent
6,89.46666667,1,32.0,81,1141.061905,0.001605136,0.004809853,27.89977528,0.0,May,4,2,6,3,Returning_Visitor,1,0,0.5756097560975609,Medium Intent
3,16.0,0,0.0,29,423.1666667,0.010344828,0.029885057,0.0,0.0,Dec,3,2,6,1,Returning_Visitor,1,0,0.02480477721635278,Low Intent
3,155.6078431,1,14.0,108,2942.021588,0.00025974,0.013002525,7.890931935,0.0,Dec,1,1,2,10,Returning_Visitor,0,1,0.5813953488372093,Medium Intent
0,0.0,0,0.0,7,87.71428571,0.042857143,0.089285714,0.0,0.0,Mar,3,2,1,3,Returning_Visitor,0,0,0.0012126111560226355,Low Intent
1,26.5,0,0.0,13,470.5,0.0,0.016666667,41.422095,0.0,Nov,1,1,4,2,New_Visitor,0,1,0.964,High Intent
1,92.6,0,0.0,30,1126.392821,0.0,0.006666667,67.18378365,0.0,Nov,2,2,1,6,Returning_Visitor,0,1,0.964,High Intent
0,0.0,1,113.0,27,3178.583333,0.025,0.04047619,0.0,0.0,May,2,2,1,3,Returning_Visitor,0,0,0.0012126111560226355,Low Intent
0,0.0,0,0.0,9,246.5,0.125925926,0.138888889,0.0,0.0,Nov,1,1,3,1,Returning_Visitor,0,0,0.05405405405405406,Low Intent
0,0.0,0,0.0,8,370.0,0.0,0.025,0.0,0.0,May,2,2,3,14,Returning_Visitor,1,0,0.0012126111560226355,Low Intent
1,24.0,0,0.0,15,496.75,0.0,0.00625,115.48625,0.0,May,2,2,3,2,Returning_Visitor,0,1,0.964,High Intent
8,116.9722222,9,2252.033333,19,1135.880556,0.009677419,0.011841507,0.0,0.0,Jul,3,2,4,2,Returning_Visitor,1,0,0.128,Low Intent
0,0.0,0,0.0,15,296.0,0.0,0.04,0.0,0.0,Mar,2,5,2,3,Returning_Visitor,0,0,0.0012126111560226355,Low Intent
4,264.1333333,1,152.2,47,906.1166667,0.0,0.002614379,0.0,0.0,Aug,3,2,3,2,New_Visitor,1,0,0.02480477721635278,Low Intent
4,265.0,0,0.0,22,616.2033333,0.003846154,0.010470085,0.0,0.0,Nov,3,2,6,2,Returning_Visitor,1,0,0.05405405405405406,Low Intent
9,181.375,0,0.0,116,4426.650649,0.0,0.008064516,84.30663844,0.0,May,2,2,2,6,Returning_Visitor,1,1,0.5842696629213483,Medium Intent
5,49.8,0,0.0,32,955.3333333,0.01875,0.0390625,0.0,0.0,Aug,2,2,1,13,Returning_Visitor,0,0,0.02480477721635278,Low Intent
0,0.0,0,0.0,15,139.8333333,0.026666667,0.053333333,0.0,0.0,Mar,2,2,6,1,Returning_Visitor,0,0,0.0012126111560226355,Low Intent
9,126.2631579,2,50.83333333,59,2004.371491,0.008695652,0.030961792,0.0,0.0,Dec,2,2,6,3,Returning_Visitor,0,0,0.02480477721635278,Low Intent
0,0.0,0,0.0,12,250.25,0.05,0.083333333,0.0,0.0,Dec,1,1,1,3,Returning_Visitor,1,0,0.016100178890876567,Low Intent
12,381.5,1,22.2,154,7835.874629,0.012549679,0.022587818,0.0,0.0,Aug,3,2,1,2,Returning_Visitor,1,0,0.02480477721635278,Low Intent
2,187.9,4,100.1,29,2107.033333,0.0,0.024242424,0.0,0.0,Oct,1,1,3,1,Returning_Visitor,0,0,0.02480477721635278,Low Intent
0,0.0,0,0.0,33,3506.166667,0.0,0.025,0.0,0.0,Mar,1,1,1,1,Returning_Visitor,1,0,0.0012126111560226355,Low Intent
1,6.333333333,0,0.0,36,1378.166667,0.005555556,0.026587302,0.0,0.0,Nov,2,2,1,13,Returning_Visitor,1,0,0.05405405405405406,Low Intent
2,161.0,0,0.0,28,1286.75,0.0,0.007692308,0.0,0.0,May,1,2,6,4,Returning_Visitor,1,0,0.02480477721635278,Low Intent
4,84.75,0,0.0,46,962.9011905,0.004444444,0.01212963,0.0,0.0,Dec,1,1,6,2,Returning_Visitor,0,0,0.02480477721635278,Low Intent
0,0.0,0,0.0,10,211.8333333,0.0,0.04,0.0,0.0,Dec,2,2,3,13,Returning_Visitor,0,0,0.016100178890876567,Low Intent
2,26.75,0,0.0,103,2546.856685,0.014920635,0.025223356,0.0,0.0,Nov,3,2,1,1,Returning_Visitor,0,0,0.2736318407960199,Low Intent
0,0.0,0,0.0,93,2243.666667,0.010989011,0.031501832,0.0,0.0,Mar,2,4,8,1,Returning_Visitor,0,0,0.0012126111560226355,Low Intent
1,14.2,2,133.0,13,825.7990476,0.04,0.041666667,14.8397824,0.0,Nov,3,2,4,2,Returning_Visitor,0,0,0.39849624060150374,Medium Intent
0,0.0,0,0.0,44,1112.0,0.0,0.006818182,0.0,0.0,Mar,4,1,4,3,Returning_Visitor,1,0,0.0012126111560226355,Low Intent
9,795.2083333,0,0.0,118,4947.358038,0.001138211,0.011200631,2.270358059,0.0,Nov,3,2,5,2,Returning_Visitor,0,0,0.5,Medium Intent
4,65.9,0,0.0,73,3799.2,0.079279279,0.08481982,0.0,0.0,Aug,3,2,3,13,Returning_Visitor,0,0,0.02480477721635278,Low Intent
0,0.0,0,0.0,12,142.75,0.016666667,0.043055556,0.0,0.0,Nov,1,1,6,2,Returning_Visitor,0,0,0.05405405405405406,Low Intent
1,5.0,0,0.0,31,1263.9,0.0,0.009111111,0.0,0.0,Dec,2,2,7,2,Returning_Visitor,0,0,0.02480477721635278,Low Intent
11,201.84,0,0.0,48,2074.401905,0.0,0.016071429,7.248757745,0.0,Aug,2,7,3,1,Returning_Visitor,0,0,0.2839506172839506,Low Intent
0,0.0,2,26.5,149,6001.171475,0.004,0.022010916,0.0,0.0,Nov,2,2,1,2,Returning_Visitor,0,1,0.2736318407960199,Low Intent
5,122.1,3,158.5,167,8701.851617,0.002401067,0.012477354,0.0,0.0,Nov,2,2,1,2,Returning_Visitor,0,0,0.2736318407960199,Low Intent
7,215.2,0,0.0,119,4749.240385,0.015772358,0.031811847,1.164075388,0.8,May,3,2,6,6,Returning_Visitor,0,0,0.21727748691099477,Low Intent
0,0.0,0,0.0,2,22.0,0.0,0.05,0.0,0.0,Mar,1,1,3,15,Returning_Visitor,1,0,0.0012126111560226355,Low Intent
2,73.95833333,0,0.0,17,864.9983333,0.025,0.0375,27.83116147,0.0,Sep,3,2,4,1,Returning_Visitor,0,1,0.5756097560975609,Medium Intent
4,128.5,0,0.0,14,273.25,0.0,0.0125,0.0,0.0,May,1,8,4,4,Returning_Visitor,1,0,0.02480477721635278,Low Intent
7,156.5,1,122.0,26,694.7121212,0.0,0.00297619,0.0,0.0,Mar,2,4,1,2,Returning_Visitor,0,0,0.02480477721635278,Low Intent
4,80.6,0,0.0,39,639.4933333,0.0,0.005,0.0,0.0,Nov,1,2,1,20,Returning_Visitor,0,0,0.05405405405405406,Low Intent
1,13.0,4,37.5,32,675.6666667,0.005714286,0.028571429,0.0,0.0,Dec,2,4,1,10,Returning_Visitor,0,0,0.02480477721635278,Low Intent
0,0.0,0,0.0,2,29.0,0.0,0.05,0.0,0.0,Nov,1,1,3,3,Returning_Visitor,0,0,0.05405405405405406,Low Intent
1,75.0,4,250.6666667,44,1679.833333,0.0,0.001086957,45.8293144,0.0,Mar,2,2,1,2,New_Visitor,1,1,0.964,High Intent
0,0.0,0,0.0,2,0.0,0.2,0.2,0.0,0.0,Nov,1,1,1,1,Returning_Visitor,0,0,0.05405405405405406,Low Intent
5,77.5,0,0.0,5,90.33333333,0.025,0.04375,0.0,0.0,May,3,2,1,13,Returning_Visitor,0,0,0.02480477721635278,Low Intent
0,0.0,0,0.0,1,0.0,0.2,0.2,0.0,0.0,Dec,1,1,3,3,New_Visitor,1,0,0.016100178890876567,Low Intent
1,34.5,0,0.0,40,1473.658333,0.0,0.031153846,0.0,0.0,Nov,1,1,8,10,Returning_Visitor,1,0,0.05405405405405406,Low Intent
8,310.0666667,1,49.4,71,1441.974535,0.003013699,0.009218133,48.30461627,0.0,Oct,1,1,2,20,Returning_Visitor,1,1,0.21727748691099477,Low Intent
2,16.0,0,0.0,43,821.275,0.015873016,0.024900794,0.0,0.0,Nov,1,1,1,3,Returning_Visitor,0,0,0.05405405405405406,Low Intent
0,0.0,0,0.0,3,51.0,0.0,0.1,0.0,0.0,Nov,2,2,3,2,Other,0,0,0.11790393013100436,Low Intent
4,107.75,0,0.0,15,369.05,0.005555556,0.029365079,0.0,0.0,Nov,3,2,8,1,Returning_Visitor,0,0,0.05405405405405406,Low Intent
0,0.0,0,0.0,5,94.8,0.07,0.057777778,0.0,0.0,Nov,3,2,7,13,Returning_Visitor,0,0,0.05405405405405406,Low Intent
5,179.875,0,0.0,47,1011.319444,0.019607843,0.046744236,3.322660364,0.0,Nov,3,2,2,1,Returning_Visitor,0,1,0.39849624060150374,Medium Intent
7,598.0,3,144.5,83,6860.632738,0.011512297,0.039305682,0.0,0.4,May,2,2,1,2,Returning_Visitor,0,0,0.02480477721635278,Low Intent
2,37.0,0,0.0,46,3043.916667,0.030434783,0.05,0.0,0.0,Nov,2,2,3,2,Returning_Visitor,0,0,0.16939890710382513,Low Intent
0,0.0,0,0.0,20,1511.0,0.0,0.025,0.0,0.6,May,2,2,3,6,Returning_Visitor,0,0,0.0012126111560226355,Low Intent
2,287.2,0,0.0,16,473.2833333,0.0,0.002222222,0.0,0.0,Oct,2,2,1,2,New_Visitor,1,0,0.02480477721635278,Low Intent
2,39.0,0,0.0,9,128.0,0.0,0.018181818,0.0,0.0,May,2,2,1,2,New_Visitor,0,0,0.02480477721635278,Low Intent
6,180.0666667,0,0.0,3,111.8,0.0,0.007142857,0.0,0.0,Aug,2,2,9,5,New_Visitor,1,0,0.02480477721635278,Low Intent
4,132.0,0,0.0,7,1413.333333,0.036,0.029285714,0.0,0.0,Mar,3,2,7,8,Returning_Visitor,0,0,0.02480477721635278,Low Intent
1,32.3,1,26.5,51,1068.357692,0.01372549,0.043697479,7.570470024,0.0,Nov,2,10,2,2,Returning_Visitor,0,0,0.39849624060150374,Medium Intent
3,18.33333333,0,0.0,38,2635.177778,0.0,0.008947368,0.0,0.4,Feb,2,4,1,2,Returning_Visitor,0,0,0.02480477721635278,Low Intent
0,0.0,0,0.0,7,159.2,0.085714286,0.128571429,0.0,0.0,Aug,3,3,3,1,Returning_Visitor,1,0,0.0012126111560226355,Low Intent
1,4.0,1,10.0,274,5876.459165,0.002431163,0.013240553,0.0,0.0,Oct,2,2,9,2,Returning_Visitor,0,0,0.02480477721635278,Low Intent
0,0.0,0,0.0,2,35.5,0.0,0.1,0.0,0.0,Dec,2,6,1,11,Returning_Visitor,1,0,0.016100178890876567,Low Intent
0,0.0,0,0.0,25,317.5,0.0125,0.031944444,0.0,0.0,May,2,2,5,6,Returning_Visitor,0,0,0.0012126111560226355,Low Intent
4,142.5,0,0.0,56,1885.33744,0.010714286,0.038102106,5.04016763,0.0,Nov,2,5,3,11,Returning_Visitor,0,1,0.39849624060150374,Medium Intent
0,0.0,0,0.0,6,123.75,0.0,0.011111111,0.0,0.0,Dec,2,2,7,6,Returning_Visitor,0,0,0.016100178890876567,Low Intent
0,0.0,0,0.0,1,0.0,0.2,0.2,0.0,0.2,May,3,2,3,6,Returning_Visitor,0,0,0.0012126111560226355,Low Intent
3,117.8,0,0.0,62,2032.39696,0.005230769,0.01881429,0.0,0.0,Sep,3,2,6,4,Returning_Visitor,0,0,0.09202453987730061,Low Intent
0,0.0,0,0.0,24,580.2,0.0,0.012121212,17.12545455,0.0,Mar,2,2,1,1,Returning_Visitor,0,1,0.7916666666666666,High Intent
0,0.0,0,0.0,1,0.0,0.2,0.2,0.0,0.0,Feb,3,3,3,2,Returning_Visitor,1,0,0.0012126111560226355,Low Intent
0,0.0,0,0.0,47,2032.272727,0.017021277,0.023877069,0.0,0.0,Nov,3,2,7,1,Returning_Visitor,1,0,0.16939890710382513,Low Intent
0,0.0,0,0.0,34,508.558547,0.014705882,0.027528909,0.0,0.0,Dec,2,2,3,10,Returning_Visitor,0,0,0.016100178890876567,Low Intent
10,183.75,1,15.0,70,2860.5,0.009876543,0.025308642,8.488518519,0.0,May,4,1,4,3,Returning_Visitor,1,0,0.21727748691099477,Low Intent
7,96.6,0,0.0,9,230.62,0.028571429,0.028571429,71.23156574,0.0,Nov,3,2,1,1,Returning_Visitor,0,0,0.39849624060150374,Medium Intent
0,0.0,0,0.0,7,272.5,0.0,0.033333333,0.0,0.0,Mar,1,1,6,2,New_Visitor,1,0,0.0012126111560226355,Low Intent
0,0.0,0,0.0,1,0.0,0.2,0.2,0.0,0.0,Feb,1,1,4,3,Returning_Visitor,0,0,0.0012126111560226355,Low Intent
0,0.0,0,0.0,4,57.66666667,0.0,0.025,0.0,0.0,Nov,3,2,1,2,Returning_Visitor,0,0,0.05405405405405406,Low Intent
1,11.0,0,0.0,29,664.75,0.0,0.005057471,0.0,0.0,Mar,3,2,1,2,Returning_Visitor,0,0,0.02480477721635278,Low Intent
4,95.75,12,886.25,154,7838.556598,0.00376506,0.014926307,0.0,0.0,Nov,3,2,6,2,Returning_Visitor,1,0,0.2736318407960199,Low Intent
3,45.0,0,0.0,10,579.3333333,0.0,0.022222222,0.0,0.0,May,1,1,2,5,New_Visitor,0,0,0.02480477721635278,Low Intent
0,0.0,0,0.0,7,38.0,0.142857143,0.171428571,0.0,0.0,May,2,2,2,13,Returning_Visitor,0,0,0.0012126111560226355,Low Intent
1,68.0,0,0.0,55,4277.0,0.003636364,0.021212121,7.291757576,0.0,May,1,1,1,1,Returning_Visitor,1,0,0.21727748691099477,Low Intent
0,0.0,0,0.0,4,54.5,0.1,0.15,0.0,0.0,Nov,2,2,1,10,Returning_Visitor,0,0,0.05405405405405406,Low Intent
1,22.2,0,0.0,34,781.8,0.017142857,0.028571429,0.0,0.0,Oct,2,2,6,1,Returning_Visitor,1,0,0.02480477721635278,Low Intent
0,0.0,0,0.0,48,1510.383333,0.008510638,0.030927052,16.61211742,0.0,Aug,2,4,3,1,Returning_Visitor,0,0,0.21727748691099477,Low Intent
3,548.5,0,0.0,9,117.0,0.0,0.016666667,0.0,0.0,Nov,2,4,1,2,Returning_Visitor,1,0,0.05405405405405406,Low Intent
0,0.0,0,0.0,20,528.0,0.0,0.0075,31.1904,0.6,May,2,2,1,4,New_Visitor,0,1,0.964,High Intent
0,0.0,0,0.0,6,903.3571429,0.054545455,0.054385965,0.0,0.0,Dec,3,3,1,3,Returning_Visitor,0,0,0.016100178890876567,Low Intent
0,0.0,0,0.0,8,204.75,0.0,0.033333333,0.0,0.0,Dec,1,1,1,1,Returning_Visitor,1,0,0.016100178890876567,Low Intent
0,0.0,0,0.0,17,582.4,0.066666667,0.071111111,0.0,0.2,May,3,2,4,13,Returning_Visitor,0,0,0.0012126111560226355,Low Intent
7,200.5,0,0.0,66,2656.183333,0.000925926,0.009652076,2.208494444,0.0,May,2,2,1,1,Returning_Visitor,0,0,0.21727748691099477,Low Intent
0,0.0,0,0.0,4,25.0,0.05,0.1,0.0,0.0,May,3,2,3,3,Returning_Visitor,0,0,0.0012126111560226355,Low Intent
4,120.7,0,0.0,5,74.4,0.0,0.022222222,0.0,0.0,Oct,2,2,4,5,New_Visitor,0,0,0.02480477721635278,Low Intent
0,0.0,0,0.0,15,125.25,0.025,0.05,0.0,0.6,May,2,2,6,13,Returning_Visitor,0,0,0.0012126111560226355,Low Intent
16,313.8666667,3,153.5,156,3899.001328,0.000170068,0.011252929,1.534835979,0.0,May,2,2,2,4,Returning_Visitor,0,0,0.2839506172839506,Low Intent
3,40.0,0,0.0,5,189.4166667,0.0,0.016666667,0.0,0.0,Dec,1,8,3,11,Returning_Visitor,1,0,0.02480477721635278,Low Intent
2,69.0,0,0.0,51,2103.628837,0.0,0.015384615,40.659727,0.0,Sep,2,2,4,13,Returning_Visitor,0,1,0.7888446215139442,High Intent
8,236.8333333,0,0.0,20,411.3888889,0.00952381,0.016825397,17.39171429,0.0,May,3,2,3,3,Returning_Visitor,1,1,0.5756097560975609,Medium Intent
2,25.0,0,0.0,36,1445.6,0.005714286,0.036190476,0.0,1.0,May,3,3,3,2,Returning_Visitor,1,0,0.02480477721635278,Low Intent
4,100.6,2,5.0,93,2002.76,0.008163265,0.026598639,0.0,0.0,Sep,2,2,3,13,Returning_Visitor,0,0,0.09202453987730061,Low Intent
0,0.0,0,0.0,2,12.0,0.0,0.1,0.0,0.0,Dec,3,2,3,13,Returning_Visitor,0,0,0.016100178890876567,Low Intent
0,0.0,0,0.0,10,111.4166667,0.0,0.025,0.0,0.0,May,2,2,1,2,Returning_Visitor,0,0,0.0012126111560226355,Low Intent
3,430.8333333,1,262.0,49,2338.567766,0.023529412,0.028907563,9.609529412,0.6,May,3,2,4,4,Returning_Visitor,0,1,0.21727748691099477,Low Intent
0,0.0,0,0.0,1,0.0,0.2,0.2,0.0,0.0,Jul,1,1,1,2,Returning_Visitor,0,0,0.0012126111560226355,Low Intent
6,331.25,3,365.25,6,267.0,0.0,0.021428571,0.0,0.0,Dec,1,2,7,3,Returning_Visitor,1,0,0.02480477721635278,Low Intent
7,73.23333333,1,0.0,310,7710.731416,3.94e-05,0.00751105,0.098621403,0.0,Jul,4,1,1,4,Returning_Visitor,0,1,0.128,Low Intent
6,88.0,0,0.0,17,538.9666667,0.0,0.021929825,0.0,0.0,May,2,2,5,4,Returning_Visitor,0,0,0.02480477721635278,Low Intent
0,0.0,0,0.0,10,428.6666667,0.0,0.022222222,36.256,0.4,May,2,2,5,2,New_Visitor,0,1,0.964,High Intent
3,46.0,3,53.5,15,270.5714286,0.042105263,0.069736842,12.15210526,0.0,May,3,2,4,5,Returning_Visitor,1,0,0.5756097560975609,Medium Intent
0,0.0,6,97.16666667,81,3466.794048,0.018431373,0.022050322,0.0,0.0,Nov,3,2,1,13,Returning_Visitor,1,0,0.2736318407960199,Low Intent
0,0.0,4,14.0,8,284.7,0.016666667,0.047222222,0.0,0.0,Nov,3,2,7,2,Returning_Visitor,0,1,0.16853932584269662,Low Intent
4,43.46666667,0,0.0,4,27.26666667,0.0,0.028571429,0.0,0.0,Sep,1,1,1,5,New_Visitor,0,1,0.47058823529411764,Medium Intent
5,1023.0,0,0.0,46,4681.894444,0.008,0.024380952,0.0,0.8,May,2,2,7,13,Returning_Visitor,0,0,0.02480477721635278,Low Intent
2,59.5,1,20.0,96,5604.977381,0.004888889,0.016624762,5.344898889,0.0,May,2,7,1,6,Returning_Visitor,0,1,0.21727748691099477,Low Intent
7,241.8611111,3,228.0,154,4755.224054,0.009808489,0.029142563,1.104440234,0.0,Nov,1,2,2,1,Returning_Visitor,0,0,0.2736318407960199,Low Intent
10,130.55,1,23.2,7,128.2333333,0.006666667,0.015238095,0.0,0.0,Oct,2,2,6,5,New_Visitor,0,0,0.02480477721635278,Low Intent
0,0.0,0,0.0,20,2846.833333,0.006666667,0.0475,0.0,0.0,Nov,2,2,3,1,Returning_Visitor,0,0,0.16939890710382513,Low Intent
10,161.7083333,1,0.0,126,2645.833333,0.004511278,0.01597088,2.776907268,0.6,May,3,2,2,3,Returning_Visitor,0,0,0.21727748691099477,Low Intent
2,47.5,0,0.0,5,116.5,0.0,0.005714286,0.0,0.0,Mar,3,2,5,2,Returning_Visitor,1,0,0.02480477721635278,Low Intent
0,0.0,0,0.0,12,168.0,0.041666667,0.063888889,0.0,0.0,Nov,2,2,1,1,Returning_Visitor,0,0,0.05405405405405406,Low Intent
0,0.0,0,0.0,4,26.0,0.05,0.1,0.0,0.4,May,2,2,1,13,Returning_Visitor,0,0,0.0012126111560226355,Low Intent
2,163.0,0,0.0,136,4201.508333,0.0,0.011265083,0.0,0.0,Dec,3,2,3,3,Returning_Visitor,0,0,0.02480477721635278,Low Intent
3,49.4,4,321.4,91,6418.819048,0.018181818,0.046632997,13.83791777,0.0,Jul,2,2,1,3,Returning_Visitor,0,0,0.21727748691099477,Low Intent
0,0.0,0,0.0,52,2180.217803,0.0,0.012515263,0.0,0.0,Dec,2,2,4,2,Returning_Visitor,0,0,0.016100178890876567,Low Intent
5,68.0,2,9.0,32,1195.583333,0.01981982,0.036486486,32.0201901,0.0,Nov,2,5,3,2,Returning_Visitor,0,1,0.39849624060150374,Medium Intent
3,73.2,5,124.2666667,10,239.7,0.0,0.0025,0.0,0.0,Sep,2,2,5,1,New_Visitor,0,0,0.09202453987730061,Low Intent
0,0.0,0,0.0,16,156.5333333,0.0,0.04375,0.0,0.0,Mar,2,4,1,3,Returning_Visitor,0,0,0.0012126111560226355,Low Intent
0,0.0,0,0.0,19,517.0,0.010526316,0.026315789,0.0,0.0,Dec,4,1,7,1,Returning_Visitor,1,0,0.016100178890876567,Low Intent
5,70.20765027,0,0.0,89,2542.60431,0.001811594,0.012188596,5.887666731,0.0,Nov,2,2,4,2,Returning_Visitor,0,1,0.7857142857142857,High Intent
1,19.0,1,0.0,56,2954.759524,0.013793103,0.049396552,0.0,0.6,May,2,2,3,6,Returning_Visitor,0,0,0.02480477721635278,Low Intent
1,30.0,3,16.5,99,3072.305403,0.001960784,0.020506536,7.300656863,0.0,May,2,2,1,1,Returning_Visitor,1,0,0.21727748691099477,Low Intent
3,107.8,0,0.0,11,362.6,0.0,0.004761905,0.0,0.0,Sep,2,2,2,4,Returning_Visitor,0,0,0.09202453987730061,Low Intent
0,0.0,0,0.0,1,0.0,0.2,0.2,0.0,0.0,June,1,1,9,5,Returning_Visitor,0,0,0.0012126111560226355,Low Intent
12,418.3333333,2,85.0,127,6931.049725,0.004347826,0.015855776,2.321101087,1.0,May,2,2,5,6,Returning_Visitor,1,0,0.21727748691099477,Low Intent
0,0.0,0,0.0,1,0.0,0.2,0.2,0.0,0.8,May,2,2,3,13,Returning_Visitor,0,0,0.0012126111560226355,Low Intent
3,83.0,4,220.25,106,2974.734799,0.005165165,0.02044187,19.03391341,0.0,Nov,2,2,7,2,Returning_Visitor,0,1,0.7857142857142857,High Intent
0,0.0,1,255.0,15,1418.25,0.0,0.00625,0.0,0.0,Mar,2,2,3,1,Returning_Visitor,0,0,0.0012126111560226355,Low Intent
0,0.0,0,0.0,1,0.0,0.2,0.2,0.0,0.0,Jul,1,1,1,1,Returning_Visitor,0,0,0.0012126111560226355,Low Intent
10,204.0952381,1,170.0,138,4042.949908,0.004026846,0.01446207,18.21579469,0.0,Dec,2,2,1,6,Returning_Visitor,0,1,0.21727748691099477,Low Intent
6,262.02,0,0.0,25,688.4533333,0.0,0.025904762,2.368830117,0.0,Sep,2,2,3,2,Returning_Visitor,0,0,0.2839506172839506,Low Intent
3,39.0,0,0.0,6,1180.5,0.0,0.022222222,0.0,0.0,May,2,2,1,3,Returning_Visitor,0,0,0.02480477721635278,Low Intent
0,0.0,0,0.0,7,384.5,0.0,0.028571429,0.0,0.0,May,2,4,1,5,Returning_Visitor,0,0,0.0012126111560226355,Low Intent
0,0.0,0,0.0,20,526.8,0.0,0.010526316,104.2012273,0.0,Sep,2,2,1,2,Returning_Visitor,0,1,0.964,High Intent
0,0.0,0,0.0,2,0.0,0.2,0.2,0.0,0.0,Oct,1,2,2,5,Returning_Visitor,0,0,0.0012126111560226355,Low Intent
3,42.6,2,41.5,18,1049.516667,0.023809524,0.03968254,14.25648352,0.0,Mar,3,2,2,3,Returning_Visitor,1,1,0.5756097560975609,Medium Intent
12,310.6333333,0,0.0,28,606.4166667,0.027619048,0.03614966,0.0,0.0,May,3,2,2,1,Returning_Visitor,1,0,0.02480477721635278,Low Intent
0,0.0,0,0.0,11,461.0,0.036363636,0.054545455,0.0,0.0,Dec,2,2,5,6,Returning_Visitor,0,0,0.016100178890876567,Low Intent
8,127.7,3,36.0,70,1675.525366,0.018181818,0.026731602,15.02583766,0.0,May,3,2,3,11,Returning_Visitor,0,0,0.21727748691099477,Low Intent
1,28.5,0,0.0,79,1608.214286,0.002597403,0.007748918,0.0,0.0,Nov,1,1,3,3,Returning_Visitor,0,0,0.05405405405405406,Low Intent
2,11.0,3,123.3333333,34,448.75,0.021621622,0.048648649,0.0,0.0,Mar,2,10,6,1,Returning_Visitor,0,0,0.02480477721635278,Low Intent
1,7.5,0,0.0,19,216.1666667,0.038095238,0.058730159,0.0,0.6,May,2,5,1,3,Returning_Visitor,0,0,0.02480477721635278,Low Intent
4,171.5,0,0.0,75,2416.060484,0.007699443,0.036664764,0.0,0.0,Nov,2,2,2,1,Returning_Visitor,0,1,0.2736318407960199,Low Intent
0,0.0,0,0.0,49,938.0416667,0.00375,0.010664683,0.0,0.0,Dec,1,1,7,2,Returning_Visitor,0,0,0.016100178890876567,Low Intent
1,0.0,3,92.5,9,359.1666667,0.0,0.018181818,58.16727273,0.0,May,1,1,1,5,New_Visitor,0,1,0.964,High Intent
0,0.0,0,0.0,7,71.6,0.028571429,0.071428571,0.0,0.0,Nov,1,1,9,4,Returning_Visitor,0,0,0.05405405405405406,Low Intent
0,0.0,2,62.33333333,34,1122.272727,0.047222222,0.071018519,0.0,0.8,May,2,2,4,6,Returning_Visitor,0,0,0.0012126111560226355,Low Intent
0,0.0,0,0.0,13,399.5,0.0,0.005128205,0.0,1.0,May,3,2,5,1,Returning_Visitor,1,0,0.0012126111560226355,Low Intent
0,0.0,0,0.0,1,0.0,0.2,0.2,0.0,0.0,Nov,2,2,1,1,Returning_Visitor,0,0,0.05405405405405406,Low Intent
5,108.2,0,0.0,37,1288.533333,0.005263158,0.028070175,0.0,0.0,Mar,2,2,1,1,Returning_Visitor,0,0,0.02480477721635278,Low Intent
1,6.0,0,0.0,45,2487.333333,0.018604651,0.066666667,0.0,0.0,May,2,2,7,11,Returning_Visitor,0,0,0.02480477721635278,Low Intent
1,0.0,0,0.0,24,991.4222222,0.0,0.008333333,17.62211147,0.0,Nov,2,2,4,2,New_Visitor,1,1,0.7916666666666666,High Intent
4,65.4,0,0.0,23,1954.4,0.0,0.006666667,15.13596148,0.0,Aug,2,2,3,2,Returning_Visitor,0,0,0.7888446215139442,High Intent
0,0.0,0,0.0,25,960.0,0.016,0.054666667,0.0,0.4,May,2,2,1,11,Returning_Visitor,0,0,0.0012126111560226355,Low Intent
2,110.5,1,48.0,5,156.0,0.0,0.028571429,0.0,0.0,Dec,2,2,1,2,New_Visitor,0,0,0.02480477721635278,Low Intent
3,335.0,0,0.0,6,1615.0,0.0,0.016666667,0.0,0.8,May,3,3,1,4,Returning_Visitor,0,0,0.02480477721635278,Low Intent
3,875.0,0,0.0,34,780.7916667,0.0,0.015675676,0.0,0.0,Dec,4,2,3,2,Returning_Visitor,1,0,0.02480477721635278,Low Intent
1,23.0,0,0.0,16,281.75,0.0,0.014285714,0.0,0.0,Nov,8,2,1,2,Returning_Visitor,0,0,0.05405405405405406,Low Intent
0,0.0,0,0.0,33,663.2333333,0.026470588,0.059803922,0.0,0.8,May,3,2,3,13,Returning_Visitor,0,0,0.0012126111560226355,Low Intent
2,34.0,0,0.0,18,671.0,0.0,0.010526316,0.0,0.0,Mar,3,2,3,11,New_Visitor,1,0,0.02480477721635278,Low Intent
7,398.0,0,0.0,27,770.3133333,0.006060606,0.03030303,10.05190252,0.0,Oct,1,8,3,3,Returning_Visitor,0,1,0.3225806451612903,Medium Intent
1,11.0,1,10.0,74,3487.12471,0.002739726,0.009519461,0.0,0.0,Nov,3,2,4,3,Returning_Visitor,1,0,0.16939890710382513,Low Intent
2,25.0,3,52.0,60,4139.625,0.013636364,0.032912458,5.976060606,0.4,May,2,2,4,13,Returning_Visitor,0,0,0.21727748691099477,Low Intent
1,19.0,0,0.0,100,3457.285317,0.006122449,0.028231293,0.0,0.0,Nov,2,2,1,2,Returning_Visitor,0,0,0.2736318407960199,Low Intent
0,0.0,0,0.0,13,472.9952381,0.015384615,0.030769231,0.0,0.0,May,2,4,2,3,Returning_Visitor,1,0,0.0012126111560226355,Low Intent
0,0.0,0,0.0,10,229.25,0.0,0.06,0.0,0.0,Mar,1,1,6,2,Returning_Visitor,0,0,0.0012126111560226355,Low Intent
7,199.8333333,0,0.0,27,669.9333333,0.0,0.0,0.0,0.0,Aug,2,5,1,2,New_Visitor,1,0,0.02480477721635278,Low Intent
0,0.0,0,0.0,19,1138.793636,0.0,0.007017544,0.0,0.0,Aug,2,4,3,2,Returning_Visitor,0,0,0.0012126111560226355,Low Intent
1,26.2,0,0.0,13,245.1666667,0.0,0.0,58.9241766,0.0,Aug,2,5,3,4,New_Visitor,0,1,0.964,High Intent
0,0.0,0,0.0,12,582.5,0.0,0.006666667,0.0,0.0,May,2,4,4,2,New_Visitor,1,0,0.0012126111560226355,Low Intent
0,0.0,0,0.0,2,9.0,0.0,0.1,0.0,0.0,Mar,2,2,1,3,Returning_Visitor,1,0,0.0012126111560226355,Low Intent
0,0.0,0,0.0,19,725.9,0.0,0.005263158,0.0,0.0,May,1,2,1,4,Returning_Visitor,0,0,0.0012126111560226355,Low Intent
2,35.0,0,0.0,2,6.0,0.0,0.05,0.0,0.0,Mar,2,2,9,2,New_Visitor,0,0,0.02480477721635278,Low Intent
7,611.0333333,2,13.0,81,1719.375714,0.004494382,0.009737828,6.49444108,0.0,Oct,1,1,6,2,Returning_Visitor,1,0,0.21727748691099477,Low Intent
4,211.8,0,0.0,15,512.9,0.0,0.00625,0.0,0.0,Nov,1,1,3,2,New_Visitor,0,0,0.11790393013100436,Low Intent
6,202.4,1,0.0,22,2006.046667,0.007142857,0.032738095,8.052231522,0.0,Nov,6,5,4,2,Returning_Visitor,0,0,0.39849624060150374,Medium Intent
0,0.0,0,0.0,38,1787.395833,0.004824561,0.031871345,0.0,0.0,Nov,2,2,4,2,New_Visitor,0,0,0.11790393013100436,Low Intent
15,169.0333333,0,0.0,223,2477.53655,0.0,0.003694084,0.17982681,0.0,Oct,2,2,7,3,Returning_Visitor,1,0,0.02480477721635278,Low Intent
7,213.3916667,0,0.0,32,1350.391667,0.0,0.017877551,0.0,0.0,Mar,2,2,1,8,Returning_Visitor,1,0,0.02480477721635278,Low Intent
0,0.0,0,0.0,2,46.0,0.0,0.1,0.0,0.0,May,2,4,3,4,Returning_Visitor,0,0,0.0012126111560226355,Low Intent
5,75.5,0,0.0,24,1009.95,0.007407407,0.018518519,0.0,0.0,Nov,2,4,6,3,Returning_Visitor,0,0,0.05405405405405406,Low Intent
8,123.0,0,0.0,8,95.0,0.009090909,0.027272727,0.0,0.4,May,1,1,5,2,New_Visitor,0,0,0.02480477721635278,Low Intent
0,0.0,0,0.0,8,122.75,0.0,0.028571429,0.0,0.0,Nov,3,2,1,2,New_Visitor,0,0,0.11790393013100436,Low Intent
0,0.0,0,0.0,6,203.0,0.0,0.033333333,0.0,0.0,Nov,4,1,2,3,Returning_Visitor,0,0,0.05405405405405406,Low Intent
2,41.5,0,0.0,10,264.25,0.016666667,0.025,0.0,0.0,Nov,1,4,8,8,New_Visitor,1,1,0.11790393013100436,Low Intent
0,0.0,0,0.0,11,1289.333333,0.0,0.022222222,0.0,0.0,Dec,1,1,6,2,New_Visitor,0,0,0.016100178890876567,Low Intent
12,569.825,0,0.0,127,6065.016218,0.006716418,0.009265038,0.152167439,0.0,Aug,1,1,2,4,Returning_Visitor,0,1,0.02480477721635278,Low Intent
5,20.0,0,0.0,72,3220.887143,0.024937343,0.061688596,0.975803268,0.0,Oct,4,1,2,1,Returning_Visitor,0,0,0.02480477721635278,Low Intent
5,119.15,0,0.0,17,457.2333333,0.0,0.007407407,0.0,0.0,May,3,2,3,2,Returning_Visitor,0,0,0.02480477721635278,Low Intent
12,271.3,3,627.75,40,1358.874152,0.016571429,0.019758242,10.0674357,0.0,Dec,1,2,2,2,Returning_Visitor,0,0,0.21727748691099477,Low Intent
18,514.075,4,67.5,178,6630.479365,0.003645833,0.010805067,0.0,0.0,Nov,3,2,1,8,Returning_Visitor,0,1,0.2736318407960199,Low Intent
0,0.0,0,0.0,15,865.0,0.026666667,0.04,57.584,0.0,May,2,2,1,4,Returning_Visitor,0,0,0.5756097560975609,Medium Intent
1,23.31428571,0,0.0,15,124.9142857,0.0,0.016369048,4.90908873,0.0,Jul,2,2,3,2,Returning_Visitor,0,0,0.5813953488372093,Medium Intent
7,99.8,5,466.4,28,839.7333333,0.001754386,0.009231412,0.0,0.0,Nov,2,2,3,1,Returning_Visitor,0,1,0.16853932584269662,Low Intent
1,5.0,0,0.0,63,1405.327056,0.003174603,0.006349206,8.44235219,0.0,Nov,2,2,1,1,Returning_Visitor,0,1,0.7857142857142857,High Intent
0,0.0,0,0.0,63,2777.616667,0.0,0.014086022,0.0,0.0,Mar,2,2,3,1,Returning_Visitor,0,0,0.0012126111560226355,Low Intent
2,267.8,0,0.0,6,616.5,0.028571429,0.038095238,0.0,0.0,Sep,3,2,3,4,Returning_Visitor,0,0,0.09202453987730061,Low Intent
4,31.70833333,1,4.0,51,946.3934211,0.02254902,0.035630252,10.37175846,0.0,Nov,1,1,3,2,Returning_Visitor,0,0,0.39849624060150374,Medium Intent
4,87.0,0,0.0,14,280.5,0.025,0.04375,0.0,0.0,May,2,2,1,4,Returning_Visitor,0,0,0.02480477721635278,Low Intent
2,77.0,0,0.0,43,1607.297619,0.002272727,0.015909091,0.0,0.0,Mar,2,2,1,2,Returning_Visitor,0,0,0.02480477721635278,Low Intent
0,0.0,0,0.0,9,79.75,0.0,0.025,0.0,0.0,Dec,2,4,1,2,Returning_Visitor,1,0,0.016100178890876567,Low Intent
3,43.0,4,81.0,132,5091.890896,0.006521739,0.029863649,0.0,0.0,Nov,2,2,4,2,Returning_Visitor,1,1,0.2736318407960199,Low Intent
2,10.0,5,53.0,37,1578.0,0.0,0.0125,0.0,0.8,May,2,2,7,4,Returning_Visitor,0,0,0.02480477721635278,Low Intent
0,0.0,0,0.0,16,576.3,0.016666667,0.011458333,0.0,0.0,Nov,3,2,1,2,Returning_Visitor,0,0,0.05405405405405406,Low Intent
4,102.0833333,0,0.0,21,863.1666667,0.0,0.015833333,0.0,0.0,Dec,1,1,1,8,Returning_Visitor,0,0,0.02480477721635278,Low Intent
0,0.0,2,22.0,41,979.375,0.004651163,0.009302326,0.0,0.0,Nov,2,2,3,2,Returning_Visitor,1,0,0.16853932584269662,Low Intent
0,0.0,0,0.0,15,340.1,0.0,0.04,0.0,0.0,Aug,2,2,1,1,Returning_Visitor,0,0,0.0012126111560226355,Low Intent
4,699.0,0,0.0,9,261.7,0.0,0.020512821,0.0,0.0,May,3,2,3,11,New_Visitor,0,0,0.02480477721635278,Low Intent
2,26.0,0,0.0,38,1689.708333,0.0125,0.0295,0.0,0.0,Nov,2,2,1,13,Returning_Visitor,0,0,0.05405405405405406,Low Intent
4,170.5,0,0.0,20,1052.833333,0.010526316,0.015789474,0.0,0.0,Nov,1,1,6,3,New_Visitor,0,0,0.11790393013100436,Low Intent
0,0.0,0,0.0,19,621.7266667,0.010526316,0.024035088,0.0,0.0,Jul,1,1,1,2,Returning_Visitor,0,0,0.0012126111560226355,Low Intent
1,11.1,0,0.0,48,830.3142529,0.004347826,0.017619048,0.0,0.0,Nov,1,1,1,3,Returning_Visitor,0,0,0.05405405405405406,Low Intent
0,0.0,0,0.0,5,73.0,0.04,0.08,0.0,0.4,May,2,2,1,3,Returning_Visitor,0,0,0.0012126111560226355,Low Intent
3,52.75,0,0.0,69,909.1548701,0.002857143,0.012225275,8.086657063,0.0,Dec,2,2,1,7,Returning_Visitor,0,0,0.3225806451612903,Medium Intent
0,0.0,0,0.0,14,1131.208333,0.0,0.015384615,94.19490268,0.0,Nov,3,2,3,11,Returning_Visitor,1,1,0.964,High Intent
5,97.5,0,0.0,24,758.1444444,0.04,0.059846154,0.0,0.0,Mar,3,2,2,1,Returning_Visitor,1,0,0.02480477721635278,Low Intent
0,0.0,0,0.0,3,46.75,0.0,0.066666667,0.0,0.0,Nov,2,2,3,10,Returning_Visitor,0,0,0.05405405405405406,Low Intent
2,96.75,0,0.0,103,3216.920172,0.012190476,0.030754266,0.0,0.0,Dec,2,2,6,2,Returning_Visitor,1,0,0.02480477721635278,Low Intent
0,0.0,0,0.0,19,380.9464286,0.0,0.013947368,0.0,0.0,Nov,3,2,4,2,Returning_Visitor,0,1,0.05405405405405406,Low Intent
0,0.0,0,0.0,63,1320.189881,0.0,0.000468384,0.0,0.0,Nov,2,6,1,2,Returning_Visitor,0,0,0.05405405405405406,Low Intent
0,0.0,0,0.0,4,741.4,0.05,0.075,0.0,0.0,Oct,2,2,7,1,Returning_Visitor,0,0,0.0012126111560226355,Low Intent
0,0.0,0,0.0,3,50.0,0.0,0.033333333,0.0,0.0,Mar,2,2,1,2,Returning_Visitor,0,0,0.0012126111560226355,Low Intent
0,0.0,0,0.0,10,627.5,0.02,0.05,0.0,0.0,Feb,3,3,1,4,Returning_Visitor,1,0,0.0012126111560226355,Low Intent
6,95.6,0,0.0,12,582.7333333,0.014285714,0.035714286,21.32413414,0.0,Sep,2,2,8,7,Returning_Visitor,0,0,0.5756097560975609,Medium Intent
6,66.16666667,2,120.0,204,9143.435714,0.004807692,0.015384615,0.0,0.4,May,2,2,7,4,Returning_Visitor,0,0,0.02480477721635278,Low Intent
5,140.6,0,0.0,16,423.5,0.0125,0.0125,0.0,0.0,Aug,3,2,1,3,Returning_Visitor,1,0,0.02480477721635278,Low Intent
1,44.5,0,0.0,18,519.5,0.0,0.035,20.394,0.0,May,2,2,7,13,Returning_Visitor,0,0,0.7916666666666666,High Intent
0,0.0,0,0.0,17,287.75,0.073529412,0.121568627,0.0,0.6,May,2,2,1,4,Returning_Visitor,0,0,0.0012126111560226355,Low Intent
0,0.0,0,0.0,12,404.0,0.0,0.033333333,0.0,0.0,May,2,4,6,1,Returning_Visitor,0,0,0.0012126111560226355,Low Intent
6,31.0,0,0.0,17,1494.25,0.020289855,0.031449275,0.0,0.0,Nov,1,1,3,7,Returning_Visitor,0,0,0.05405405405405406,Low Intent
10,341.4285714,0,0.0,78,2588.077268,0.008333333,0.012068881,2.554071429,0.0,May,3,2,2,6,Returning_Visitor,1,0,0.21727748691099477,Low Intent
3,94.7,0,0.0,20,366.6166667,0.009090909,0.004545455,0.0,0.0,Jul,1,1,2,4,New_Visitor,0,0,0.128,Low Intent
0,0.0,0,0.0,17,532.75,0.013333333,0.046666667,0.0,0.0,Dec,1,1,3,1,Returning_Visitor,1,0,0.016100178890876567,Low Intent
0,0.0,0,0.0,4,32.0,0.0,0.05,0.0,0.0,Dec,2,2,3,2,Returning_Visitor,0,0,0.016100178890876567,Low Intent
0,0.0,0,0.0,12,305.4,0.0,0.019444444,0.0,0.0,Dec,3,2,1,11,Returning_Visitor,0,0,0.016100178890876567,Low Intent
3,47.0,0,0.0,66,2582.69697,0.003030303,0.012121212,11.96954545,0.0,May,2,2,1,2,Returning_Visitor,0,0,0.21727748691099477,Low Intent
1,6.0,0,0.0,41,634.6666667,0.012698413,0.024285714,0.0,0.0,May,2,4,7,3,Returning_Visitor,0,0,0.02480477721635278,Low Intent
0,0.0,0,0.0,5,28.25,0.08,0.093333333,0.0,0.0,Nov,2,2,1,2,Returning_Visitor,1,0,0.05405405405405406,Low Intent
1,56.5,0,0.0,16,541.875,0.0,0.0125,15.14864831,0.0,Nov,2,4,9,8,New_Visitor,0,1,0.7916666666666666,High Intent
0,0.0,0,0.0,12,315.7797619,0.016666667,0.025,0.0,0.0,Nov,1,1,9,2,Returning_Visitor,1,0,0.05405405405405406,Low Intent
0,0.0,0,0.0,2,63.5,0.0,0.1,0.0,0.0,Nov,1,1,1,3,Returning_Visitor,0,0,0.05405405405405406,Low Intent
0,0.0,0,0.0,18,473.75,0.0375,0.046666667,0.0,0.6,May,3,2,6,3,Returning_Visitor,0,0,0.0012126111560226355,Low Intent
0,0.0,2,74.0,6,83.5,0.0,0.058333333,0.0,0.4,May,2,2,1,2,Returning_Visitor,0,0,0.0012126111560226355,Low Intent
5,241.35,0,0.0,5,244.7,0.011111111,0.033333333,0.0,0.0,Nov,2,2,4,1,Returning_Visitor,1,0,0.05405405405405406,Low Intent
0,0.0,0,0.0,4,10.0,0.1,0.15,0.0,0.0,Nov,2,2,1,1,Returning_Visitor,0,0,0.05405405405405406,Low Intent
0,0.0,0,0.0,1,0.0,0.2,0.2,0.0,0.2,May,2,2,1,13,Returning_Visitor,0,0,0.0012126111560226355,Low Intent
2,40.5,1,4.0,19,472.5416667,0.0,0.005,0.0,0.0,Nov,1,1,4,2,Returning_Visitor,0,0,0.05405405405405406,Low Intent
0,0.0,0,0.0,38,586.3333333,0.010526316,0.037593985,0.0,0.4,May,2,2,3,13,Returning_Visitor,0,0,0.0012126111560226355,Low Intent
0,0.0,0,0.0,1,0.0,0.2,0.2,0.0,0.0,May,1,1,2,2,Returning_Visitor,0,0,0.0012126111560226355,Low Intent
1,51.4,0,0.0,7,562.3,0.0,0.0,36.65735004,0.0,Jul,1,1,6,2,New_Visitor,1,1,0.964,High Intent
0,0.0,0,0.0,4,66.0,0.0,0.025,0.0,0.0,May,2,2,1,4,Returning_Visitor,0,0,0.0012126111560226355,Low Intent
2,25.65,0,0.0,13,343.625,0.0,0.005128205,0.0,0.0,Dec,2,2,2,2,New_Visitor,0,0,0.02480477721635278,Low Intent
0,0.0,0,0.0,7,87.0,0.0,0.028571429,0.0,0.0,Dec,8,13,9,20,Other,0,0,0.016100178890876567,Low Intent
0,0.0,1,41.0,21,459.6666667,0.0,0.00952381,18.27428571,0.0,May,2,2,1,4,Returning_Visitor,0,1,0.7916666666666666,High Intent
0,0.0,0,0.0,94,9836.068333,0.007446809,0.028191489,0.0,0.0,Sep,2,2,1,13,Returning_Visitor,0,0,0.0012126111560226355,Low Intent
0,0.0,0,0.0,22,1664.0,0.03030303,0.032424242,0.0,0.0,Nov,1,1,1,2,Returning_Visitor,0,1,0.05405405405405406,Low Intent
13,374.875,1,53.0,88,5958.071931,0.002105263,0.00954386,0.0,0.0,Mar,2,2,3,2,Returning_Visitor,0,0,0.02480477721635278,Low Intent
0,0.0,0,0.0,1,0.0,0.2,0.2,0.0,0.0,Nov,2,2,4,11,Returning_Visitor,1,0,0.05405405405405406,Low Intent
0,0.0,0,0.0,11,292.7,0.036363636,0.090909091,0.0,0.0,June,1,1,4,3,Returning_Visitor,1,0,0.0012126111560226355,Low Intent
0,0.0,0,0.0,3,9.0,0.066666667,0.133333333,0.0,0.0,May,2,2,2,3,Returning_Visitor,1,0,0.0012126111560226355,Low Intent
0,0.0,0,0.0,26,694.3,0.023076923,0.036410256,0.0,0.0,Mar,3,2,2,3,Returning_Visitor,1,0,0.0012126111560226355,Low Intent
1,11.0,0,0.0,4,1145.0,0.05,0.1,0.0,0.2,May,2,2,3,13,Returning_Visitor,0,0,0.02480477721635278,Low Intent
4,78.5,1,32.75,50,1897.833333,0.0127,0.011746032,0.0,0.0,Dec,1,1,9,3,Returning_Visitor,1,0,0.02480477721635278,Low Intent
0,0.0,0,0.0,3,423.5,0.095454545,0.121153846,0.0,0.0,Dec,3,2,1,1,Returning_Visitor,0,0,0.016100178890876567,Low Intent
0,0.0,0,0.0,7,88.33333333,0.0,0.042857143,0.0,0.0,Mar,2,2,1,1,Returning_Visitor,0,0,0.0012126111560226355,Low Intent
0,0.0,0,0.0,10,570.5,0.0,0.02,0.0,0.6,May,2,4,1,3,Returning_Visitor,0,0,0.0012126111560226355,Low Intent
6,175.0,1,10.0,25,2877.5,0.007692308,0.037435897,0.0,0.0,May,2,2,7,1,Returning_Visitor,0,0,0.02480477721635278,Low Intent
0,0.0,0,0.0,14,811.0,0.015384615,0.041025641,0.0,0.0,Mar,2,2,8,1,Returning_Visitor,0,0,0.0012126111560226355,Low Intent
2,123.0,0,0.0,6,178.3333333,0.0,0.023809524,0.0,0.0,May,3,2,1,1,Returning_Visitor,1,0,0.02480477721635278,Low Intent
1,0.0,0,0.0,23,975.75,0.0,0.05030303,16.197,0.0,May,2,2,6,6,Returning_Visitor,1,0,0.7916666666666666,High Intent
10,228.35,0,0.0,3,28.6,0.0,0.001851852,0.0,0.0,Oct,2,2,7,5,New_Visitor,0,0,0.02480477721635278,Low Intent
0,0.0,0,0.0,5,103.5,0.0,0.04,0.0,0.0,Dec,1,1,4,2,Returning_Visitor,1,0,0.016100178890876567,Low Intent
7,53.75,5,199.0,77,2194.490404,0.0,0.010341365,44.1286184,0.0,Nov,2,2,2,2,Returning_Visitor,0,1,0.5842696629213483,Medium Intent
2,53.0,0,0.0,4,46.0,0.026666667,0.056,0.0,0.4,May,3,2,1,2,Returning_Visitor,0,0,0.02480477721635278,Low Intent
3,15.0,0,0.0,12,1138.25,0.030769231,0.048717949,0.0,0.0,Dec,1,1,1,3,Returning_Visitor,0,0,0.02480477721635278,Low Intent
14,603.9,2,52.4,46,1760.657143,0.01010929,0.0254213,2.006032937,0.0,Sep,1,1,6,4,Returning_Visitor,1,0,0.21727748691099477,Low Intent
0,0.0,0,0.0,18,650.1333333,0.05,0.07962963,0.0,0.0,Jul,2,2,3,4,Returning_Visitor,0,0,0.0012126111560226355,Low Intent
0,0.0,0,0.0,6,161.0,0.0,0.066666667,0.0,0.2,May,2,2,1,4,Returning_Visitor,0,0,0.0012126111560226355,Low Intent
0,0.0,0,0.0,5,291.2,0.18,0.186666667,0.0,0.0,Oct,3,2,8,20,Returning_Visitor,0,0,0.0012126111560226355,Low Intent
11,604.73,0,0.0,63,1276.843158,0.0,0.006712329,0.0,0.0,Jul,2,2,8,6,New_Visitor,0,1,0.128,Low Intent
0,0.0,0,0.0,11,216.0,0.018181818,0.036363636,0.0,0.0,May,2,5,1,1,Returning_Visitor,0,0,0.0012126111560226355,Low Intent
4,123.4,0,0.0,38,585.37,0.017948718,0.033333333,0.0,0.0,Jul,1,1,3,3,Returning_Visitor,1,0,0.128,Low Intent
0,0.0,0,0.0,20,1606.333333,0.01,0.034761905,0.0,0.0,Mar,2,2,2,1,Returning_Visitor,0,0,0.0012126111560226355,Low Intent
0,0.0,0,0.0,11,212.9166667,0.0,0.009090909,0.0,0.0,Nov,3,2,5,2,New_Visitor,0,0,0.11790393013100436,Low Intent
1,116.0,0,0.0,22,1245.6,0.008695652,0.030434783,27.81913043,0.0,May,1,1,3,4,Returning_Visitor,1,1,0.5756097560975609,Medium Intent
9,333.8674242,4,121.625,29,1406.917424,0.017567568,0.021302211,20.74810067,0.0,Nov,3,2,6,1,Returning_Visitor,0,0,0.39849624060150374,Medium Intent
0,0.0,0,0.0,4,214.3333333,0.0,0.05,0.0,0.0,Nov,1,1,9,3,Returning_Visitor,0,0,0.05405405405405406,Low Intent
5,115.9666667,1,0.0,9,181.3,0.0,0.016666667,0.0,0.0,Dec,1,1,1,8,New_Visitor,0,0,0.02480477721635278,Low Intent
2,59.0,1,94.0,21,1449.0,0.0,0.022727273,53.66290909,0.0,May,1,1,6,3,Returning_Visitor,0,1,0.7888446215139442,High Intent
0,0.0,0,0.0,18,410.9166667,0.105263158,0.119473684,0.0,1.0,May,3,2,4,13,Returning_Visitor,1,0,0.0012126111560226355,Low Intent
6,197.8,0,0.0,48,3332.293511,0.0,0.007847222,11.45469444,0.0,Mar,1,1,1,3,Returning_Visitor,0,0,0.2839506172839506,Low Intent
1,49.5,0,0.0,14,207.5416667,0.0,0.015384615,0.0,0.0,Dec,2,4,1,2,New_Visitor,0,0,0.02480477721635278,Low Intent
4,30.75,0,0.0,47,1477.394841,0.004166667,0.021527778,0.0,0.0,Nov,1,5,1,2,Returning_Visitor,0,0,0.05405405405405406,Low Intent
